[
    {
        "title": "Reentrancy",
        "severity": "LOW",
        "mitigation": "The function 'addLiquidity' is vulnerable to reentrancy attacks due to the transfer of ETH that occurs at the end of the function without setting a reentrancy guard. An attacker could exploit this by creating a malicious contract that calls 'addLiquidity', and then during the ETH transfer, it could re-enter 'addLiquidity' to add liquidity multiple times before any state changes take effect, potentially draining ETH or manipulating the state of the contract."
    },
    {
        "title": "Missing Input Validation",
        "severity": "INFO",
        "mitigation": "The function '_distributeReward' called within '_transfer' can lead to a swap and transfer of tokens for ETH. This transfer is not checked for reentrancy, and in the presence of a callback (e.g., a fallback function in a malicious smart contract), it could lead to reentrancy attacks. An attacker could take advantage of the reentrancy vulnerability to manipulate the state of the contract or drain funds."
    }
    ,
    {
        "title": "Reentrancy",
        "severity": "LOW",
        "mitigation": "The function 'addLiquidity' is vulnerable to reentrancy attacks because it makes an external call to 'msg.sender' using 'call{value: ethAmt}('')' within an 'unchecked' block, allowing for potentially recursive calls before the state (ETH balance) has been properly updated."
    }
    ,
    {
        "title": "Missing Input Validation",
        "severity": "INFO",
        "mitigation": "The '_transfer' function doesn't check if 'to' or 'from' addresses are the zero address, which is a basic ERC20 invariant. If either 'to' or 'from' were the zero address, it could lead to tokens being permanently lost or created out of thin air."
    }

]