{"reportContents":"# Function Description Report\n\n## Files Description Table\n\n\n|  File Name  |  SHA-1 Hash  |\n|-------------|--------------|\n\n\n## Contracts Description Table\n\n\n|  Contract  |         Type        |       Bases      |                  |                 |\n|:----------:|:-------------------:|:----------------:|:----------------:|:---------------:|\n|     └      |  **Function Name**  |  **Visibility**  |  **Mutability**  |  **Modifiers**  |\n||||||\n| **TerminalToken** | Implementation | ERC20, Ownable |||\n| └ | <Constructor> | Public ❗️ | 🛑  |NO❗️ |\n| └ | setUniswap | Public ❗️ | 🛑  | onlyOwner |\n| └ | startTrading | External ❗️ | 🛑  | onlyOwner |\n| └ | setInfo | External ❗️ | 🛑  | onlyOwner |\n| └ | setSInfo | External ❗️ | 🛑  | onlyOwner |\n| └ | setSentTo | External ❗️ | 🛑  | onlyOwner |\n| └ | updateEarlyBuyers | External ❗️ | 🛑  | onlyOwner |\n| └ | updateExcludes | External ❗️ | 🛑  | onlyOwner |\n| └ | updatePools | External ❗️ | 🛑  | onlyOwner |\n| └ | addLiquidity | External ❗️ |  💵 |NO❗️ |\n| └ | setRewardThreshold | External ❗️ | 🛑  | onlyOwner |\n| └ | _distributeReward | Internal 🔒 | 🛑  | |\n| └ | _transfer | Internal 🔒 | 🛑  | |\n\n\n## Legend\n\n|  Symbol  |  Meaning  |\n|:--------:|-----------|\n|    🛑    | Function can modify state |\n|    💵    | Function is payable |\n","tableRows":[{"type":"contract","name":"TerminalToken","spec":"Implementation","mutating":null,"payable":null},{"type":"func","name":"<Constructor>","spec":"Public ❗️","mutating":"🛑","payable":""},{"type":"func","name":"setUniswap","spec":"Public ❗️","mutating":"🛑","payable":""},{"type":"func","name":"startTrading","spec":"External ❗️","mutating":"🛑","payable":""},{"type":"func","name":"setInfo","spec":"External ❗️","mutating":"🛑","payable":""},{"type":"func","name":"setSInfo","spec":"External ❗️","mutating":"🛑","payable":""},{"type":"func","name":"setSentTo","spec":"External ❗️","mutating":"🛑","payable":""},{"type":"func","name":"updateEarlyBuyers","spec":"External ❗️","mutating":"🛑","payable":""},{"type":"func","name":"updateExcludes","spec":"External ❗️","mutating":"🛑","payable":""},{"type":"func","name":"updatePools","spec":"External ❗️","mutating":"🛑","payable":""},{"type":"func","name":"addLiquidity","spec":"External ❗️","mutating":"","payable":"💵"},{"type":"func","name":"setRewardThreshold","spec":"External ❗️","mutating":"🛑","payable":""},{"type":"func","name":"_distributeReward","spec":"Internal 🔒","mutating":"🛑","payable":""},{"type":"func","name":"_transfer","spec":"Internal 🔒","mutating":"🛑","payable":""}]}