{"data":{"tokens":[{"address":"0x1e241521f4767853b376c2fe795a222a07d588ee","decimals":18,"id":"0x1e241521f4767853b376c2fe795a222a07d588ee:1","name":"Uni Terminal","networkId":1,"symbol":"UNIT","imageLargeUrl":"https://token-media.defined.fi/1_0x1e241521f4767853b376c2fe795a222a07d588ee_large_fe6af01d-4f32-4ffa-848c-a4cf3a1dd72c.png","imageSmallUrl":"https://token-media.defined.fi/1_0x1e241521f4767853b376c2fe795a222a07d588ee_small_fe6af01d-4f32-4ffa-848c-a4cf3a1dd72c.png","imageThumbUrl":"https://token-media.defined.fi/1_0x1e241521f4767853b376c2fe795a222a07d588ee_thumb_fe6af01d-4f32-4ffa-848c-a4cf3a1dd72c.png","explorerData":{"id":"0x1e241521f4767853b376c2fe795a222a07d588ee:1","blueCheckmark":true,"description":"Uni Terminal is a straightforward Chrome extension tool for traders to do trading, scanning, sniping, charting, gamefi and perps.","divisor":"18","tokenPriceUSD":"7.230000000000000000","tokenType":"ERC20","__typename":"ExplorerTokenData"},"info":{"address":"0x1e241521f4767853b376c2fe795a222a07d588ee","circulatingSupply":"1000000","id":"0x1e241521f4767853b376c2fe795a222a07d588ee:1","imageLargeUrl":"https://token-media.defined.fi/1_0x1e241521f4767853b376c2fe795a222a07d588ee_large_fe6af01d-4f32-4ffa-848c-a4cf3a1dd72c.png","imageSmallUrl":"https://token-media.defined.fi/1_0x1e241521f4767853b376c2fe795a222a07d588ee_small_fe6af01d-4f32-4ffa-848c-a4cf3a1dd72c.png","imageThumbUrl":"https://token-media.defined.fi/1_0x1e241521f4767853b376c2fe795a222a07d588ee_thumb_fe6af01d-4f32-4ffa-848c-a4cf3a1dd72c.png","isScam":null,"name":"Uni Terminal","networkId":1,"symbol":"UNIT","totalSupply":"10000000","__typename":"TokenInfo"},"socialLinks":{"bitcointalk":"","blog":"https://medium.com/uni-terminal","coingecko":null,"coinmarketcap":"https://coinmarketcap.com/dexscan/ethereum/0x80f5666a6fe5c51739dc99b55463d5b098ffc10a/","discord":"https://discord.gg/uniterminal","email":"contact@uniterminal.xyz","facebook":"","github":"","instagram":null,"linkedin":"","reddit":"","slack":"","telegram":"https://t.me/uniterminalportal","twitch":null,"twitter":"https://x.com/UniTerminalExt?s=20","website":"https://uniterminal.xyz/","wechat":"","whitepaper":"https://uni-terminal.gitbook.io/uni-terminal-gitbook/","youtube":null,"__typename":"SocialLinks"},"__typename":"EnhancedToken"}]}}