{
    "time": 1702633813414,
    "data": {
        "code": 1,
        "message": "OK",
        "result": {
            "0x1e241521f4767853b376c2fe795a222a07d588ee": {
                "anti_whale_modifiable": "1",
                "buy_tax": "0.05",
                "can_take_back_ownership": "0",
                "cannot_buy": "0",
                "cannot_sell_all": "0",
                "creator_address": "0x473d76ca647082e8cf2cdd9bde572260f20afca3",
                "creator_balance": "0",
                "creator_percent": "0.000000",
                "dex": [
                    {
                        "liquidity_type": "UniV2",
                        "name": "UniswapV2",
                        "liquidity": "376022.08002025",
                        "pair": "0x80f5666a6fe5c51739dc99b55463d5b098ffc10a"
                    },
                    {
                        "liquidity_type": "UniV3",
                        "name": "UniswapV3",
                        "liquidity": "3565.50721786",
                        "pair": "0x7d6c2a780ca8b5864ea726ebc400938049d3477e"
                    }
                ],
                "external_call": "0",
                "hidden_owner": "0",
                "holder_count": "1497",
                "holders": [
                    {
                        "address": "0xe2fe530c047f2d85298b07d9333c05737f1435fb",
                        "tag": "TeamFinance",
                        "is_contract": 1,
                        "balance": "6600000",
                        "percent": "0.660000000000000000",
                        "is_locked": 1
                    },
                    {
                        "address": "0x000000000000000000000000000000000000dead",
                        "tag": "",
                        "is_contract": 0,
                        "balance": "1847777.017989780433831933",
                        "percent": "0.184777701798978043",
                        "is_locked": 1
                    },
                    {
                        "address": "0x308cedb2017f3afe28d33de57c1861aca7fb3572",
                        "tag": "",
                        "is_contract": 0,
                        "balance": "279765",
                        "percent": "0.027976500000000000",
                        "is_locked": 0
                    },
                    {
                        "address": "0x87998a82264d31bc84bfced914dad797254bd2f2",
                        "tag": "",
                        "is_contract": 0,
                        "balance": "220000",
                        "percent": "0.022000000000000000",
                        "is_locked": 0
                    },
                    {
                        "address": "0x80f5666a6fe5c51739dc99b55463d5b098ffc10a",
                        "tag": "UniswapV2",
                        "is_contract": 1,
                        "balance": "66278.336214254906797332",
                        "percent": "0.006627833621425490",
                        "is_locked": 0
                    },
                    {
                        "address": "0x37cd9fc943073bb333a6e36c16278ef57bf38d16",
                        "tag": "",
                        "is_contract": 0,
                        "balance": "59245",
                        "percent": "0.005924500000000000",
                        "is_locked": 0
                    },
                    {
                        "address": "0xc2628fac417df99edb48222384d55c85a9071368",
                        "tag": "",
                        "is_contract": 0,
                        "balance": "47054.232312271079836847",
                        "percent": "0.004705423231227107",
                        "is_locked": 0
                    },
                    {
                        "address": "0xb10daee1fcf62243ae27776d7a92d39dc8740f95",
                        "tag": "",
                        "is_contract": 1,
                        "balance": "32000",
                        "percent": "0.003200000000000000",
                        "is_locked": 0
                    },
                    {
                        "address": "0x8e9e818a06b72579631b3bb1fa13a7eb25b19c8d",
                        "tag": "",
                        "is_contract": 0,
                        "balance": "22814.455775097517678744",
                        "percent": "0.002281445577509751",
                        "is_locked": 0
                    },
                    {
                        "address": "0x1be0f4ccf6f96255c63c234cfde6eabf16c62d90",
                        "tag": "",
                        "is_contract": 0,
                        "balance": "18909.782025373014575286",
                        "percent": "0.001890978202537301",
                        "is_locked": 0
                    }
                ],
                "honeypot_with_same_creator": "0",
                "is_anti_whale": "1",
                "is_blacklisted": "0",
                "is_honeypot": "0",
                "is_in_dex": "1",
                "is_mintable": "0",
                "is_open_source": "1",
                "is_proxy": "0",
                "is_whitelisted": "0",
                "lp_holder_count": "2",
                "lp_holders": [
                    {
                        "address": "0xe2fe530c047f2d85298b07d9333c05737f1435fb",
                        "tag": "TeamFinance",
                        "value": null,
                        "is_contract": 1,
                        "balance": "3162.277660168379330998",
                        "percent": "0.999999999999999999",
                        "NFT_list": null,
                        "is_locked": 1
                    },
                    {
                        "address": "0x0000000000000000000000000000000000000000",
                        "tag": "Null Address",
                        "value": null,
                        "is_contract": 0,
                        "balance": "0.000000000000001",
                        "percent": "0.000000000000000000",
                        "NFT_list": null,
                        "is_locked": 1
                    }
                ],
                "lp_total_supply": "3162.277660168379331998",
                "owner_address": "0x473d76ca647082e8cf2cdd9bde572260f20afca3",
                "owner_balance": "0",
                "owner_change_balance": "0",
                "owner_percent": "0.000000",
                "personal_slippage_modifiable": "0",
                "selfdestruct": "0",
                "sell_tax": "0.05",
                "slippage_modifiable": "0",
                "token_name": "Uni Terminal",
                "token_symbol": "UNIT",
                "total_supply": "10000000",
                "trading_cooldown": "0",
                "transfer_pausable": "0"
            }
        }
    }
}