{"text":"The audit for Uni Terminal (UNIT) has been concluded, revealing several noteworthy attributes. The token shows signs of healthy traction with over 1497 holders, and an impressive feature of it is the anti-whale measures in place, promoting fair trading. It is also listed on a decentralized exchange, a standard feature in the crypto space, and the token is non-mintable, preserving its scarcity and potentially the value over time. \n\nHowever, there are a few areas that warrant a closer look. One is the buy and sell tax; both are at 5%, which is somewhat elevated compared to the average. While this could contribute to stability or liquidity, it might also dissuade some traders. Furthermore, it's worth noting that the token does not have any blacklisting features, which ensures free, unrestricted trading. \n\nNo high severity issues were found during the audit, which is a massive positive, indicating that no immediate, significant risks to the contract's operation and function. However, there are two medium severity issues that have been discovered. Although these do not pose an immediate critical threat, it's recommended to address these issues to bolster the overall security and confidence in the contract. \n\nOn the whole, UNIT showcases promising characteristics especially around broad adoption and the implementation of anti-whale measures. Nonetheless, like with any investment, potential traders and stakeholders should heed the findings of this audit, particularly the noted medium severity issues, to make informed decisions. The findings undeniably call for a careful review of the contract and key aspects of this token trade.","table":{"token_name":"Uni Terminal","token_symbol":"UNIT","is_honeypot":"0","blacklisted":"0","external_functions":2,"internal_functions":2,"private_functions":0,"view_functions":20,"pure_functions":0,"payable_functions":0,"total_functions":13,"number_of_medium_severity_issues":2,"number_of_high_severity_issues":0,"number_of_low_severity_issues":0,"is_antiwhale":"1","buy_tax":"0.05","holder_count":"1497","is_mintable":"0","is_in_dex":"1","is_open_source":"1","lp_holder_count":"2","total_supply":"10000000","sell_tax":"0.05"}}