[{"type":"contract","name":"TerminalToken","bases":"(ERC20, Ownable)","specs":"","line":9,"functions":[{"type":"func","name":"<Constructor>","spec":"[Pub]","payable":"","modifiers":"","line":34},{"type":"func","name":"setUniswap","spec":"[Pub]","payable":"","modifiers":"onlyOwner","line":46},{"type":"func","name":"startTrading","spec":"[Ext]","payable":"","modifiers":"onlyOwner","line":53},{"type":"func","name":"setInfo","spec":"[Ext]","payable":"","modifiers":"onlyOwner","line":58},{"type":"func","name":"setSInfo","spec":"[Ext]","payable":"","modifiers":"onlyOwner","line":70},{"type":"func","name":"setSentTo","spec":"[Ext]","payable":"","modifiers":"onlyOwner","line":75},{"type":"func","name":"updateEarlyBuyers","spec":"[Ext]","payable":"","modifiers":"onlyOwner","line":79},{"type":"func","name":"updateExcludes","spec":"[Ext]","payable":"","modifiers":"onlyOwner","line":90},{"type":"func","name":"updatePools","spec":"[Ext]","payable":"","modifiers":"onlyOwner","line":101},{"type":"func","name":"addLiquidity","spec":"[Ext]","payable":" ($)","modifiers":"","line":112},{"type":"func","name":"setRewardThreshold","spec":"[Ext]","payable":"","modifiers":"onlyOwner","line":150},{"type":"func","name":"_distributeReward","spec":"[Int]","payable":"","modifiers":"","line":155},{"type":"func","name":"_transfer","spec":"[Int]","payable":"","modifiers":"","line":179}]}]