{"data":{"tokens":[{"address":"0x14fee680690900ba0cccfc76ad70fd1b95d10e16","decimals":9,"id":"0x14fee680690900ba0cccfc76ad70fd1b95d10e16:1","name":"PAAL AI","networkId":1,"symbol":"$PAAL","imageLargeUrl":"https://token-media.defined.fi/1_0x14fee680690900ba0cccfc76ad70fd1b95d10e16_large.png","imageSmallUrl":"https://token-media.defined.fi/1_0x14fee680690900ba0cccfc76ad70fd1b95d10e16_small.png","imageThumbUrl":"https://token-media.defined.fi/1_0x14fee680690900ba0cccfc76ad70fd1b95d10e16_thumb.png","explorerData":{"id":"0x14fee680690900ba0cccfc76ad70fd1b95d10e16:1","blueCheckmark":true,"description":"Paal is an advanced chatbot built on AI and ML technologies, designed to streamline tasks that typically require human intellect, such as natural language understanding, image recognition, decision-making, and problem-solving.","divisor":"9","tokenPriceUSD":"0.159244000000000000","tokenType":"ERC20","__typename":"ExplorerTokenData"},"info":{"address":"0x14fee680690900ba0cccfc76ad70fd1b95d10e16","circulatingSupply":"650945444","id":"0x14fee680690900ba0cccfc76ad70fd1b95d10e16:1","imageLargeUrl":"https://token-media.defined.fi/1_0x14fee680690900ba0cccfc76ad70fd1b95d10e16_large.png","imageSmallUrl":"https://token-media.defined.fi/1_0x14fee680690900ba0cccfc76ad70fd1b95d10e16_small.png","imageThumbUrl":"https://token-media.defined.fi/1_0x14fee680690900ba0cccfc76ad70fd1b95d10e16_thumb.png","isScam":null,"name":"PAAL AI","networkId":1,"symbol":"$PAAL","totalSupply":"1000000000","__typename":"TokenInfo"},"socialLinks":{"bitcointalk":"","blog":"https://medium.com/@admin_42570","coingecko":null,"coinmarketcap":null,"discord":"https://discord.com/invite/paalai","email":"admin@paalai.io","facebook":"","github":"https://github.com/paal-ai","instagram":null,"linkedin":"","reddit":"","slack":"","telegram":"https://t.me/paal_ai","twitch":null,"twitter":"https://twitter.com/PaalMind","website":"https://paalai.io/","wechat":"","whitepaper":"https://docs.paalai.io/","youtube":null,"__typename":"SocialLinks"},"__typename":"EnhancedToken"}]}}