{"time":1702630748546,"data":{"code":1,"message":"OK","result":{"0x14fee680690900ba0cccfc76ad70fd1b95d10e16":{"anti_whale_modifiable":"0","buy_tax":"0.04","can_take_back_ownership":"0","cannot_buy":"0","cannot_sell_all":"0","creator_address":"0x28e481358d7b7aeb813fb55e5378f4ef0544c5fd","creator_balance":"0","creator_percent":"0.000000","dex":[{"liquidity_type":"UniV2","name":"UniswapV2","liquidity":"2056237.59492414","pair":"0x2a6c340bcbb0a79d3deecd3bc5cbc2605ea9259f"},{"liquidity_type":"UniV3","name":"UniswapV3","liquidity":"4956.43455878","pair":"0x49bd1fa4c7286c2754ec7607f6f2e835f3ca6ddd"}],"external_call":"0","hidden_owner":"0","holder_count":"16258","holders":[{"address":"0x8431060c8e72793afada261e9dd0ab950e80894f","tag":"","is_contract":1,"balance":"367253075.375565789","percent":"0.367253075375565789","is_locked":0},{"address":"0xdba68f07d1b7ca219f78ae8582c213d975c25caf","tag":"Unicrypt: Token Vesting","is_contract":1,"balance":"200000100","percent":"0.200000100000000000","is_locked":1,"locked_detail":[{"amount":"200000000","end_time":"2024-01-31T17:00:00+00:00","opt_time":""},{"amount":"100","end_time":"2025-11-05T19:07:00+00:00","opt_time":"2023-10-15T06:19:26+00:00"}]},{"address":"0x163ad6ac78ffe40e194310faeada8f6615942d7b","tag":"","is_contract":1,"balance":"42176152.913090847","percent":"0.042176152913090847","is_locked":0},{"address":"0x3b83dec3b2307c43c5c01879f41d25fcc8af0054","tag":"","is_contract":1,"balance":"23916351.158776744","percent":"0.023916351158776744","is_locked":0},{"address":"0x281a0c39195ba5fe720d142274e25c23384a5f06","tag":"","is_contract":0,"balance":"22613063.075812058","percent":"0.022613063075812058","is_locked":0},{"address":"0x3ef0f66b61ba57304f1bb2349c23b1fda39b40d1","tag":"","is_contract":1,"balance":"16082186.597019753","percent":"0.016082186597019753","is_locked":0},{"address":"0xc882b111a75c0c657fc507c04fbfcd2cc984f071","tag":"","is_contract":0,"balance":"11500026.429610913","percent":"0.011500026429610913","is_locked":0},{"address":"0x2a6c340bcbb0a79d3deecd3bc5cbc2605ea9259f","tag":"UniswapV2","is_contract":1,"balance":"10388453.980525674","percent":"0.010388453980525674","is_locked":0},{"address":"0xf8f2921045e531dc09244a1d78c3e9fedfd28b50","tag":"","is_contract":1,"balance":"10317000","percent":"0.010317000000000000","is_locked":0},{"address":"0x85e253162c7e97275b703980f6b6fa8c0469d624","tag":"","is_contract":1,"balance":"10211724.833174669","percent":"0.010211724833174669","is_locked":0}],"honeypot_with_same_creator":"0","is_anti_whale":"0","is_blacklisted":"0","is_honeypot":"0","is_in_dex":"1","is_mintable":"0","is_open_source":"1","is_proxy":"0","is_whitelisted":"1","lp_holder_count":"6","lp_holders":[{"address":"0x663a5c229c09b049e36dcc11a9b0d4a8eb9db214","tag":"UniCrypt","value":null,"is_contract":1,"balance":"2.212509269350073404","percent":"0.851685812745618735","NFT_list":null,"is_locked":1,"locked_detail":[{"amount":"2.212509269350073404","end_time":"2024-06-01T16:00:00+00:00","opt_time":"2023-07-27T01:40:59+00:00"}]},{"address":"0x54821d1b461aa887d37c449f3ace8ddddfcb8c0a","tag":"","value":null,"is_contract":0,"balance":"0.263624095112775092","percent":"0.101479756408616784","NFT_list":null,"is_locked":0},{"address":"0x281a0c39195ba5fe720d142274e25c23384a5f06","tag":"","value":null,"is_contract":0,"balance":"0.099317898549129041","percent":"0.038231543848333603","NFT_list":null,"is_locked":0},{"address":"0xffec27c5e22d8c9d36908fcd02623feb78d04967","tag":"","value":null,"is_contract":0,"balance":"0.0134088","percent":"0.005161598590408668","NFT_list":null,"is_locked":0},{"address":"0x04bda42de3bc32abb00df46004204424d4cf8287","tag":"","value":null,"is_contract":0,"balance":"0.008939778478283569","percent":"0.003441288407021823","NFT_list":null,"is_locked":0},{"address":"0x0000000000000000000000000000000000000000","tag":"Null Address","value":null,"is_contract":0,"balance":"0.000000000000001","percent":"0.000000000000000384","NFT_list":null,"is_locked":1}],"lp_total_supply":"2.597799841490262106","owner_address":"0x281a0c39195ba5fe720d142274e25c23384a5f06","owner_balance":"22613063.075812058","owner_change_balance":"0","owner_percent":"0.022613","personal_slippage_modifiable":"0","selfdestruct":"0","sell_tax":"0.04","slippage_modifiable":"1","token_name":"PAAL AI","token_symbol":"$PAAL","total_supply":"1000000000","trading_cooldown":"0","transfer_pausable":"0"}}}}