{"text":"The audit for the PAAL AI token, symbolized as $PAAL, has been concluded with some key findings that require attention. This token operates within the standard norms with a 4% sell tax and a 4% buy tax, making it align with typical market expectations. Notably, the fact that the token is not a honeypot is something that aligns it with regular token operations, maintaining integrity in its trading arena. \n\nDespite these conformities, the lack of antiwhale measures in the $PAAL token protocols is cause for concern. This lack of restrictions potentially allows for large holders to manipulate market prices, which can be detrimental for smaller investors.  Conversely, the token's non-mintable feature is a positive aspect as it helps protect the token's value by maintaining scarcity. \n\nAnother noteworthy point is the absence of a blacklisting feature, which ensures fair and unrestricted trading for all investors. In terms of distribution and adoption, the $PAAL token is listed in a decentralized exchange and with over 16258 holders, and more than 6 liquidity pool holders, indicating a healthy adoption rate and ownership diversity.\n\nHowever, the audit has unveiled some serious security issues. One high severity issue has been identified that demands immediate rectification, along with a medium severity issue that warrants re-evaluation and consideration. Though no low-severity issues were found, these findings imply that the existing codebase requires enhanced scrutiny for the sake of improving security and cementing trustworthiness. \n\nTo sum up, while the $PAAL token has lined up with standard crypto norms in many ways, the audit's findings highlight the urgent need for certain security enhancements. A careful review and necessary modifications to the current system can boost its security and promote a higher level of trust among its users.","table":{"token_name":"PAAL AI","token_symbol":"$PAAL","is_honeypot":"0","blacklisted":"0","external_functions":7,"internal_functions":7,"private_functions":0,"view_functions":25,"pure_functions":0,"payable_functions":0,"total_functions":72,"number_of_medium_severity_issues":1,"number_of_high_severity_issues":1,"number_of_low_severity_issues":0,"is_antiwhale":"0","buy_tax":"0.04","holder_count":"16258","is_mintable":"0","is_in_dex":"1","is_open_source":"1","lp_holder_count":"6","total_supply":"1000000000","sell_tax":"0.04"}}