[{"type":"contract","name":"IERC20","bases":"","specs":"[Int]","line":4,"functions":[{"type":"func","name":"totalSupply","spec":"[Ext]","payable":"","modifiers":"","line":5},{"type":"func","name":"decimals","spec":"[Ext]","payable":"","modifiers":"","line":6},{"type":"func","name":"symbol","spec":"[Ext]","payable":"","modifiers":"","line":7},{"type":"func","name":"name","spec":"[Ext]","payable":"","modifiers":"","line":8},{"type":"func","name":"getOwner","spec":"[Ext]","payable":"","modifiers":"","line":9},{"type":"func","name":"balanceOf","spec":"[Ext]","payable":"","modifiers":"","line":10},{"type":"func","name":"transfer","spec":"[Ext]","payable":"","modifiers":"","line":11},{"type":"func","name":"allowance","spec":"[Ext]","payable":"","modifiers":"","line":12},{"type":"func","name":"approve","spec":"[Ext]","payable":"","modifiers":"","line":13},{"type":"func","name":"transferFrom","spec":"[Ext]","payable":"","modifiers":"","line":14}]},{"type":"contract","name":"IFactoryV2","bases":"","specs":"[Int]","line":19,"functions":[{"type":"func","name":"getPair","spec":"[Ext]","payable":"","modifiers":"","line":21},{"type":"func","name":"createPair","spec":"[Ext]","payable":"","modifiers":"","line":22}]},{"type":"contract","name":"IV2Pair","bases":"","specs":"[Int]","line":25,"functions":[{"type":"func","name":"factory","spec":"[Ext]","payable":"","modifiers":"","line":26},{"type":"func","name":"getReserves","spec":"[Ext]","payable":"","modifiers":"","line":27},{"type":"func","name":"sync","spec":"[Ext]","payable":"","modifiers":"","line":28}]},{"type":"contract","name":"IRouter01","bases":"","specs":"[Int]","line":31,"functions":[{"type":"func","name":"factory","spec":"[Ext]","payable":"","modifiers":"","line":32},{"type":"func","name":"WETH","spec":"[Ext]","payable":"","modifiers":"","line":33},{"type":"func","name":"addLiquidityETH","spec":"[Ext]","payable":" ($)","modifiers":"","line":34},{"type":"func","name":"addLiquidity","spec":"[Ext]","payable":"","modifiers":"","line":42},{"type":"func","name":"swapExactETHForTokens","spec":"[Ext]","payable":" ($)","modifiers":"","line":52},{"type":"func","name":"getAmountsOut","spec":"[Ext]","payable":"","modifiers":"","line":57},{"type":"func","name":"getAmountsIn","spec":"[Ext]","payable":"","modifiers":"","line":58}]},{"type":"contract","name":"IRouter02","bases":"(IRouter01)","specs":"[Int]","line":61,"functions":[{"type":"func","name":"swapExactTokensForETHSupportingFeeOnTransferTokens","spec":"[Ext]","payable":"","modifiers":"","line":62},{"type":"func","name":"swapExactETHForTokensSupportingFeeOnTransferTokens","spec":"[Ext]","payable":" ($)","modifiers":"","line":69},{"type":"func","name":"swapExactTokensForTokensSupportingFeeOnTransferTokens","spec":"[Ext]","payable":"","modifiers":"","line":75},{"type":"func","name":"swapExactTokensForTokens","spec":"[Ext]","payable":"","modifiers":"","line":82}]},{"type":"contract","name":"Initializer","bases":"","specs":"[Int]","line":91,"functions":[{"type":"func","name":"setLaunch","spec":"[Ext]","payable":"","modifiers":"","line":92},{"type":"func","name":"getConfig","spec":"[Ext]","payable":"","modifiers":"","line":93},{"type":"func","name":"getInits","spec":"[Ext]","payable":"","modifiers":"","line":94},{"type":"func","name":"setLpPair","spec":"[Ext]","payable":"","modifiers":"","line":95}]},{"type":"contract","name":"PAALAI","bases":"(IERC20)","specs":"","line":98,"functions":[{"type":"func","name":"<Constructor>","spec":"[Pub]","payable":" ($)","modifiers":"","line":184},{"type":"func","name":"transferOwner","spec":"[Ext]","payable":"","modifiers":"onlyOwner","line":212},{"type":"func","name":"renounceOwnership","spec":"[Ext]","payable":"","modifiers":"onlyOwner","line":228},{"type":"func","name":"<Receive Ether>","spec":"[Ext]","payable":" ($)","modifiers":"","line":240},{"type":"func","name":"totalSupply","spec":"[Ext]","payable":"","modifiers":"","line":241},{"type":"func","name":"decimals","spec":"[Ext]","payable":"","modifiers":"","line":242},{"type":"func","name":"symbol","spec":"[Ext]","payable":"","modifiers":"","line":243},{"type":"func","name":"name","spec":"[Ext]","payable":"","modifiers":"","line":244},{"type":"func","name":"getOwner","spec":"[Ext]","payable":"","modifiers":"","line":245},{"type":"func","name":"allowance","spec":"[Ext]","payable":"","modifiers":"","line":246},{"type":"func","name":"balanceOf","spec":"[Pub]","payable":"","modifiers":"","line":247},{"type":"func","name":"transfer","spec":"[Pub]","payable":"","modifiers":"","line":251},{"type":"func","name":"approve","spec":"[Ext]","payable":"","modifiers":"","line":256},{"type":"func","name":"_approve","spec":"[Int]","payable":"","modifiers":"","line":261},{"type":"func","name":"approveContractContingency","spec":"[Ext]","payable":"","modifiers":"onlyOwner","line":269},{"type":"func","name":"transferFrom","spec":"[Ext]","payable":"","modifiers":"","line":274},{"type":"func","name":"setNewRouter","spec":"[Ext]","payable":"","modifiers":"onlyOwner","line":282},{"type":"func","name":"setLpPair","spec":"[Ext]","payable":"","modifiers":"onlyOwner","line":298},{"type":"func","name":"setInitializer","spec":"[Pub]","payable":"","modifiers":"onlyOwner","line":313},{"type":"func","name":"isExcludedFromFees","spec":"[Ext]","payable":"","modifiers":"","line":324},{"type":"func","name":"setExcludedFromFees","spec":"[Pub]","payable":"","modifiers":"onlyOwner","line":328},{"type":"func","name":"isExcludedFromProtection","spec":"[Ext]","payable":"","modifiers":"","line":332},{"type":"func","name":"setExcludedFromProtection","spec":"[Ext]","payable":"","modifiers":"onlyOwner","line":336},{"type":"func","name":"getCirculatingSupply","spec":"[Pub]","payable":"","modifiers":"","line":340},{"type":"func","name":"lockTaxes","spec":"[Ext]","payable":"","modifiers":"onlyOwner","line":344},{"type":"func","name":"setTaxes","spec":"[Ext]","payable":"","modifiers":"onlyOwner","line":349},{"type":"func","name":"setRatios","spec":"[Ext]","payable":"","modifiers":"onlyOwner","line":360},{"type":"func","name":"setWallets","spec":"[Ext]","payable":"","modifiers":"onlyOwner","line":370},{"type":"func","name":"getTokenAmountAtPriceImpact","spec":"[Ext]","payable":"","modifiers":"","line":378},{"type":"func","name":"setSwapSettings","spec":"[Ext]","payable":"","modifiers":"onlyOwner","line":382},{"type":"func","name":"setPriceImpactSwapAmount","spec":"[Ext]","payable":"","modifiers":"onlyOwner","line":391},{"type":"func","name":"setContractSwapEnabled","spec":"[Ext]","payable":"","modifiers":"onlyOwner","line":396},{"type":"func","name":"_hasLimits","spec":"[Int]","payable":"","modifiers":"","line":402},{"type":"func","name":"_transfer","spec":"[Int]","payable":"","modifiers":"","line":415},{"type":"func","name":"contractSwap","spec":"[Int]","payable":"","modifiers":"inSwapFlag","line":455},{"type":"func","name":"_checkLiquidityAdd","spec":"[Int]","payable":"","modifiers":"","line":499},{"type":"func","name":"enableTrading","spec":"[Pub]","payable":"","modifiers":"onlyOwner","line":513},{"type":"func","name":"sweepContingency","spec":"[Ext]","payable":"","modifiers":"onlyOwner","line":528},{"type":"func","name":"sweepExternalTokens","spec":"[Ext]","payable":"","modifiers":"onlyOwner","line":533},{"type":"func","name":"multiSendTokens","spec":"[Ext]","payable":"","modifiers":"onlyOwner","line":541},{"type":"func","name":"finalizeTransfer","spec":"[Int]","payable":"","modifiers":"","line":549},{"type":"func","name":"takeTaxes","spec":"[Int]","payable":"","modifiers":"","line":567}]}]