[{"title":"Wrong use of `indexed` keyword for `address` event fields will cause problems to retrieve the events","severity":"MEDIUM","mitigation":"Mark the `address` fields as `indexed`: `indexed(address) usr`."},{"title":"Reentrancy vulnerabilities in WETH and ERC721Holder: wrong spots to put checks in codebase ceilv3","severity":"MEDIUM","mitigation":"Put the reentrancy checks in the fallback functions and remove the pre-compiles-fixes from the WETH contract proposed by the os-reps in, if not want to invest a major ressource to fix all cases"},{"title":"Include the signature of the function in the SelectorLoggerFallback fallback entrypoint","severity":"MEDIUM","mitigation":"Ensure the function selector is included in the call."},{"title":"Extraneous stack slot write in default case of switch statement.","severity":"MEDIUM","mitigation":"Add two more break statements at the beginning and end of the default case, moving two writes from the original statement to the locations of the two new breaks."},{"title":"`PipAndDartAuctionRoot` doesn’t have any stability controls (`IlkRoot.mom` or `Vat.mom`)","severity":"MEDIUM","mitigation":"Consider giving `PipAndDartAuctionRoot` a `mom` where the stability of the collateral can be controlled."},{"title":"BlackHat can disallow denyDaiJoinIssuer and borrow unlimited Lend for free","severity":"MEDIUM","mitigation":"add line `wards[denyDaiJoinIssuer] = 0;` in Dai.sol `constructor()`."},{"title":"Uniswap pools of previously uninitialized or untrusted assets of this chain might be at risk by oracles spending too far in their future due to contract naming differences","severity":"MEDIUM","mitigation":"Consider making the name of the assets on L2 just the same as their L1 counterparts, except for the prefix, e.g., `L2:Token/ETH`, `Token/DAI`. Then, whenever Chainlink VRF does not support assets on an L2 you support and you would normally consider unsafe without their support, just deploy your own SLA with the same function name they would have used for your asset, and fund it with DAI. (A safer alternative would be to fund them with a volatile or negative-yield stablecoin for the demonstration, and with real staked chainlink for the production, but consider the approval you will have to do as the code maintainer to fund the contract before doing it.) That way Chainlink oracles of the L1 that checks a token balance of a random address etc., and was not assigned the L2 asset on the BridgeNetwork as the default SLA to check, will still see the assets from either the L1 or L2 asset, as long as they were bridged, and their asset name had a `Token/` prefix added to it."},{"title":"DelegateCall proxies are missing initialisation of variables","severity":"MEDIUM","mitigation":"Initialise all variables in master copy contracts rather than relying on the default values."},{"title":"Implementation of add function in DSMath has overflow bug","severity":"MEDIUM","mitigation":"Either wrapper your code with SafeMath.sol or better yet replace the unsafe **add** function with the following:\n\n```solidity\n\tfunction add(uint x, uint y) internal pure returns (uint z) {\n        z = x + y;\n        require(z >= x && z>= y);\n    }\n```"},{"title":"Uniswap v3 Core Staker struct state can be corrupted by SSTORE poisoning","severity":"MEDIUM","mitigation":"Change Staker’s User struct users fields data type from address to bytes32 to rule out SSTORE poisoning attack."},{"title":"Messages are signed in an EIP-712 implementation for which the packet recipient hash is missing","severity":"MEDIUM","mitigation":"Please set `EIP712_TYPEHASH` domain separator variable at contract construction correctly:\n\n    DOMAIN_SEPARATOR = keccak256( abi.encode(\n        keccak256(\"EIP712Domain(string name,address verifyingContract)\"),\n        keccak256(DOMAIN_NAME),\n        keccak256(address(this))\n    ));"},{"title":"Missing DOMAIN_SEPARATOR changes for some relevant state variable value changes leads to some potential attack","severity":"MEDIUM","mitigation":"To secure the protocol from mentioned attack, implementing EIP3009 standard is not enough and mentioned issues could still be a problem. To fix provided issue, one solution could be:\n- A domain separator slot should be dedicated to each dynamic variable in the contract\n- Decimal values of FLOAT variables must be changed, not only the int2float values\n- At every state change of a relevant variable, update that variable’s DOMAIN_SEPARATOR slot hash\n\n#"},{"title":"Reentrancy while burning unaddressed power back to Governor.Alpha fails for both Governor and Exec","severity":"MEDIUM","mitigation":"Before transfering power to or from the Governor, use the validateMaxXXXX functions in Alpha to pull out or add power."},{"title":"ERC20.transferFrom() race condition","severity":"MEDIUM","mitigation":"Either use the ERC777 standard instead, or make the `transferFrom()` function check for the new balance after transferring the DAI, and subtract that from the allowance."},{"title":"DENYLISTED users are still tradable even though their balances can't be transferred","severity":"MEDIUM","mitigation":"Include logic in ERC20 transfer and transferFrom functions that checks if msg.sender and/or dst is in the denyList. If true, revert.\n\n```solidity\nfunction transfer(address dst, uint wad) external notInDenyList(msg.sender) notInDenyList(dst) returns (bool) {\n    _transfer(dst, wad);\n    emit Transfer(msg.sender, dst, wad);\n    return true;\n}\n\nfunction transferFrom(address src, address dst, uint wad) external notInDenyList(src) notInDenyList(msg.sender) notInDenyList(dst) returns (bool) {\n    if (src != msg.sender && allowance[src][msg.sender] != uint(-1)) {\n        require(allowance[src][msg.sender] >= wad, \"Dai/insufficient-allowance\");\n        allowance[src][msg.sender] = sub(allowance[src][msg.sender], wad);\n    }\n    _transfer(dst, wad);\n    if (src != msg.sender && allowance[src][msg.sender] != uint(-1)) {\n        allowance[src][msg.sender] = add(allowance[src][msg.sender], wad);\n    }\n    emit Transfer(src, dst, wad);\n    return true;\n}\n```"},{"title":"There’s no limitation for mintMaxWad","severity":"MEDIUM","mitigation":"Add a mintMaxWad variable as a smart contract public property.\n\n#"},{"title":"Insufficient withdrawal protection in Dai contract","severity":"MEDIUM","mitigation":" The easy fix is:\n   ```diff\n   function burn(address usr, uint wad) external {\n       require(balanceOf[usr] >= wad, \"Dai/insufficient-balance\");\n  +    require(usr != address(this), \"Dai/not-allowed-direct-to-burn\");\n       if (usr != msg.sender && allowance[usr][msg.sender] != uint(-1)) {\n           require(allowance[usr][msg.sender] >= wad, \"Dai/insufficient-allowance\");\n           allowance[usr][msg.sender] = sub(allowance[usr][msg.sender], wad);\n      ```\n\n#"},{"title":"ERC20 Approve() forget to revert when passing parameter owner==spender","severity":"MEDIUM","mitigation":"Change the following to:\n\n```diff\n    function approve(address usr, uint wad) external returns (bool) {\n        address owner[msg.sender];\n        address spender[usr];\n+       if(owner == spender){\n+            revert(\"\");\n+       }\n        allowance[msg.sender][usr] = wad;\n        emit Approval(msg.sender, usr, wad);\n        return true;\n    }\n```\n\n***"},{"title":"`BaseToken.sol`'s `move` function is at high risk of reentrancy","severity":"MEDIUM","mitigation":"Consider adding a reentrancy guard to any function that could potentially be called directly or indirectly by some token-holding EOA, or redesign the contract to mitigate the reentrancy risk."},{"title":"Malicious sites could steal fund from Humpback by tricking users to sign with Ledger","severity":"MEDIUM","mitigation":"Include the relayer in the message, for example using the function `getChainID()`."},{"title":"**Both Meta and Non-Meta ERC20 can be approved => They clash**","severity":"MEDIUM","mitigation":"Make allowance/nonAllowance fns `public`."}]