{"reportContents":"# Function Description Report\n\n## Files Description Table\n\n\n|  File Name  |  SHA-1 Hash  |\n|-------------|--------------|\n\n\n## Contracts Description Table\n\n\n|  Contract  |         Type        |       Bases      |                  |                 |\n|:----------:|:-------------------:|:----------------:|:----------------:|:---------------:|\n|     └      |  **Function Name**  |  **Visibility**  |  **Mutability**  |  **Modifiers**  |\n||||||\n| **LibNote** | Implementation |  |||\n||||||\n| **Dai** | Implementation | LibNote |||\n| └ | rely | External ❗️ | 🛑  | note auth |\n| └ | deny | External ❗️ | 🛑  | note auth |\n| └ | add | Internal 🔒 |   | |\n| └ | sub | Internal 🔒 |   | |\n| └ | <Constructor> | Public ❗️ | 🛑  |NO❗️ |\n| └ | transfer | External ❗️ | 🛑  |NO❗️ |\n| └ | transferFrom | Public ❗️ | 🛑  |NO❗️ |\n| └ | mint | External ❗️ | 🛑  | auth |\n| └ | burn | External ❗️ | 🛑  |NO❗️ |\n| └ | approve | External ❗️ | 🛑  |NO❗️ |\n| └ | push | External ❗️ | 🛑  |NO❗️ |\n| └ | pull | External ❗️ | 🛑  |NO❗️ |\n| └ | move | External ❗️ | 🛑  |NO❗️ |\n| └ | permit | External ❗️ | 🛑  |NO❗️ |\n\n\n## Legend\n\n|  Symbol  |  Meaning  |\n|:--------:|-----------|\n|    🛑    | Function can modify state |\n|    💵    | Function is payable |\n","tableRows":[{"type":"contract","name":"LibNote","spec":"Implementation","mutating":null,"payable":null},{"type":"contract","name":"Dai","spec":"Implementation","mutating":null,"payable":null},{"type":"func","name":"rely","spec":"External ❗️","mutating":"🛑","payable":""},{"type":"func","name":"deny","spec":"External ❗️","mutating":"🛑","payable":""},{"type":"func","name":"add","spec":"Internal 🔒","mutating":"","payable":""},{"type":"func","name":"sub","spec":"Internal 🔒","mutating":"","payable":""},{"type":"func","name":"<Constructor>","spec":"Public ❗️","mutating":"🛑","payable":""},{"type":"func","name":"transfer","spec":"External ❗️","mutating":"🛑","payable":""},{"type":"func","name":"transferFrom","spec":"Public ❗️","mutating":"🛑","payable":""},{"type":"func","name":"mint","spec":"External ❗️","mutating":"🛑","payable":""},{"type":"func","name":"burn","spec":"External ❗️","mutating":"🛑","payable":""},{"type":"func","name":"approve","spec":"External ❗️","mutating":"🛑","payable":""},{"type":"func","name":"push","spec":"External ❗️","mutating":"🛑","payable":""},{"type":"func","name":"pull","spec":"External ❗️","mutating":"🛑","payable":""},{"type":"func","name":"move","spec":"External ❗️","mutating":"🛑","payable":""},{"type":"func","name":"permit","spec":"External ❗️","mutating":"🛑","payable":""}]}