{"data":{"tokens":[{"address":"0x6b175474e89094c44da98b954eedeac495271d0f","decimals":18,"id":"0x6b175474e89094c44da98b954eedeac495271d0f:1","name":"Dai Stablecoin","networkId":1,"symbol":"DAI","imageLargeUrl":null,"imageSmallUrl":null,"imageThumbUrl":null,"explorerData":{"id":"0x6b175474e89094c44da98b954eedeac495271d0f:1","blueCheckmark":true,"description":"Multi-Collateral Dai, brings a lot of new and exciting features, such as support for new CDP collateral types and Dai Savings Rate.","divisor":"18","tokenPriceUSD":"0.998206000000000000","tokenType":"ERC20","__typename":"ExplorerTokenData"},"info":{"address":"0x6b175474e89094c44da98b954eedeac495271d0f","circulatingSupply":"5283188757","id":"0x6b175474e89094c44da98b954eedeac495271d0f:1","imageLargeUrl":"https://token-media.defined.fi/1_0x6b175474e89094c44da98b954eedeac495271d0f_large.png","imageSmallUrl":"https://token-media.defined.fi/1_0x6b175474e89094c44da98b954eedeac495271d0f_small.png","imageThumbUrl":"https://token-media.defined.fi/1_0x6b175474e89094c44da98b954eedeac495271d0f_thumb.png","isScam":null,"name":"Dai Stablecoin","networkId":1,"symbol":"DAI","totalSupply":"3649537256.324757426352867122","__typename":"TokenInfo"},"socialLinks":{"bitcointalk":"","blog":"https://blog.makerdao.com/","coingecko":null,"coinmarketcap":null,"discord":"","email":"integrations@makerdao.com","facebook":"","github":"github.com/makerdao","instagram":null,"linkedin":"","reddit":"https://www.reddit.com/r/MakerDAO/","slack":"https://chat.makerdao.com","telegram":"","twitch":null,"twitter":"https://twitter.com/MakerDAO","website":"https://makerdao.com/","wechat":"","whitepaper":"https://makerdao.com/whitepaper/","youtube":null,"__typename":"SocialLinks"},"__typename":"EnhancedToken"}]}}