{"time":1702557498647,"data":{"code":1,"message":"OK","result":{"0x6b175474e89094c44da98b954eedeac495271d0f":{"anti_whale_modifiable":"0","buy_tax":"0.0001","can_take_back_ownership":"0","cannot_buy":"0","cannot_sell_all":"0","creator_address":"0xb5b06a16621616875a6c2637948bf98ea57c58fa","creator_balance":"0","creator_percent":"0.000000","dex":[{"liquidity_type":"UniV3","name":"UniswapV3","liquidity":"45467101.38122200","pair":"0x5777d92f208679db4b9778590fa3cab3ac9e2168"},{"liquidity_type":"UniV2","name":"UniswapV2","liquidity":"10837716.67530900","pair":"0xae461ca67b15dc8dc81ce7615e0320da1a9ab8d5"},{"liquidity_type":"UniV2","name":"UniswapV2","liquidity":"6335643.22984068","pair":"0xa478c2975ab1ea89e8196811f51a7b7ade33eb11"},{"liquidity_type":"UniV3","name":"UniswapV3","liquidity":"5925731.35038655","pair":"0xc2e9f25be6257c210d7adf0d4cd6e3e881ba25f8"},{"liquidity_type":"UniV2","name":"SushiSwapV2","liquidity":"4307376.20579988","pair":"0xc3d03e4f041fd4cd388c549ee2a29a9e5075882f"},{"liquidity_type":"UniV3","name":"UniswapV3","liquidity":"2706153.17287646","pair":"0x60594a405d53811d3bc4766596efd80fd545a270"},{"liquidity_type":"UniV2","name":"UniswapV2","liquidity":"40355.13454675","pair":"0xb20bd5d04be54f870d5c0d3ca85d82b34b836405"},{"liquidity_type":"UniV2","name":"SushiSwapV2","liquidity":"12889.86091800","pair":"0xaaf5110db6e744ff70fb339de037b990a20bdace"},{"liquidity_type":"UniV2","name":"UniswapV2","liquidity":"9112.07154787","pair":"0xf00e80f0de9aea0b33aa229a4014572777e422ee"},{"liquidity_type":"UniV2","name":"SushiSwapV2","liquidity":"591.77432566","pair":"0x7ee3be9a82f051401ca028db1825ac2640884d0a"},{"liquidity_type":"UniV2","name":"SushiSwapV2","liquidity":"191.82621466","pair":"0x055cedfe14bce33f985c41d9a1934b7654611aac"},{"liquidity_type":"UniV2","name":"SushiSwapV2","liquidity":"38.89508711","pair":"0xd9cedc999be891d7fc65996c708fd827959f4c8a"}],"external_call":"0","hidden_owner":"0","holder_count":"498762","holders":[{"address":"0x075e72a5edf65f0a5f44699c7654c1a76941ddc8","tag":"","is_contract":0,"balance":"278919727.186877714909963561","percent":"0.076452680201103385","is_locked":0},{"address":"0x60faae176336dab62e284fe19b885b095d29fb7f","tag":"","is_contract":0,"balance":"153712896.132913584452749328","percent":"0.042133136330516053","is_locked":0},{"address":"0x40ec5b33f54e0e8a33a975908c5ba1c14e5bbbdf","tag":"","is_contract":1,"balance":"121717064.013378179079308353","percent":"0.033362988928342211","is_locked":0},{"address":"0x25b313158ce11080524dca0fd01141eed5f94b81","tag":"","is_contract":0,"balance":"104818599.30661396439663861","percent":"0.028731072315107196","is_locked":0},{"address":"0xa10c7ce4b876998858b1a9e12b10092229539400","tag":"","is_contract":1,"balance":"77133498.461998035844270825","percent":"0.021142508456407502","is_locked":0},{"address":"0xbebc44782c7db0a1a60cb6fe97d0b483032ff1c7","tag":"","is_contract":1,"balance":"66523121.860768442347377453","percent":"0.018234174444724013","is_locked":0},{"address":"0x5d3a536e4d6dbd6114cc1ead35777bab948e3643","tag":"","is_contract":1,"balance":"54914837.783775148976664235","percent":"0.015052311192623133","is_locked":0},{"address":"0x5777d92f208679db4b9778590fa3cab3ac9e2168","tag":"UniswapV3","is_contract":1,"balance":"45670084.741797366490128999","percent":"0.012518298432088076","is_locked":0},{"address":"0x47ac0fb4f2d84898e4d9e7b4dab3c24507a6d503","tag":"","is_contract":0,"balance":"43999972","percent":"0.012060515841246545","is_locked":0},{"address":"0xd831b3353be1449d7131e92c8948539b1f18b86a","tag":"","is_contract":0,"balance":"43758816.193128225182605815","percent":"0.011994414357614109","is_locked":0}],"honeypot_with_same_creator":"0","is_anti_whale":"0","is_blacklisted":"0","is_honeypot":"0","is_in_dex":"1","is_mintable":"1","is_open_source":"1","is_proxy":"0","is_whitelisted":"0","lp_holder_count":"5","lp_holders":[{"address":"0x96bcc2eb087633a7d434ac332ae436335f32989e","tag":"","value":"9034.879908039726","is_contract":0,"balance":"180.91298095739154189","percent":"0.662314234647556351","NFT_list":[{"value":"9034.879908039726","NFT_id":"160967","amount":"180.91298095739154189","in_effect":"0","NFT_percentage":"0.662314234647556351"}],"is_locked":0},{"address":"0x16138817910586ded9176737b23b011376b55169","tag":"","value":"4601.293369857002","is_contract":0,"balance":"92.135557797451555633","percent":"0.337304106778367815","NFT_list":[{"value":"4601.293369857002","NFT_id":"159842","amount":"92.135557797451555633","in_effect":"0","NFT_percentage":"0.337304106778367815"}],"is_locked":0},{"address":"0x8061e82e5ecf4246f1b236c765d1ad134290b5e7","tag":"","value":"57.199510931264","is_contract":0,"balance":"0.104149104628278639","percent":"0.000381285157958635","NFT_list":[{"value":"57.199510931264","NFT_id":"192933","amount":"0.104149104628278639","in_effect":"0","NFT_percentage":"0.000381285157958635"}],"is_locked":0},{"address":"0x1bb917950739e59becfcb8b186715f0cf7f3239b","tag":"","value":"101.885859667904","is_contract":1,"balance":"0.000101999654137826","percent":"3.73416117003E-7","NFT_list":[{"value":"50.943320416755","NFT_id":"194909","amount":"0.000051000217821929","in_effect":"0","NFT_percentage":"1.86709489031E-7"},{"value":"50.942539251149","NFT_id":"194230","amount":"0.000050999436315897","in_effect":"0","NFT_percentage":"1.86706627973E-7"}],"is_locked":0},{"address":"0x1578a50910f1850c046f66191818401d8be45fb5","tag":"","value":"0.000000","is_contract":0,"balance":"5.3176E-14","percent":"1.95E-16","NFT_list":[{"value":"0.000000","NFT_id":"171187","amount":"5.3176E-14","in_effect":"0","NFT_percentage":"1.95E-16"}],"is_locked":0}],"lp_total_supply":"273.152789859125567164","owner_address":"","owner_balance":"0","owner_change_balance":"0","owner_percent":"0","personal_slippage_modifiable":"0","selfdestruct":"0","sell_tax":"0","slippage_modifiable":"0","token_name":"Dai Stablecoin","token_symbol":"DAI","total_supply":"3648266175.27598818310213554","trading_cooldown":"0","transfer_pausable":"0","trust_list":"1"}}}}