[{"type":"contract","name":"LibNote","bases":"","specs":"","line":20,"functions":[]},{"type":"contract","name":"Dai","bases":"(LibNote)","specs":"","line":69,"functions":[{"type":"func","name":"rely","spec":"[Ext]","payable":"","modifiers":"note,auth","line":72},{"type":"func","name":"deny","spec":"[Ext]","payable":"","modifiers":"note,auth","line":73},{"type":"func","name":"add","spec":"[Int]","payable":"","modifiers":"","line":94},{"type":"func","name":"sub","spec":"[Int]","payable":"","modifiers":"","line":97},{"type":"func","name":"<Constructor>","spec":"[Pub]","payable":"","modifiers":"","line":106},{"type":"func","name":"transfer","spec":"[Ext]","payable":"","modifiers":"","line":118},{"type":"func","name":"transferFrom","spec":"[Pub]","payable":"","modifiers":"","line":121},{"type":"func","name":"mint","spec":"[Ext]","payable":"","modifiers":"auth","line":134},{"type":"func","name":"burn","spec":"[Ext]","payable":"","modifiers":"","line":139},{"type":"func","name":"approve","spec":"[Ext]","payable":"","modifiers":"","line":149},{"type":"func","name":"push","spec":"[Ext]","payable":"","modifiers":"","line":156},{"type":"func","name":"pull","spec":"[Ext]","payable":"","modifiers":"","line":159},{"type":"func","name":"move","spec":"[Ext]","payable":"","modifiers":"","line":162},{"type":"func","name":"permit","spec":"[Ext]","payable":"","modifiers":"","line":167}]}]