{"nodes":[{"id":"Context"},{"id":"Ownable"},{"id":"IERC20"},{"id":"IERC20Metadata"},{"id":"ERC20"},{"id":"PepeToken"}],"links":[{"source":"Context","target":"Ownable"},{"source":"IERC20","target":"IERC20Metadata"},{"source":"IERC20Metadata","target":"ERC20"},{"source":"IERC20","target":"ERC20"},{"source":"Context","target":"ERC20"},{"source":"ERC20","target":"PepeToken"},{"source":"IERC20Metadata","target":"PepeToken"},{"source":"IERC20","target":"PepeToken"},{"source":"Ownable","target":"PepeToken"},{"source":"Context","target":"PepeToken"}]}