{"reportContents":"# Function Description Report\n\n## Files Description Table\n\n\n|  File Name  |  SHA-1 Hash  |\n|-------------|--------------|\n\n\n## Contracts Description Table\n\n\n|  Contract  |         Type        |       Bases      |                  |                 |\n|:----------:|:-------------------:|:----------------:|:----------------:|:---------------:|\n|     └      |  **Function Name**  |  **Visibility**  |  **Mutability**  |  **Modifiers**  |\n||||||\n| **Context** | Implementation |  |||\n| └ | _msgSender | Internal 🔒 |   | |\n| └ | _msgData | Internal 🔒 |   | |\n||||||\n| **Ownable** | Implementation | Context |||\n| └ | <Constructor> | Public ❗️ | 🛑  |NO❗️ |\n| └ | owner | Public ❗️ |   |NO❗️ |\n| └ | renounceOwnership | Public ❗️ | 🛑  | onlyOwner |\n| └ | transferOwnership | Public ❗️ | 🛑  | onlyOwner |\n| └ | _transferOwnership | Internal 🔒 | 🛑  | |\n||||||\n| **IERC20** | Interface |  |||\n| └ | totalSupply | External ❗️ |   |NO❗️ |\n| └ | balanceOf | External ❗️ |   |NO❗️ |\n| └ | transfer | External ❗️ | 🛑  |NO❗️ |\n| └ | allowance | External ❗️ |   |NO❗️ |\n| └ | approve | External ❗️ | 🛑  |NO❗️ |\n| └ | transferFrom | External ❗️ | 🛑  |NO❗️ |\n||||||\n| **IERC20Metadata** | Interface | IERC20 |||\n| └ | name | External ❗️ |   |NO❗️ |\n| └ | symbol | External ❗️ |   |NO❗️ |\n| └ | decimals | External ❗️ |   |NO❗️ |\n||||||\n| **ERC20** | Implementation | Context, IERC20, IERC20Metadata |||\n| └ | <Constructor> | Public ❗️ | 🛑  |NO❗️ |\n| └ | name | Public ❗️ |   |NO❗️ |\n| └ | symbol | Public ❗️ |   |NO❗️ |\n| └ | decimals | Public ❗️ |   |NO❗️ |\n| └ | totalSupply | Public ❗️ |   |NO❗️ |\n| └ | balanceOf | Public ❗️ |   |NO❗️ |\n| └ | transfer | Public ❗️ | 🛑  |NO❗️ |\n| └ | allowance | Public ❗️ |   |NO❗️ |\n| └ | approve | Public ❗️ | 🛑  |NO❗️ |\n| └ | transferFrom | Public ❗️ | 🛑  |NO❗️ |\n| └ | increaseAllowance | Public ❗️ | 🛑  |NO❗️ |\n| └ | decreaseAllowance | Public ❗️ | 🛑  |NO❗️ |\n| └ | _transfer | Internal 🔒 | 🛑  | |\n| └ | _mint | Internal 🔒 | 🛑  | |\n| └ | _burn | Internal 🔒 | 🛑  | |\n| └ | _approve | Internal 🔒 | 🛑  | |\n| └ | _beforeTokenTransfer | Internal 🔒 | 🛑  | |\n| └ | _afterTokenTransfer | Internal 🔒 | 🛑  | |\n||||||\n| **PepeToken** | Implementation | Ownable, ERC20 |||\n| └ | <Constructor> | Public ❗️ | 🛑  | ERC20 |\n| └ | blacklist | External ❗️ | 🛑  | onlyOwner |\n| └ | setRule | External ❗️ | 🛑  | onlyOwner |\n| └ | _beforeTokenTransfer | Internal 🔒 | 🛑  | |\n| └ | burn | External ❗️ | 🛑  |NO❗️ |\n\n\n## Legend\n\n|  Symbol  |  Meaning  |\n|:--------:|-----------|\n|    🛑    | Function can modify state |\n|    💵    | Function is payable |\n","tableRows":[{"type":"contract","name":"Context","spec":"Implementation","mutating":null,"payable":null},{"type":"func","name":"_msgSender","spec":"Internal 🔒","mutating":"","payable":""},{"type":"func","name":"_msgData","spec":"Internal 🔒","mutating":"","payable":""},{"type":"contract","name":"Ownable","spec":"Implementation","mutating":null,"payable":null},{"type":"func","name":"<Constructor>","spec":"Public ❗️","mutating":"🛑","payable":""},{"type":"func","name":"owner","spec":"Public ❗️","mutating":"","payable":""},{"type":"func","name":"renounceOwnership","spec":"Public ❗️","mutating":"🛑","payable":""},{"type":"func","name":"transferOwnership","spec":"Public ❗️","mutating":"🛑","payable":""},{"type":"func","name":"_transferOwnership","spec":"Internal 🔒","mutating":"🛑","payable":""},{"type":"contract","name":"IERC20","spec":"Interface","mutating":null,"payable":null},{"type":"func","name":"totalSupply","spec":"External ❗️","mutating":"","payable":""},{"type":"func","name":"balanceOf","spec":"External ❗️","mutating":"","payable":""},{"type":"func","name":"transfer","spec":"External ❗️","mutating":"🛑","payable":""},{"type":"func","name":"allowance","spec":"External ❗️","mutating":"","payable":""},{"type":"func","name":"approve","spec":"External ❗️","mutating":"🛑","payable":""},{"type":"func","name":"transferFrom","spec":"External ❗️","mutating":"🛑","payable":""},{"type":"contract","name":"IERC20Metadata","spec":"Interface","mutating":null,"payable":null},{"type":"func","name":"name","spec":"External ❗️","mutating":"","payable":""},{"type":"func","name":"symbol","spec":"External ❗️","mutating":"","payable":""},{"type":"func","name":"decimals","spec":"External ❗️","mutating":"","payable":""},{"type":"contract","name":"ERC20","spec":"Implementation","mutating":null,"payable":null},{"type":"func","name":"<Constructor>","spec":"Public ❗️","mutating":"🛑","payable":""},{"type":"func","name":"name","spec":"Public ❗️","mutating":"","payable":""},{"type":"func","name":"symbol","spec":"Public ❗️","mutating":"","payable":""},{"type":"func","name":"decimals","spec":"Public ❗️","mutating":"","payable":""},{"type":"func","name":"totalSupply","spec":"Public ❗️","mutating":"","payable":""},{"type":"func","name":"balanceOf","spec":"Public ❗️","mutating":"","payable":""},{"type":"func","name":"transfer","spec":"Public ❗️","mutating":"🛑","payable":""},{"type":"func","name":"allowance","spec":"Public ❗️","mutating":"","payable":""},{"type":"func","name":"approve","spec":"Public ❗️","mutating":"🛑","payable":""},{"type":"func","name":"transferFrom","spec":"Public ❗️","mutating":"🛑","payable":""},{"type":"func","name":"increaseAllowance","spec":"Public ❗️","mutating":"🛑","payable":""},{"type":"func","name":"decreaseAllowance","spec":"Public ❗️","mutating":"🛑","payable":""},{"type":"func","name":"_transfer","spec":"Internal 🔒","mutating":"🛑","payable":""},{"type":"func","name":"_mint","spec":"Internal 🔒","mutating":"🛑","payable":""},{"type":"func","name":"_burn","spec":"Internal 🔒","mutating":"🛑","payable":""},{"type":"func","name":"_approve","spec":"Internal 🔒","mutating":"🛑","payable":""},{"type":"func","name":"_beforeTokenTransfer","spec":"Internal 🔒","mutating":"🛑","payable":""},{"type":"func","name":"_afterTokenTransfer","spec":"Internal 🔒","mutating":"🛑","payable":""},{"type":"contract","name":"PepeToken","spec":"Implementation","mutating":null,"payable":null},{"type":"func","name":"<Constructor>","spec":"Public ❗️","mutating":"🛑","payable":""},{"type":"func","name":"blacklist","spec":"External ❗️","mutating":"🛑","payable":""},{"type":"func","name":"setRule","spec":"External ❗️","mutating":"🛑","payable":""},{"type":"func","name":"_beforeTokenTransfer","spec":"Internal 🔒","mutating":"🛑","payable":""},{"type":"func","name":"burn","spec":"External ❗️","mutating":"🛑","payable":""}]}