{"data":{"tokens":[{"address":"0x6982508145454ce325ddbe47a25d4ec3d2311933","decimals":18,"id":"0x6982508145454ce325ddbe47a25d4ec3d2311933:1","name":"Pepe","networkId":1,"symbol":"PEPE","imageLargeUrl":"https://token-media.defined.fi/1_0x6982508145454ce325ddbe47a25d4ec3d2311933_large.png","imageSmallUrl":"https://token-media.defined.fi/1_0x6982508145454ce325ddbe47a25d4ec3d2311933_small.png","imageThumbUrl":"https://token-media.defined.fi/1_0x6982508145454ce325ddbe47a25d4ec3d2311933_thumb.png","explorerData":{"id":"0x6982508145454ce325ddbe47a25d4ec3d2311933:1","blueCheckmark":true,"description":"Pepe is a community based memecoin with one mission: to make memecoins great again. Made to honor the iconic meme we all know and love, Pepe is here to take reign as the most memeable memecoin in existence, fueled purely by memetic power. Pepe is for the people.","divisor":"18","tokenPriceUSD":"0.000001405790252021","tokenType":"ERC20","__typename":"ExplorerTokenData"},"info":{"address":"0x6982508145454ce325ddbe47a25d4ec3d2311933","circulatingSupply":"420690000000000","id":"0x6982508145454ce325ddbe47a25d4ec3d2311933:1","imageLargeUrl":"https://token-media.defined.fi/1_0x6982508145454ce325ddbe47a25d4ec3d2311933_large.png","imageSmallUrl":"https://token-media.defined.fi/1_0x6982508145454ce325ddbe47a25d4ec3d2311933_small.png","imageThumbUrl":"https://token-media.defined.fi/1_0x6982508145454ce325ddbe47a25d4ec3d2311933_thumb.png","isScam":null,"name":"Pepe","networkId":1,"symbol":"PEPE","totalSupply":"420689899999994.7930999999999974","__typename":"TokenInfo"},"socialLinks":{"bitcointalk":"","blog":"","coingecko":null,"coinmarketcap":"https://coinmarketcap.com/currencies/pepe/","discord":"","email":"masterpepe@pepe.vip","facebook":"","github":"","instagram":null,"linkedin":"","reddit":"","slack":"","telegram":"https://t.me/pepecoineth","twitch":null,"twitter":"https://twitter.com/pepecoineth","website":"https://www.pepe.vip/","wechat":"","whitepaper":"","youtube":null,"__typename":"SocialLinks"},"__typename":"EnhancedToken"}]}}