{"text":"The recent audit of the Pepe (PEPE) token has produced encouraging results that reflect a well-managed operation with solid security measures in place. As an initial positive factor, both buying and selling transactions are free of taxes, a testament to the creators’ commitment to making the token accessible and easy to trade. Moreover, the token is not classified as a honeypot, implying genuine and fair trading conditions for all stakeholders.\n\nCrucial preventive measures have been implemented as a safeguard against significant individual token accumulation, or 'whale' behavior, which could potentially destabilize the token's value and market dynamics. An added feature that fortifies the robustness of Pepe token is its non-mintable nature, securing the value of the token by maintaining its scarcity and rarity value. Despite having a blacklist function, which is usually not ideal, it is a common feature among tokens and doesn't necessarily indicate a negative aspect.\n\nThe token enjoys high adoption, this is evident in its over 152,800 holders and more than 78 liquidity providers, both of which inspire confidence regarding its popularity and liquidity. Additionally, being listed on a decentralized exchange (dex) is typical and beneficial for the token's visibility and accessibility.\n\nHowever, it's important to note that while no high severity issues were found, the audit did reveal two medium severity issues. Although these do not pose a significant threat at present, they should ideally be addressed to enhance the security and trustworthiness of the token's codebase further. Overall, while the Pepe token demonstrates strong aspects that indicate good management and security, improvements can be made to bolster its reputation and ensure its long-term viability.","table":{"token_name":"Pepe","token_symbol":"PEPE","is_honeypot":"0","blacklisted":"1","external_functions":17,"internal_functions":10,"private_functions":0,"view_functions":12,"pure_functions":0,"payable_functions":0,"total_functions":39,"number_of_medium_severity_issues":2,"number_of_high_severity_issues":0,"number_of_low_severity_issues":0,"is_antiwhale":"1","buy_tax":"0","holder_count":"152800","is_mintable":"0","is_in_dex":"1","is_open_source":"1","lp_holder_count":"78","total_supply":"420689899999994.7930999999999974","sell_tax":"0"}}