[{"type":"contract","name":"Context","bases":"","specs":"","line":20,"functions":[{"type":"func","name":"_msgSender","spec":"[Int]","payable":"","modifiers":"","line":21},{"type":"func","name":"_msgData","spec":"[Int]","payable":"","modifiers":"","line":25}]},{"type":"contract","name":"Ownable","bases":"(Context)","specs":"","line":50,"functions":[{"type":"func","name":"<Constructor>","spec":"[Pub]","payable":"","modifiers":"","line":58},{"type":"func","name":"owner","spec":"[Pub]","payable":"","modifiers":"","line":65},{"type":"func","name":"renounceOwnership","spec":"[Pub]","payable":"","modifiers":"onlyOwner","line":84},{"type":"func","name":"transferOwnership","spec":"[Pub]","payable":"","modifiers":"onlyOwner","line":92},{"type":"func","name":"_transferOwnership","spec":"[Int]","payable":"","modifiers":"","line":101}]},{"type":"contract","name":"IERC20","bases":"","specs":"[Int]","line":119,"functions":[{"type":"func","name":"totalSupply","spec":"[Ext]","payable":"","modifiers":"","line":123},{"type":"func","name":"balanceOf","spec":"[Ext]","payable":"","modifiers":"","line":128},{"type":"func","name":"transfer","spec":"[Ext]","payable":"","modifiers":"","line":137},{"type":"func","name":"allowance","spec":"[Ext]","payable":"","modifiers":"","line":146},{"type":"func","name":"approve","spec":"[Ext]","payable":"","modifiers":"","line":162},{"type":"func","name":"transferFrom","spec":"[Ext]","payable":"","modifiers":"","line":173}]},{"type":"contract","name":"IERC20Metadata","bases":"(IERC20)","specs":"[Int]","line":207,"functions":[{"type":"func","name":"name","spec":"[Ext]","payable":"","modifiers":"","line":211},{"type":"func","name":"symbol","spec":"[Ext]","payable":"","modifiers":"","line":216},{"type":"func","name":"decimals","spec":"[Ext]","payable":"","modifiers":"","line":221}]},{"type":"contract","name":"ERC20","bases":"(Context, IERC20, IERC20Metadata)","specs":"","line":259,"functions":[{"type":"func","name":"<Constructor>","spec":"[Pub]","payable":"","modifiers":"","line":278},{"type":"func","name":"name","spec":"[Pub]","payable":"","modifiers":"","line":286},{"type":"func","name":"symbol","spec":"[Pub]","payable":"","modifiers":"","line":294},{"type":"func","name":"decimals","spec":"[Pub]","payable":"","modifiers":"","line":311},{"type":"func","name":"totalSupply","spec":"[Pub]","payable":"","modifiers":"","line":318},{"type":"func","name":"balanceOf","spec":"[Pub]","payable":"","modifiers":"","line":325},{"type":"func","name":"transfer","spec":"[Pub]","payable":"","modifiers":"","line":337},{"type":"func","name":"allowance","spec":"[Pub]","payable":"","modifiers":"","line":345},{"type":"func","name":"approve","spec":"[Pub]","payable":"","modifiers":"","line":356},{"type":"func","name":"transferFrom","spec":"[Pub]","payable":"","modifiers":"","line":374},{"type":"func","name":"increaseAllowance","spec":"[Pub]","payable":"","modifiers":"","line":402},{"type":"func","name":"decreaseAllowance","spec":"[Pub]","payable":"","modifiers":"","line":421},{"type":"func","name":"_transfer","spec":"[Int]","payable":"","modifiers":"","line":445},{"type":"func","name":"_mint","spec":"[Int]","payable":"","modifiers":"","line":476},{"type":"func","name":"_burn","spec":"[Int]","payable":"","modifiers":"","line":499},{"type":"func","name":"_approve","spec":"[Int]","payable":"","modifiers":"","line":529},{"type":"func","name":"_beforeTokenTransfer","spec":"[Int]","payable":"","modifiers":"","line":555},{"type":"func","name":"_afterTokenTransfer","spec":"[Int]","payable":"","modifiers":"","line":575}]},{"type":"contract","name":"PepeToken","bases":"(Ownable, ERC20)","specs":"","line":590,"functions":[{"type":"func","name":"<Constructor>","spec":"[Pub]","payable":"","modifiers":"ERC20","line":597},{"type":"func","name":"blacklist","spec":"[Ext]","payable":"","modifiers":"onlyOwner","line":601},{"type":"func","name":"setRule","spec":"[Ext]","payable":"","modifiers":"onlyOwner","line":605},{"type":"func","name":"_beforeTokenTransfer","spec":"[Int]","payable":"","modifiers":"","line":612},{"type":"func","name":"burn","spec":"[Ext]","payable":"","modifiers":"","line":629}]}]