[{"title":"Interfaces of token contracts do not properly annotate reentrancy scenarios","severity":"MEDIUM","mitigation":"Mark all remaining interfaces functions with SecurityCritical annotation."},{"title":"Circular call vulnerabilities","severity":"MEDIUM","mitigation":"Consider transferring the sole on deployment of the contract (#update1).\n\n# References\n\nCircular call vulnerabilities:\nBlockNumber.sol\nUnlockProtocol-drop4\nCasper.sol (impacted BEC Farm and BeCafee Farm)\nTimeline.sol (LFG Airdrop Farm Festival)\nInterSTEIN-glavRH\nQInvestToken.sol (KQUSD Farm)\nSwingbyERC20.sol (SwingbyToken Farm)\nSYAICrowdsale.sol\nStakeFIJIFarm.sol\nStakeFarm.sol\nNoodleBarChef.sol\nStashDistributor.sol\nIceDrop.sol\nLel.Token.sol\nMaya.sol\nOperatable.sol\nReceipt.sol\nSeedPools.sol"}]