{"data":{"tokens":[{"address":"0xd31e53966bf212e860d48a3a8651a23d09a7fdc3","decimals":18,"id":"0xd31e53966bf212e860d48a3a8651a23d09a7fdc3:1","name":"DogeAi","networkId":1,"symbol":"DOGEAI","imageLargeUrl":"https://token-media.defined.fi/1_0xd31e53966bf212e860d48a3a8651a23d09a7fdc3_large.png","imageSmallUrl":"https://token-media.defined.fi/1_0xd31e53966bf212e860d48a3a8651a23d09a7fdc3_small.png","imageThumbUrl":"https://token-media.defined.fi/1_0xd31e53966bf212e860d48a3a8651a23d09a7fdc3_thumb.png","explorerData":{"id":"0xd31e53966bf212e860d48a3a8651a23d09a7fdc3:1","blueCheckmark":false,"description":null,"divisor":null,"tokenPriceUSD":null,"tokenType":null,"__typename":"ExplorerTokenData"},"info":{"address":"0xd31e53966bf212e860d48a3a8651a23d09a7fdc3","circulatingSupply":"1000000000","id":"0xd31e53966bf212e860d48a3a8651a23d09a7fdc3:1","imageLargeUrl":"https://token-media.defined.fi/1_0xd31e53966bf212e860d48a3a8651a23d09a7fdc3_large.png","imageSmallUrl":"https://token-media.defined.fi/1_0xd31e53966bf212e860d48a3a8651a23d09a7fdc3_small.png","imageThumbUrl":"https://token-media.defined.fi/1_0xd31e53966bf212e860d48a3a8651a23d09a7fdc3_thumb.png","isScam":null,"name":"DogeAi","networkId":1,"symbol":"DOGEAI","totalSupply":"1000000000","__typename":"TokenInfo"},"socialLinks":{"bitcointalk":null,"blog":null,"coingecko":null,"coinmarketcap":null,"discord":null,"email":null,"facebook":null,"github":null,"instagram":null,"linkedin":null,"reddit":null,"slack":null,"telegram":null,"twitch":null,"twitter":null,"website":null,"wechat":null,"whitepaper":null,"youtube":null,"__typename":"SocialLinks"},"__typename":"EnhancedToken"}]}}