{"time":1702582743416,"data":{"code":1,"message":"OK","result":{"0xd31e53966bf212e860d48a3a8651a23d09a7fdc3":{"anti_whale_modifiable":"0","buy_tax":"0","can_take_back_ownership":"0","cannot_buy":"0","cannot_sell_all":"0","creator_address":"0xc8c790d8e3c91ad67e04c8a67536eff43b55100c","creator_balance":"0","creator_percent":"0.000000","dex":[{"liquidity_type":"UniV2","name":"UniswapV2","liquidity":"10990.69002102","pair":"0x26aa7d0ca98b9d5483628808437e6323ff25b606"},{"liquidity_type":"UniV3","name":"UniswapV3","liquidity":"32.65943400","pair":"0xe2799da7f3a3426f9868e4ab39cb08b1c27175bc"},{"liquidity_type":"UniV3","name":"UniswapV3","liquidity":"0.00074044","pair":"0x8aa10cba596cdf645d9cbb648fc1132c7137c174"}],"external_call":"0","hidden_owner":"0","holder_count":"1401","holders":[{"address":"0x26aa7d0ca98b9d5483628808437e6323ff25b606","tag":"UniswapV2","is_contract":1,"balance":"371586602.151973571175076115","percent":"0.371586602151973571","is_locked":0},{"address":"0xe7728a7f15c2da5c0b2dc3b7597bb1588cf4fd05","tag":"","is_contract":0,"balance":"36646878.20267483838411389","percent":"0.036646878202674838","is_locked":0},{"address":"0x723b34a45fded2c57c7996ca41b8bee4ab943687","tag":"","is_contract":0,"balance":"30414108.796690524984608295","percent":"0.030414108796690524","is_locked":0},{"address":"0xd6b5707789170775883c987cd541bdb7f6ff6fda","tag":"","is_contract":0,"balance":"30000000","percent":"0.030000000000000000","is_locked":0},{"address":"0x06aae58a4ee126e0f69668be3054675799eba9c4","tag":"","is_contract":0,"balance":"14560846.022161166100250595","percent":"0.014560846022161166","is_locked":0},{"address":"0x40f7645d96ade7066e329bc48729aaad7f901973","tag":"","is_contract":0,"balance":"14519074.337191542125579402","percent":"0.014519074337191542","is_locked":0},{"address":"0xcfb2718567e2fcc705d75f9315c71bb53472fadd","tag":"","is_contract":0,"balance":"13701190.855042208848528926","percent":"0.013701190855042208","is_locked":0},{"address":"0xe6b5118a51ec131700d88f39b9acba24c953a53a","tag":"","is_contract":0,"balance":"13452644.91643408894280615","percent":"0.013452644916434088","is_locked":0},{"address":"0xb97c03ecda2443cbdebe757bbce0aa8456cdb800","tag":"","is_contract":0,"balance":"12142423.329343602614740755","percent":"0.012142423329343602","is_locked":0},{"address":"0x016adc37a9a1f56af4c513f64c53345dccbe73f0","tag":"","is_contract":0,"balance":"10979391.688149556169776807","percent":"0.010979391688149556","is_locked":0}],"honeypot_with_same_creator":"0","is_anti_whale":"1","is_blacklisted":"0","is_honeypot":"0","is_in_dex":"1","is_mintable":"0","is_open_source":"1","is_proxy":"0","is_whitelisted":"0","lp_holder_count":"1","lp_holders":[{"address":"0x0000000000000000000000000000000000000000","tag":"Null Address","value":null,"is_contract":0,"balance":"27856.776554368238676935","percent":"1.000000000000000000","NFT_list":null,"is_locked":1}],"lp_total_supply":"27856.776554368238676935","owner_address":"0x0000000000000000000000000000000000000000","owner_balance":"0","owner_change_balance":"0","owner_percent":"0.000000","personal_slippage_modifiable":"0","selfdestruct":"0","sell_tax":"0","slippage_modifiable":"0","token_name":"DogeAi","token_symbol":"DOGEAI","total_supply":"1000000000","trading_cooldown":"0","transfer_pausable":"0"}}}}