{"text":"The recently concluded audit of the DogeAi (DOGEAI) token offers a promising outlook, indicating that the DogeAi operates in a pattern consistent with well-established and secure crypto operations. \n\nIt is important to note that DogeAi does not impose a tax on buying or selling, which is an advantage for holders looking for unrestricted trading. This aspect, coupled with the absence of blacklisting measures, makes DOGEAI an attractive option in the token market.\n\nMoreover, DogeAi has successfully applied anti-whale measures that optimize distribution and counterbalances larger wallets from manipulating the market significantly. This action shows DogeAi's commitment to maintaining a fair trading ecosystem. \n\nWhile not being mintable, DogeAi maintains token scarcity, a characteristic that is likely to positively impact the value of the token over time. The token's listing on a DEX and its possession by over 1000 holders signals good adoption within the market and is indicatory of sustained future performance.\n\nHowever, the audit has highlighted two issues of medium severity with the DogeAi's contract. It's beneficial for DOGEAI to address these issues to enhance trust and maintain healthy operations. Despite these, no high or low severity issues have been detected, which adds to the token's potential as a secure and reliable option for traders.","table":{"token_name":"DogeAi","token_symbol":"DOGEAI","is_honeypot":"0","blacklisted":"0","external_functions":31,"internal_functions":64,"private_functions":9,"view_functions":53,"pure_functions":0,"payable_functions":0,"total_functions":235,"number_of_medium_severity_issues":2,"number_of_high_severity_issues":0,"number_of_low_severity_issues":0,"is_antiwhale":"1","buy_tax":"0","holder_count":"1401","is_mintable":"0","is_in_dex":"1","is_open_source":"1","lp_holder_count":"1","total_supply":"1000000000","sell_tax":"0"}}