[{"type":"contract","name":"IERC20","bases":"","specs":"[Int]","line":42,"functions":[{"type":"func","name":"totalSupply","spec":"[Ext]","payable":"","modifiers":"","line":60},{"type":"func","name":"balanceOf","spec":"[Ext]","payable":"","modifiers":"","line":65},{"type":"func","name":"transfer","spec":"[Ext]","payable":"","modifiers":"","line":74},{"type":"func","name":"allowance","spec":"[Ext]","payable":"","modifiers":"","line":83},{"type":"func","name":"approve","spec":"[Ext]","payable":"","modifiers":"","line":99},{"type":"func","name":"transferFrom","spec":"[Ext]","payable":"","modifiers":"","line":110}]},{"type":"contract","name":"IERC20Metadata","bases":"(IERC20)","specs":"[Int]","line":124,"functions":[{"type":"func","name":"name","spec":"[Ext]","payable":"","modifiers":"","line":128},{"type":"func","name":"symbol","spec":"[Ext]","payable":"","modifiers":"","line":133},{"type":"func","name":"decimals","spec":"[Ext]","payable":"","modifiers":"","line":138}]},{"type":"contract","name":"IUniswapV2Router01","bases":"","specs":"[Int]","line":145,"functions":[{"type":"func","name":"factory","spec":"[Ext]","payable":"","modifiers":"","line":146},{"type":"func","name":"WETH","spec":"[Ext]","payable":"","modifiers":"","line":147},{"type":"func","name":"addLiquidity","spec":"[Ext]","payable":"","modifiers":"","line":149},{"type":"func","name":"addLiquidityETH","spec":"[Ext]","payable":" ($)","modifiers":"","line":159},{"type":"func","name":"removeLiquidity","spec":"[Ext]","payable":"","modifiers":"","line":167},{"type":"func","name":"removeLiquidityETH","spec":"[Ext]","payable":"","modifiers":"","line":176},{"type":"func","name":"removeLiquidityWithPermit","spec":"[Ext]","payable":"","modifiers":"","line":184},{"type":"func","name":"removeLiquidityETHWithPermit","spec":"[Ext]","payable":"","modifiers":"","line":194},{"type":"func","name":"swapExactTokensForTokens","spec":"[Ext]","payable":"","modifiers":"","line":203},{"type":"func","name":"swapTokensForExactTokens","spec":"[Ext]","payable":"","modifiers":"","line":210},{"type":"func","name":"swapExactETHForTokens","spec":"[Ext]","payable":" ($)","modifiers":"","line":217},{"type":"func","name":"swapTokensForExactETH","spec":"[Ext]","payable":"","modifiers":"","line":221},{"type":"func","name":"swapExactTokensForETH","spec":"[Ext]","payable":"","modifiers":"","line":224},{"type":"func","name":"swapETHForExactTokens","spec":"[Ext]","payable":" ($)","modifiers":"","line":227},{"type":"func","name":"quote","spec":"[Ext]","payable":"","modifiers":"","line":232},{"type":"func","name":"getAmountOut","spec":"[Ext]","payable":"","modifiers":"","line":233},{"type":"func","name":"getAmountIn","spec":"[Ext]","payable":"","modifiers":"","line":234},{"type":"func","name":"getAmountsOut","spec":"[Ext]","payable":"","modifiers":"","line":235},{"type":"func","name":"getAmountsIn","spec":"[Ext]","payable":"","modifiers":"","line":236}]},{"type":"contract","name":"IUniswapV2Router02","bases":"(IUniswapV2Router01)","specs":"[Int]","line":243,"functions":[{"type":"func","name":"removeLiquidityETHSupportingFeeOnTransferTokens","spec":"[Ext]","payable":"","modifiers":"","line":244},{"type":"func","name":"removeLiquidityETHWithPermitSupportingFeeOnTransferTokens","spec":"[Ext]","payable":"","modifiers":"","line":252},{"type":"func","name":"swapExactTokensForTokensSupportingFeeOnTransferTokens","spec":"[Ext]","payable":"","modifiers":"","line":262},{"type":"func","name":"swapExactETHForTokensSupportingFeeOnTransferTokens","spec":"[Ext]","payable":" ($)","modifiers":"","line":269},{"type":"func","name":"swapExactTokensForETHSupportingFeeOnTransferTokens","spec":"[Ext]","payable":"","modifiers":"","line":275}]},{"type":"contract","name":"Context","bases":"","specs":"","line":300,"functions":[{"type":"func","name":"_msgSender","spec":"[Int]","payable":"","modifiers":"","line":301},{"type":"func","name":"_msgData","spec":"[Int]","payable":"","modifiers":"","line":305}]},{"type":"contract","name":"EnumerableSet","bases":"","specs":"[Lib]","line":351,"functions":[{"type":"func","name":"_add","spec":"[Prv]","payable":"","modifiers":"","line":375},{"type":"func","name":"_remove","spec":"[Prv]","payable":"","modifiers":"","line":393},{"type":"func","name":"_contains","spec":"[Prv]","payable":"","modifiers":"","line":430},{"type":"func","name":"_length","spec":"[Prv]","payable":"","modifiers":"","line":437},{"type":"func","name":"_at","spec":"[Prv]","payable":"","modifiers":"","line":451},{"type":"func","name":"_values","spec":"[Prv]","payable":"","modifiers":"","line":463},{"type":"func","name":"add","spec":"[Int]","payable":"","modifiers":"","line":479},{"type":"func","name":"remove","spec":"[Int]","payable":"","modifiers":"","line":489},{"type":"func","name":"contains","spec":"[Int]","payable":"","modifiers":"","line":496},{"type":"func","name":"length","spec":"[Int]","payable":"","modifiers":"","line":503},{"type":"func","name":"at","spec":"[Int]","payable":"","modifiers":"","line":517},{"type":"func","name":"values","spec":"[Int]","payable":"","modifiers":"","line":529},{"type":"func","name":"add","spec":"[Int]","payable":"","modifiers":"","line":553},{"type":"func","name":"remove","spec":"[Int]","payable":"","modifiers":"","line":563},{"type":"func","name":"contains","spec":"[Int]","payable":"","modifiers":"","line":570},{"type":"func","name":"length","spec":"[Int]","payable":"","modifiers":"","line":577},{"type":"func","name":"at","spec":"[Int]","payable":"","modifiers":"","line":591},{"type":"func","name":"values","spec":"[Int]","payable":"","modifiers":"","line":603},{"type":"func","name":"add","spec":"[Int]","payable":"","modifiers":"","line":627},{"type":"func","name":"remove","spec":"[Int]","payable":"","modifiers":"","line":637},{"type":"func","name":"contains","spec":"[Int]","payable":"","modifiers":"","line":644},{"type":"func","name":"length","spec":"[Int]","payable":"","modifiers":"","line":651},{"type":"func","name":"at","spec":"[Int]","payable":"","modifiers":"","line":665},{"type":"func","name":"values","spec":"[Int]","payable":"","modifiers":"","line":677}]},{"type":"contract","name":"IUniswapV2Factory","bases":"","specs":"[Int]","line":694,"functions":[{"type":"func","name":"feeTo","spec":"[Ext]","payable":"","modifiers":"","line":697},{"type":"func","name":"feeToSetter","spec":"[Ext]","payable":"","modifiers":"","line":698},{"type":"func","name":"getPair","spec":"[Ext]","payable":"","modifiers":"","line":700},{"type":"func","name":"allPairs","spec":"[Ext]","payable":"","modifiers":"","line":701},{"type":"func","name":"allPairsLength","spec":"[Ext]","payable":"","modifiers":"","line":702},{"type":"func","name":"createPair","spec":"[Ext]","payable":"","modifiers":"","line":704},{"type":"func","name":"setFeeTo","spec":"[Ext]","payable":"","modifiers":"","line":706},{"type":"func","name":"setFeeToSetter","spec":"[Ext]","payable":"","modifiers":"","line":707}]},{"type":"contract","name":"IERC20ConfigByMetadrop","bases":"","specs":"[Int]","line":724,"functions":[]},{"type":"contract","name":"IConfigStructures","bases":"","specs":"[Int]","line":800,"functions":[]},{"type":"contract","name":"IERC20ByMetadrop","bases":"(IConfigStructures, IERC20, IERC20ConfigByMetadrop, IERC20Metadata)","specs":"[Int]","line":916,"functions":[{"type":"func","name":"addInitialLiquidity","spec":"[Ext]","payable":" ($)","modifiers":"","line":1003},{"type":"func","name":"isLiquidityPool","spec":"[Ext]","payable":"","modifiers":"","line":1017},{"type":"func","name":"liquidityPools","spec":"[Ext]","payable":"","modifiers":"","line":1026},{"type":"func","name":"addLiquidityPool","spec":"[Ext]","payable":"","modifiers":"","line":1038},{"type":"func","name":"removeLiquidityPool","spec":"[Ext]","payable":"","modifiers":"","line":1047},{"type":"func","name":"isUnlimited","spec":"[Ext]","payable":"","modifiers":"","line":1057},{"type":"func","name":"unlimitedAddresses","spec":"[Ext]","payable":"","modifiers":"","line":1066},{"type":"func","name":"addUnlimited","spec":"[Ext]","payable":"","modifiers":"","line":1078},{"type":"func","name":"removeUnlimited","spec":"[Ext]","payable":"","modifiers":"","line":1087},{"type":"func","name":"isValidCaller","spec":"[Ext]","payable":"","modifiers":"","line":1097},{"type":"func","name":"validCallers","spec":"[Ext]","payable":"","modifiers":"","line":1106},{"type":"func","name":"addValidCaller","spec":"[Ext]","payable":"","modifiers":"","line":1118},{"type":"func","name":"removeValidCaller","spec":"[Ext]","payable":"","modifiers":"","line":1127},{"type":"func","name":"setProjectTaxRecipient","spec":"[Ext]","payable":"","modifiers":"","line":1136},{"type":"func","name":"setSwapThresholdBasisPoints","spec":"[Ext]","payable":"","modifiers":"","line":1145},{"type":"func","name":"setProjectTaxRates","spec":"[Ext]","payable":"","modifiers":"","line":1157},{"type":"func","name":"setLimits","spec":"[Ext]","payable":"","modifiers":"","line":1170},{"type":"func","name":"limitsEnforced","spec":"[Ext]","payable":"","modifiers":"","line":1182},{"type":"func","name":"getMetadropBuyTaxBasisPoints","spec":"[Ext]","payable":"","modifiers":"","line":1189},{"type":"func","name":"getMetadropSellTaxBasisPoints","spec":"[Ext]","payable":"","modifiers":"","line":1196},{"type":"func","name":"totalBuyTaxBasisPoints","spec":"[Ext]","payable":"","modifiers":"","line":1203},{"type":"func","name":"totalSellTaxBasisPoints","spec":"[Ext]","payable":"","modifiers":"","line":1210},{"type":"func","name":"distributeTaxTokens","spec":"[Ext]","payable":"","modifiers":"","line":1232},{"type":"func","name":"rescueETH","spec":"[Ext]","payable":"","modifiers":"","line":1248},{"type":"func","name":"rescueERC20","spec":"[Ext]","payable":"","modifiers":"","line":1266},{"type":"func","name":"rescueExcessToken","spec":"[Ext]","payable":"","modifiers":"","line":1274},{"type":"func","name":"burn","spec":"[Ext]","payable":"","modifiers":"","line":1281},{"type":"func","name":"burnFrom","spec":"[Ext]","payable":"","modifiers":"","line":1294}]},{"type":"contract","name":"IErrors","bases":"","specs":"[Int]","line":1311,"functions":[]},{"type":"contract","name":"IERC20FactoryByMetadrop","bases":"(IConfigStructures, IErrors, IERC20ConfigByMetadrop)","specs":"[Int]","line":1651,"functions":[{"type":"func","name":"initialiseMachineAddress","spec":"[Ext]","payable":"","modifiers":"","line":1689},{"type":"func","name":"decommissionFactory","spec":"[Ext]","payable":"","modifiers":"","line":1697},{"type":"func","name":"setMetadropOracleAddress","spec":"[Ext]","payable":"","modifiers":"","line":1706},{"type":"func","name":"setMessageValidityInSeconds","spec":"[Ext]","payable":"","modifiers":"","line":1715},{"type":"func","name":"setPlatformTreasury","spec":"[Ext]","payable":"","modifiers":"","line":1730},{"type":"func","name":"setMachineAddress","spec":"[Ext]","payable":"","modifiers":"","line":1739},{"type":"func","name":"setDriPoolAddress","spec":"[Ext]","payable":"","modifiers":"","line":1748},{"type":"func","name":"withdrawETH","spec":"[Ext]","payable":"","modifiers":"","line":1757},{"type":"func","name":"withdrawERC20","spec":"[Ext]","payable":"","modifiers":"","line":1767},{"type":"func","name":"createERC20","spec":"[Ext]","payable":" ($)","modifiers":"","line":1782},{"type":"func","name":"createConfigHash","spec":"[Ext]","payable":"","modifiers":"","line":1805}]},{"type":"contract","name":"Revert","bases":"","specs":"","line":1830,"functions":[{"type":"func","name":"_revert","spec":"[Int]","payable":"","modifiers":"","line":1834}]},{"type":"contract","name":"Ownable","bases":"(IErrors, Revert, Context)","specs":"","line":1861,"functions":[{"type":"func","name":"<Constructor>","spec":"[Pub]","payable":"","modifiers":"","line":1872},{"type":"func","name":"owner","spec":"[Pub]","payable":"","modifiers":"","line":1887},{"type":"func","name":"_checkOwner","spec":"[Int]","payable":"","modifiers":"","line":1894},{"type":"func","name":"renounceOwnership","spec":"[Pub]","payable":"","modifiers":"onlyOwner","line":1907},{"type":"func","name":"transferOwnership","spec":"[Pub]","payable":"","modifiers":"onlyOwner","line":1915},{"type":"func","name":"_transferOwnership","spec":"[Int]","payable":"","modifiers":"","line":1926}]},{"type":"contract","name":"Ownable2Step","bases":"(Ownable)","specs":"","line":1951,"functions":[{"type":"func","name":"pendingOwner","spec":"[Pub]","payable":"","modifiers":"","line":1962},{"type":"func","name":"transferOwnership","spec":"[Pub]","payable":"","modifiers":"onlyOwner","line":1970},{"type":"func","name":"_transferOwnership","spec":"[Int]","payable":"","modifiers":"","line":1981},{"type":"func","name":"acceptOwnership","spec":"[Pub]","payable":"","modifiers":"","line":1989}]},{"type":"contract","name":"IERC20Permit","bases":"","specs":"[Int]","line":2012,"functions":[{"type":"func","name":"permit","spec":"[Ext]","payable":"","modifiers":"","line":2034},{"type":"func","name":"nonces","spec":"[Ext]","payable":"","modifiers":"","line":2051},{"type":"func","name":"DOMAIN_SEPARATOR","spec":"[Ext]","payable":"","modifiers":"","line":2057}]},{"type":"contract","name":"Address","bases":"","specs":"[Lib]","line":2069,"functions":[{"type":"func","name":"isContract","spec":"[Int]","payable":"","modifiers":"","line":2100},{"type":"func","name":"sendValue","spec":"[Int]","payable":"","modifiers":"","line":2124},{"type":"func","name":"functionCall","spec":"[Int]","payable":"","modifiers":"","line":2149},{"type":"func","name":"functionCall","spec":"[Int]","payable":"","modifiers":"","line":2159},{"type":"func","name":"functionCallWithValue","spec":"[Int]","payable":"","modifiers":"","line":2178},{"type":"func","name":"functionCallWithValue","spec":"[Int]","payable":"","modifiers":"","line":2188},{"type":"func","name":"functionStaticCall","spec":"[Int]","payable":"","modifiers":"","line":2205},{"type":"func","name":"functionStaticCall","spec":"[Int]","payable":"","modifiers":"","line":2215},{"type":"func","name":"functionDelegateCall","spec":"[Int]","payable":"","modifiers":"","line":2230},{"type":"func","name":"functionDelegateCall","spec":"[Int]","payable":"","modifiers":"","line":2240},{"type":"func","name":"verifyCallResultFromTarget","spec":"[Int]","payable":"","modifiers":"","line":2255},{"type":"func","name":"verifyCallResult","spec":"[Int]","payable":"","modifiers":"","line":2279},{"type":"func","name":"_revert","spec":"[Prv]","payable":"","modifiers":"","line":2291}]},{"type":"contract","name":"SafeERC20","bases":"","specs":"[Lib]","line":2322,"functions":[{"type":"func","name":"safeTransfer","spec":"[Int]","payable":"","modifiers":"","line":2329},{"type":"func","name":"safeTransferFrom","spec":"[Int]","payable":"","modifiers":"","line":2337},{"type":"func","name":"safeIncreaseAllowance","spec":"[Int]","payable":"","modifiers":"","line":2353},{"type":"func","name":"safeDecreaseAllowance","spec":"[Int]","payable":"","modifiers":"","line":2366},{"type":"func","name":"forceApprove","spec":"[Int]","payable":"","modifiers":"","line":2385},{"type":"func","name":"safePermit","spec":"[Int]","payable":"","modifiers":"","line":2398},{"type":"func","name":"_callOptionalReturn","spec":"[Prv]","payable":"","modifiers":"","line":2422},{"type":"func","name":"_callOptionalReturnBool","spec":"[Prv]","payable":"","modifiers":"","line":2441}]},{"type":"contract","name":"IERCBurn","bases":"","specs":"[Int]","line":2463,"functions":[{"type":"func","name":"burn","spec":"[Ext]","payable":"","modifiers":"","line":2464},{"type":"func","name":"approve","spec":"[Ext]","payable":"","modifiers":"","line":2466},{"type":"func","name":"allowance","spec":"[Ext]","payable":"","modifiers":"","line":2468},{"type":"func","name":"balanceOf","spec":"[Ext]","payable":"","modifiers":"","line":2470}]},{"type":"contract","name":"IMigrator","bases":"","specs":"[Int]","line":2473,"functions":[{"type":"func","name":"migrate","spec":"[Ext]","payable":"","modifiers":"","line":2474}]},{"type":"contract","name":"IUniswapV2Locker","bases":"","specs":"[Int]","line":2482,"functions":[{"type":"func","name":"setDev","spec":"[Ext]","payable":"","modifiers":"","line":2509},{"type":"func","name":"setMigrator","spec":"[Ext]","payable":"","modifiers":"","line":2514},{"type":"func","name":"setSecondaryFeeToken","spec":"[Ext]","payable":"","modifiers":"","line":2516},{"type":"func","name":"setReferralTokenAndHold","spec":"[Ext]","payable":"","modifiers":"","line":2521},{"type":"func","name":"setFees","spec":"[Ext]","payable":"","modifiers":"","line":2526},{"type":"func","name":"whitelistFeeAccount","spec":"[Ext]","payable":"","modifiers":"","line":2538},{"type":"func","name":"lockLPToken","spec":"[Ext]","payable":" ($)","modifiers":"","line":2549},{"type":"func","name":"relock","spec":"[Ext]","payable":"","modifiers":"","line":2562},{"type":"func","name":"withdraw","spec":"[Ext]","payable":"","modifiers":"","line":2573},{"type":"func","name":"incrementLock","spec":"[Ext]","payable":"","modifiers":"","line":2583},{"type":"func","name":"splitLock","spec":"[Ext]","payable":" ($)","modifiers":"","line":2594},{"type":"func","name":"transferLockOwnership","spec":"[Ext]","payable":"","modifiers":"","line":2604},{"type":"func","name":"migrate","spec":"[Ext]","payable":"","modifiers":"","line":2614},{"type":"func","name":"getNumLocksForToken","spec":"[Ext]","payable":"","modifiers":"","line":2621},{"type":"func","name":"getNumLockedTokens","spec":"[Ext]","payable":"","modifiers":"","line":2625},{"type":"func","name":"getLockedTokenAtIndex","spec":"[Ext]","payable":"","modifiers":"","line":2627},{"type":"func","name":"getUserNumLockedTokens","spec":"[Ext]","payable":"","modifiers":"","line":2632},{"type":"func","name":"getUserLockedTokenAtIndex","spec":"[Ext]","payable":"","modifiers":"","line":2636},{"type":"func","name":"getUserNumLocksForToken","spec":"[Ext]","payable":"","modifiers":"","line":2641},{"type":"func","name":"getUserLockForTokenAtIndex","spec":"[Ext]","payable":"","modifiers":"","line":2646},{"type":"func","name":"getWhitelistedUsersLength","spec":"[Ext]","payable":"","modifiers":"","line":2656},{"type":"func","name":"getWhitelistedUserAtIndex","spec":"[Ext]","payable":"","modifiers":"","line":2658},{"type":"func","name":"getUserWhitelistStatus","spec":"[Ext]","payable":"","modifiers":"","line":2662}]},{"type":"contract","name":"IWETH","bases":"(IERC20)","specs":"[Int]","line":2669,"functions":[{"type":"func","name":"deposit","spec":"[Ext]","payable":" ($)","modifiers":"","line":2670},{"type":"func","name":"withdraw","spec":"[Ext]","payable":"","modifiers":"","line":2672}]},{"type":"contract","name":"ERC20ByMetadrop","bases":"(Context, IERC20ByMetadrop, Ownable2Step)","specs":"","line":2687,"functions":[{"type":"func","name":"<Constructor>","spec":"[Pub]","payable":"","modifiers":"","line":2810},{"type":"func","name":"_decodeBaseParams","spec":"[Int]","payable":"","modifiers":"","line":2912},{"type":"func","name":"_processSupplyParams","spec":"[Int]","payable":"","modifiers":"","line":2929},{"type":"func","name":"_processTaxParams","spec":"[Int]","payable":"","modifiers":"","line":2985},{"type":"func","name":"_mintBalances","spec":"[Int]","payable":"","modifiers":"","line":3049},{"type":"func","name":"_createPair","spec":"[Int]","payable":"","modifiers":"","line":3074},{"type":"func","name":"addInitialLiquidity","spec":"[Ext]","payable":" ($)","modifiers":"onlyOwnerFactoryOrPool","line":3121},{"type":"func","name":"_addInitialLiquidity","spec":"[Int]","payable":"","modifiers":"","line":3160},{"type":"func","name":"_addLiquidityToVault","spec":"[Int]","payable":"","modifiers":"","line":3217},{"type":"func","name":"_burnLiquidity","spec":"[Int]","payable":"","modifiers":"","line":3239},{"type":"func","name":"isLiquidityPool","spec":"[Pub]","payable":"","modifiers":"","line":3253},{"type":"func","name":"liquidityPools","spec":"[Ext]","payable":"","modifiers":"","line":3270},{"type":"func","name":"addLiquidityPool","spec":"[Pub]","payable":"","modifiers":"onlyOwner","line":3285},{"type":"func","name":"removeLiquidityPool","spec":"[Ext]","payable":"","modifiers":"onlyOwner","line":3306},{"type":"func","name":"isUnlimited","spec":"[Pub]","payable":"","modifiers":"","line":3322},{"type":"func","name":"unlimitedAddresses","spec":"[Ext]","payable":"","modifiers":"","line":3333},{"type":"func","name":"addUnlimited","spec":"[Ext]","payable":"","modifiers":"onlyOwner","line":3348},{"type":"func","name":"removeUnlimited","spec":"[Ext]","payable":"","modifiers":"onlyOwner","line":3361},{"type":"func","name":"isValidCaller","spec":"[Pub]","payable":"","modifiers":"","line":3375},{"type":"func","name":"validCallers","spec":"[Ext]","payable":"","modifiers":"","line":3386},{"type":"func","name":"addValidCaller","spec":"[Ext]","payable":"","modifiers":"onlyOwner","line":3401},{"type":"func","name":"removeValidCaller","spec":"[Ext]","payable":"","modifiers":"onlyOwner","line":3413},{"type":"func","name":"setProjectTaxRecipient","spec":"[Ext]","payable":"","modifiers":"onlyOwner","line":3428},{"type":"func","name":"setSwapThresholdBasisPoints","spec":"[Ext]","payable":"","modifiers":"onlyOwner","line":3442},{"type":"func","name":"setProjectTaxRates","spec":"[Ext]","payable":"","modifiers":"onlyOwner","line":3464},{"type":"func","name":"setLimits","spec":"[Ext]","payable":"","modifiers":"onlyOwner","line":3565},{"type":"func","name":"limitsEnforced","spec":"[Pub]","payable":"","modifiers":"","line":3613},{"type":"func","name":"name","spec":"[Pub]","payable":"","modifiers":"","line":3640},{"type":"func","name":"symbol","spec":"[Pub]","payable":"","modifiers":"","line":3648},{"type":"func","name":"decimals","spec":"[Pub]","payable":"","modifiers":"","line":3665},{"type":"func","name":"totalSupply","spec":"[Pub]","payable":"","modifiers":"","line":3672},{"type":"func","name":"getMetadropBuyTaxBasisPoints","spec":"[Pub]","payable":"","modifiers":"","line":3681},{"type":"func","name":"getMetadropSellTaxBasisPoints","spec":"[Pub]","payable":"","modifiers":"","line":3695},{"type":"func","name":"totalBuyTaxBasisPoints","spec":"[Pub]","payable":"","modifiers":"","line":3709},{"type":"func","name":"totalSellTaxBasisPoints","spec":"[Pub]","payable":"","modifiers":"","line":3718},{"type":"func","name":"balanceOf","spec":"[Pub]","payable":"","modifiers":"","line":3725},{"type":"func","name":"transfer","spec":"[Pub]","payable":"","modifiers":"","line":3739},{"type":"func","name":"allowance","spec":"[Pub]","payable":"","modifiers":"","line":3756},{"type":"func","name":"approve","spec":"[Pub]","payable":"","modifiers":"","line":3773},{"type":"func","name":"transferFrom","spec":"[Pub]","payable":"","modifiers":"","line":3798},{"type":"func","name":"increaseAllowance","spec":"[Pub]","payable":"","modifiers":"","line":3821},{"type":"func","name":"decreaseAllowance","spec":"[Pub]","payable":"","modifiers":"","line":3844},{"type":"func","name":"_transfer","spec":"[Int]","payable":"","modifiers":"","line":3874},{"type":"func","name":"_pretaxValidationAndLimits","spec":"[Int]","payable":"","modifiers":"","line":3918},{"type":"func","name":"_posttaxValidationAndLimits","spec":"[Int]","payable":"","modifiers":"","line":3984},{"type":"func","name":"_taxProcessing","spec":"[Int]","payable":"","modifiers":"","line":4026},{"type":"func","name":"_autoburnProcessing","spec":"[Int]","payable":"","modifiers":"","line":4089},{"type":"func","name":"totalTaxPendingSwap","spec":"[Pub]","payable":"","modifiers":"","line":4139},{"type":"func","name":"_autoSwap","spec":"[Int]","payable":"","modifiers":"","line":4151},{"type":"func","name":"_eligibleForSwap","spec":"[Int]","payable":"","modifiers":"","line":4189},{"type":"func","name":"_swapTaxForNative","spec":"[Int]","payable":"","modifiers":"","line":4210},{"type":"func","name":"distributeTaxTokens","spec":"[Ext]","payable":"","modifiers":"notDuringAutoswap","line":4381},{"type":"func","name":"rescueETH","spec":"[Ext]","payable":"","modifiers":"notDuringAutoswap","line":4414},{"type":"func","name":"rescueERC20","spec":"[Ext]","payable":"","modifiers":"notDuringAutoswap","line":4437},{"type":"func","name":"rescueExcessToken","spec":"[Ext]","payable":"","modifiers":"notDuringAutoswap","line":4453},{"type":"func","name":"_mint","spec":"[Int]","payable":"","modifiers":"","line":4472},{"type":"func","name":"_burn","spec":"[Int]","payable":"","modifiers":"","line":4500},{"type":"func","name":"_approve","spec":"[Int]","payable":"","modifiers":"","line":4536},{"type":"func","name":"_spendAllowance","spec":"[Int]","payable":"","modifiers":"","line":4561},{"type":"func","name":"burn","spec":"[Pub]","payable":"","modifiers":"","line":4583},{"type":"func","name":"burnFrom","spec":"[Pub]","payable":"","modifiers":"","line":4598},{"type":"func","name":"_beforeTokenTransfer","spec":"[Int]","payable":"","modifiers":"","line":4617},{"type":"func","name":"_afterTokenTransfer","spec":"[Int]","payable":"","modifiers":"","line":4637},{"type":"func","name":"<Receive Ether>","spec":"[Ext]","payable":" ($)","modifiers":"","line":4643}]}]