{"reportContents":"# Function Description Report\n\n## Files Description Table\n\n\n|  File Name  |  SHA-1 Hash  |\n|-------------|--------------|\n\n\n## Contracts Description Table\n\n\n|  Contract  |         Type        |       Bases      |                  |                 |\n|:----------:|:-------------------:|:----------------:|:----------------:|:---------------:|\n|     └      |  **Function Name**  |  **Visibility**  |  **Mutability**  |  **Modifiers**  |\n||||||\n| **InitializableAdminUpgradeabilityProxy** | Implementation | BaseAdminUpgradeabilityProxy, InitializableUpgradeabilityProxy |||\n| └ | initialize | Public ❗️ |  💵 |NO❗️ |\n| └ | _willFallback | Internal 🔒 | 🛑  | |\n\n\n## Legend\n\n|  Symbol  |  Meaning  |\n|:--------:|-----------|\n|    🛑    | Function can modify state |\n|    💵    | Function is payable |\n","tableRows":[{"type":"contract","name":"InitializableAdminUpgradeabilityProxy","spec":"Implementation","mutating":null,"payable":null},{"type":"func","name":"initialize","spec":"Public ❗️","mutating":"","payable":"💵"},{"type":"func","name":"_willFallback","spec":"Internal 🔒","mutating":"🛑","payable":""}]}