{"data":{"tokens":[{"address":"0x7fc66500c84a76ad7e9c93437bfc5ac33e2ddae9","decimals":18,"id":"0x7fc66500c84a76ad7e9c93437bfc5ac33e2ddae9:1","name":"Aave Token","networkId":1,"symbol":"AAVE","imageLargeUrl":"https://token-media.defined.fi/1_0x7fc66500c84a76ad7e9c93437bfc5ac33e2ddae9_large.png","imageSmallUrl":"https://token-media.defined.fi/1_0x7fc66500c84a76ad7e9c93437bfc5ac33e2ddae9_small.png","imageThumbUrl":"https://token-media.defined.fi/1_0x7fc66500c84a76ad7e9c93437bfc5ac33e2ddae9_thumb.png","explorerData":{"id":"0x7fc66500c84a76ad7e9c93437bfc5ac33e2ddae9:1","blueCheckmark":true,"description":"Aave is an Open Source and Non-Custodial protocol to earn interest on deposits & borrow assets. It also features access to highly innovative flash loans, which let developers borrow instantly and easily; no collateral needed. With 16 different assets, 5 of which are stablecoins.","divisor":"18","tokenPriceUSD":"110.011379251100000000","tokenType":"ERC20","__typename":"ExplorerTokenData"},"info":{"address":"0x7fc66500c84a76ad7e9c93437bfc5ac33e2ddae9","circulatingSupply":"14667653","id":"0x7fc66500c84a76ad7e9c93437bfc5ac33e2ddae9:1","imageLargeUrl":"https://token-media.defined.fi/1_0x7fc66500c84a76ad7e9c93437bfc5ac33e2ddae9_large.png","imageSmallUrl":"https://token-media.defined.fi/1_0x7fc66500c84a76ad7e9c93437bfc5ac33e2ddae9_small.png","imageThumbUrl":"https://token-media.defined.fi/1_0x7fc66500c84a76ad7e9c93437bfc5ac33e2ddae9_thumb.png","isScam":null,"name":"Aave Token","networkId":1,"symbol":"AAVE","totalSupply":"16000000","__typename":"TokenInfo"},"socialLinks":{"bitcointalk":"https://bitcointalk.org/index.php?topic=2090735","blog":"https://medium.com/aave","coingecko":null,"coinmarketcap":null,"discord":"https://aave.com/discord","email":"wecare@aave.com","facebook":"https://www.facebook.com/AaveCom","github":"https://github.com/aave/aave-protocol","instagram":null,"linkedin":"https://www.linkedin.com/company/aaveaave","reddit":"https://www.reddit.com/r/Aave_Official","slack":"https://join.slack.com/t/ethlend/shared_invite/enQtMjM3NzI4NTAzMjAzLTg0ZjIxOTVlZTE0MzkwYTI5Njc1NGIyOTMxMWExZTY4ZmViNzQzYjJjNTY2ZWIzMThhNjMwOTBmNGNhZjJjMWM","telegram":"https://t.me/Aavesome","twitch":null,"twitter":"https://twitter.com/AaveAave","website":"https://aave.com/","wechat":"","whitepaper":"https://github.com/aave/aave-protocol/blob/master/docs/Aave_Protocol_Whitepaper_v1_0.pdf","youtube":null,"__typename":"SocialLinks"},"__typename":"EnhancedToken"}]}}