{"text":"The audit of the AAVE token, commonly known as Aave Token, has been concluded and the findings divulged. For the most part, the token checks in respectably within the market norms. For instance, there's no sell tax which is a positive attribute and the buy tax stands at a standard 0.01%.\n\nHowever, potential investors and users should pay attention to a crucial risk highlight. The audit identifies a honeypot danger, where the owners are potentially capable of withholding funds. On the optimistic side, the AAVE token has implemented anti-whale measures which help prevent the manipulation of token prices by large holders. Moreover, the token is mintable; a feature that opens avenues to increase the token supply.\n\nTrading activities have not been overly restricted, as there are no blacklisting practices, making it user-friendly. In keeping with market trends, the AAVE token is listed on a decentralized exchange (dex). The number of holders is quite impressive, at a little over 164,192, demonstrating strong adoption, while more than 10 liquidity providers hold the token, indicating confidence among liquidity providers.\n\nThe audit also scrutinizes the potential flaws and security risks concerning the AAVE token. Although no high-severity issues were unearthed — a commendable trait — there were a couple of medium-severity issues identified. While they are not overly alarming, these findings suggest that careful attention is necessary to enhance the overall security and trustworthiness of the codebase moving forward. On the bright side, no low-severity issues were found, showing that the minor details have been well handled in the development of the token. Although not perfect, the Aave Token demonstrates significant potential and highlights the importance of audits in enhancing the token's integrity.","table":{"token_name":"Aave Token","token_symbol":"AAVE","external_functions":1,"internal_functions":1,"private_functions":0,"view_functions":0,"pure_functions":0,"payable_functions":0,"total_functions":2,"number_of_medium_severity_issues":2,"number_of_high_severity_issues":0,"number_of_low_severity_issues":0,"buy_tax":"0.0001","holder_count":"164192","is_in_dex":"1","is_open_source":"1","lp_holder_count":"10","total_supply":"16000000","sell_tax":"0"}}