{"data":{"tokens":[{"address":"0xb2617246d0c6c0087f18703d576831899ca94f01","decimals":18,"id":"0xb2617246d0c6c0087f18703d576831899ca94f01:1","name":"ZigCoin","networkId":1,"symbol":"ZIG","imageLargeUrl":"https://token-media.defined.fi/1_0xb2617246d0c6c0087f18703d576831899ca94f01_large.png","imageSmallUrl":"https://token-media.defined.fi/1_0xb2617246d0c6c0087f18703d576831899ca94f01_small.png","imageThumbUrl":"https://token-media.defined.fi/1_0xb2617246d0c6c0087f18703d576831899ca94f01_thumb.png","explorerData":{"id":"0xb2617246d0c6c0087f18703d576831899ca94f01:1","blueCheckmark":false,"description":null,"divisor":null,"tokenPriceUSD":null,"tokenType":null,"__typename":"ExplorerTokenData"},"info":{"address":"0xb2617246d0c6c0087f18703d576831899ca94f01","circulatingSupply":"695673874","id":"0xb2617246d0c6c0087f18703d576831899ca94f01:1","imageLargeUrl":"https://token-media.defined.fi/1_0xb2617246d0c6c0087f18703d576831899ca94f01_large.png","imageSmallUrl":"https://token-media.defined.fi/1_0xb2617246d0c6c0087f18703d576831899ca94f01_small.png","imageThumbUrl":"https://token-media.defined.fi/1_0xb2617246d0c6c0087f18703d576831899ca94f01_thumb.png","isScam":null,"name":"ZigCoin","networkId":1,"symbol":"ZIG","totalSupply":"2000000000","__typename":"TokenInfo"},"socialLinks":{"bitcointalk":null,"blog":null,"coingecko":null,"coinmarketcap":null,"discord":null,"email":null,"facebook":null,"github":null,"instagram":null,"linkedin":null,"reddit":null,"slack":null,"telegram":null,"twitch":null,"twitter":null,"website":null,"wechat":null,"whitepaper":null,"youtube":null,"__typename":"SocialLinks"},"__typename":"EnhancedToken"}]}}