{"time":1702713348251,"data":{"code":1,"message":"OK","result":{"0xb2617246d0c6c0087f18703d576831899ca94f01":{"anti_whale_modifiable":"0","buy_tax":"0","can_take_back_ownership":"0","cannot_buy":"0","cannot_sell_all":"0","creator_address":"0x3bcd9e57ab8f5e46947811e07212a27ed00a41f6","creator_balance":"0","creator_percent":"0.000000","dex":[{"liquidity_type":"UniV2","name":"UniswapV2","liquidity":"336805.11540350","pair":"0xb36ec83d844c0579ec2493f10b2087e96bb65460"}],"external_call":"0","hidden_owner":"0","holder_count":"4724","holders":[{"address":"0x4cc0fae6b4e889396f35ed9d0f6934284fa00d20","tag":"","is_contract":1,"balance":"545000000","percent":"0.272500000000000000","is_locked":0},{"address":"0x378bb8ec3bf4db2a9cc83ab0893857c0ba9899c4","tag":"","is_contract":1,"balance":"335667085.90000172008374","percent":"0.167833542950000860","is_locked":0},{"address":"0x98a808a1f425bc2d11cccd291d5757b623c5a71b","tag":"","is_contract":0,"balance":"116420947.3","percent":"0.058210473650000000","is_locked":0},{"address":"0x3cc936b795a188f0e246cbb2d74c5bd190aecf18","tag":"","is_contract":0,"balance":"93506157.46868125077360164","percent":"0.046753078734340625","is_locked":0},{"address":"0x905dce3fa24abf363c82671990a87d0f6f376304","tag":"","is_contract":0,"balance":"92680435.002586942965722853","percent":"0.046340217501293471","is_locked":0},{"address":"0x75e89d5979e4f6fba9f97c104c2f0afb3f1dcb88","tag":"","is_contract":0,"balance":"77729146.669297153995998308","percent":"0.038864573334648576","is_locked":0},{"address":"0x3adb2a71cb3adf969010c53ee501719fa1e73b79","tag":"","is_contract":0,"balance":"74365320","percent":"0.037182660000000000","is_locked":0},{"address":"0x3265bf56ab6c2e3cb39bb0b1bf41307ed87bfa35","tag":"","is_contract":1,"balance":"74140632.607959007653269043","percent":"0.037070316303979503","is_locked":0},{"address":"0x313dda2145981b7b7c490a0be6d8de8656473e4b","tag":"","is_contract":0,"balance":"58328328","percent":"0.029164164000000000","is_locked":0},{"address":"0xf89d7b9c864f589bbf53a82105107622b35eaa40","tag":"","is_contract":0,"balance":"38345565.562400808339541429","percent":"0.019172782781200404","is_locked":0}],"honeypot_with_same_creator":"0","is_anti_whale":"0","is_blacklisted":"0","is_honeypot":"0","is_in_dex":"1","is_mintable":"0","is_open_source":"1","is_proxy":"0","is_whitelisted":"0","lp_holder_count":"4","lp_holders":[{"address":"0x98a808a1f425bc2d11cccd291d5757b623c5a71b","tag":"","value":null,"is_contract":0,"balance":"31694.125805677418543694","percent":"0.999888119457377265","NFT_list":null,"is_locked":0},{"address":"0x466a0c0e8fe7ab66d9900db36543de65db9a9b5b","tag":"","value":null,"is_contract":1,"balance":"3.546352","percent":"0.000111880518615809","NFT_list":null,"is_locked":0},{"address":"0xbb0cb646e9aea0084bf7df484a998cf8951770d8","tag":"","value":null,"is_contract":0,"balance":"0.000000760963632948","percent":"0.000000000024006924","NFT_list":null,"is_locked":0},{"address":"0x0000000000000000000000000000000000000000","tag":"Null Address","value":null,"is_contract":0,"balance":"0.000000000000001","percent":"0.000000000000000000","NFT_list":null,"is_locked":1}],"lp_total_supply":"31697.672158438382177642","owner_address":"","owner_balance":"0","owner_change_balance":"0","owner_percent":"0","personal_slippage_modifiable":"0","selfdestruct":"0","sell_tax":"0","slippage_modifiable":"0","token_name":"ZigCoin","token_symbol":"ZIG","total_supply":"2000000000","trading_cooldown":"0","transfer_pausable":"0"}}}}