{
    "nodes": [
        {
            "id": "IERC1967"
        },
        {
            "id": "ITransparentUpgradeableProxy"
        },
        {
            "id": "ERC1967Proxy"
        },
        {
            "id": "TransparentUpgradeableProxy"
        }
    ],
    "links": [
        {
            "source": "IERC1967",
            "target": "ITransparentUpgradeableProxy"
        },
        {
            "source": "ERC1967Proxy",
            "target": "TransparentUpgradeableProxy"
        }
    ]
}