{"reportContents":"# Function Description Report\n\n## Files Description Table\n\n\n|  File Name  |  SHA-1 Hash  |\n|-------------|--------------|\n\n\n## Contracts Description Table\n\n\n|  Contract  |         Type        |       Bases      |                  |                 |\n|:----------:|:-------------------:|:----------------:|:----------------:|:---------------:|\n|     └      |  **Function Name**  |  **Visibility**  |  **Mutability**  |  **Modifiers**  |\n||||||\n| **ITransparentUpgradeableProxy** | Interface | IERC1967 |||\n| └ | admin | External ❗️ |   |NO❗️ |\n| └ | implementation | External ❗️ |   |NO❗️ |\n| └ | changeAdmin | External ❗️ | 🛑  |NO❗️ |\n| └ | upgradeTo | External ❗️ | 🛑  |NO❗️ |\n| └ | upgradeToAndCall | External ❗️ |  💵 |NO❗️ |\n||||||\n| **TransparentUpgradeableProxy** | Implementation | ERC1967Proxy |||\n| └ | <Constructor> | Public ❗️ |  💵 | ERC1967Proxy |\n| └ | _fallback | Internal 🔒 | 🛑  | |\n| └ | _dispatchAdmin | Private 🔐 | 🛑  | |\n| └ | _dispatchImplementation | Private 🔐 | 🛑  | |\n| └ | _dispatchChangeAdmin | Private 🔐 | 🛑  | |\n| └ | _dispatchUpgradeTo | Private 🔐 | 🛑  | |\n| └ | _dispatchUpgradeToAndCall | Private 🔐 | 🛑  | |\n| └ | _admin | Internal 🔒 |   | |\n| └ | _requireZeroValue | Private 🔐 | 🛑  | |\n\n\n## Legend\n\n|  Symbol  |  Meaning  |\n|:--------:|-----------|\n|    🛑    | Function can modify state |\n|    💵    | Function is payable |\n","tableRows":[{"type":"contract","name":"ITransparentUpgradeableProxy","spec":"Interface","mutating":null,"payable":null},{"type":"func","name":"admin","spec":"External ❗️","mutating":"","payable":""},{"type":"func","name":"implementation","spec":"External ❗️","mutating":"","payable":""},{"type":"func","name":"changeAdmin","spec":"External ❗️","mutating":"🛑","payable":""},{"type":"func","name":"upgradeTo","spec":"External ❗️","mutating":"🛑","payable":""},{"type":"func","name":"upgradeToAndCall","spec":"External ❗️","mutating":"","payable":"💵"},{"type":"contract","name":"TransparentUpgradeableProxy","spec":"Implementation","mutating":null,"payable":null},{"type":"func","name":"<Constructor>","spec":"Public ❗️","mutating":"","payable":"💵"},{"type":"func","name":"_fallback","spec":"Internal 🔒","mutating":"🛑","payable":""},{"type":"func","name":"_dispatchAdmin","spec":"Private 🔐","mutating":"🛑","payable":""},{"type":"func","name":"_dispatchImplementation","spec":"Private 🔐","mutating":"🛑","payable":""},{"type":"func","name":"_dispatchChangeAdmin","spec":"Private 🔐","mutating":"🛑","payable":""},{"type":"func","name":"_dispatchUpgradeTo","spec":"Private 🔐","mutating":"🛑","payable":""},{"type":"func","name":"_dispatchUpgradeToAndCall","spec":"Private 🔐","mutating":"🛑","payable":""},{"type":"func","name":"_admin","spec":"Internal 🔒","mutating":"","payable":""},{"type":"func","name":"_requireZeroValue","spec":"Private 🔐","mutating":"🛑","payable":""}]}