{"data":{"tokens":[{"address":"0x046eee2cc3188071c02bfc1745a6b17c656e3f3d","decimals":18,"id":"0x046eee2cc3188071c02bfc1745a6b17c656e3f3d:1","name":"Rollbit Coin","networkId":1,"symbol":"RLB","imageLargeUrl":null,"imageSmallUrl":null,"imageThumbUrl":null,"explorerData":{"id":"0x046eee2cc3188071c02bfc1745a6b17c656e3f3d:1","blueCheckmark":true,"description":"RLB is Rollbit's native token. It introduces 'RLB Lottery' which includes a prize pool grown from a share of Rollbit's casino profits.","divisor":"18","tokenPriceUSD":"0.169209597116040000","tokenType":"ERC20","__typename":"ExplorerTokenData"},"info":{"address":"0x046eee2cc3188071c02bfc1745a6b17c656e3f3d","circulatingSupply":"3047219052","id":"0x046eee2cc3188071c02bfc1745a6b17c656e3f3d:1","imageLargeUrl":"https://token-media.defined.fi/1_0x046eee2cc3188071c02bfc1745a6b17c656e3f3d_large.png","imageSmallUrl":"https://token-media.defined.fi/1_0x046eee2cc3188071c02bfc1745a6b17c656e3f3d_small.png","imageThumbUrl":"https://token-media.defined.fi/1_0x046eee2cc3188071c02bfc1745a6b17c656e3f3d_thumb.png","isScam":null,"name":"Rollbit Coin","networkId":1,"symbol":"RLB","totalSupply":"3047177272","__typename":"TokenInfo"},"socialLinks":{"bitcointalk":"https://bitcointalk.org/index.php?topic=5326640.0","blog":"","coingecko":null,"coinmarketcap":null,"discord":"https://discord.gg/Mwx3zqH","email":"","facebook":"","github":"","instagram":null,"linkedin":"","reddit":"","slack":"","telegram":"","twitch":null,"twitter":"https://twitter.com/rollbitcom","website":"https://rollbit.com/","wechat":"","whitepaper":"https://rollbot.rollbit.com/rlb.pdf","youtube":null,"__typename":"SocialLinks"},"__typename":"EnhancedToken"}]}}