{"text":"The audit of the Rollbit Coin (RLB) reveals a balanced performance with areas of strength and some areas of concern. The analysis shows both positive and cautionary findings. \n\nForemost, it showcases no sell or buy tax, a very attractive feature for potential investors. This allows the coin to be traded freely without additional costs, rendering it user-friendly and economically viable. The coin has secured a spot in a decentralized exchange (dex), a standard market practice in the cryptocurrency domain. In terms of adoption, RLB fares quite well with an impressive figure of over 21765 confirmed token holders and more than three liquidity providers, indicating a good level of acceptance in the crypto marketplace.\n\nImportantly, the coin is designed with active anti-whale measures, which prevents any individual or entity from manipulating the market by holding massive amounts of the token. This mechanism promotes fairness and helps to maintain a stable market. Additionally, it was found to be mintable, meaning the token supply can potentially increase, offering both opportunities and risks, depending on the future market behavior.\n\nHowever, there's a significant red flag that requires serious attention. The audit uncovered that this could potentially be a honeypot, where the owners have the ability to withhold funds. This finding necessitates increased vigilance from both current and potential investors. Furthermore, the absence of a blacklisting feature means trading remains unrestricted, which though encouraging freedom, underlines the necessity for users to be cautious.\n\nIn terms of security, no high severity issues were identified, a positive development that substantially adds to RLB's appeal. However, two medium severity issues were found that warrant prompt attention from the development team to enhance the security and trustworthiness of the codebase. In conclusion, while Rollbit Coin offers definite strengths, the detected vulnerabilities necessitate a cautious approach.","table":{"token_name":"Rollbit Coin","token_symbol":"RLB","external_functions":1,"internal_functions":2,"private_functions":6,"view_functions":0,"pure_functions":0,"payable_functions":0,"total_functions":14,"number_of_medium_severity_issues":2,"number_of_high_severity_issues":0,"number_of_low_severity_issues":0,"buy_tax":"0","holder_count":"21765","is_in_dex":"1","is_open_source":"1","lp_holder_count":"3","total_supply":"3047261280","sell_tax":"0"}}