[{"type":"contract","name":"ITransparentUpgradeableProxy","bases":"(IERC1967)","specs":"[Int]","line":14,"functions":[{"type":"func","name":"admin","spec":"[Ext]","payable":"","modifiers":"","line":15},{"type":"func","name":"implementation","spec":"[Ext]","payable":"","modifiers":"","line":17},{"type":"func","name":"changeAdmin","spec":"[Ext]","payable":"","modifiers":"","line":19},{"type":"func","name":"upgradeTo","spec":"[Ext]","payable":"","modifiers":"","line":21},{"type":"func","name":"upgradeToAndCall","spec":"[Ext]","payable":" ($)","modifiers":"","line":23}]},{"type":"contract","name":"TransparentUpgradeableProxy","bases":"(ERC1967Proxy)","specs":"","line":58,"functions":[{"type":"func","name":"<Constructor>","spec":"[Pub]","payable":" ($)","modifiers":"ERC1967Proxy","line":63},{"type":"func","name":"_fallback","spec":"[Int]","payable":"","modifiers":"","line":88},{"type":"func","name":"_dispatchAdmin","spec":"[Prv]","payable":"","modifiers":"","line":120},{"type":"func","name":"_dispatchImplementation","spec":"[Prv]","payable":"","modifiers":"","line":134},{"type":"func","name":"_dispatchChangeAdmin","spec":"[Prv]","payable":"","modifiers":"","line":146},{"type":"func","name":"_dispatchUpgradeTo","spec":"[Prv]","payable":"","modifiers":"","line":158},{"type":"func","name":"_dispatchUpgradeToAndCall","spec":"[Prv]","payable":"","modifiers":"","line":172},{"type":"func","name":"_admin","spec":"[Int]","payable":"","modifiers":"","line":182},{"type":"func","name":"_requireZeroValue","spec":"[Prv]","payable":"","modifiers":"","line":190}]}]