[
    {
        "title": "Reentrancy",
        "severity": "INFO",
        "mitigation": "The `contractSwap` function interacts with an external contract (`dexRouter.swapExactTokensForETHSupportingFeeOnTransferTokens`) to exchange tokens for ETH. If the external DexRouter contract is malicious or has a bug, it could call back into `VaultTech`. Since `inSwapFlag` is used to prevent reentrancy, but it is set to `true` before the external call, this mechanism could be bypassed if the external contract calls back into `VaultTech` and the state is not properly reset before the callback."
    },
    {
        "title": "Reentrancy",
        "severity": "INFO",
        "mitigation": "The `setInitializer` function is calling an external contract (`initializer.getConfig()`) without taking proper reentrancy protection. An attacker could potentially exploit this by making the `initializer` contract call back into the `VaultTech` contract, leading to unexpected behavior."
    },
    {
        "title": "Unchecked external call",
        "severity": "LOW",
        "mitigation": "The function 'contractSwap' sends ETH to multiple addresses without checking the return value of the external call. If any of the calls fail, the contract will not be aware, and the function will continue execution as if they were successful. This can lead to loss of funds or incorrect accounting."
    }
]