{"reportContents":"# Function Description Report\n\n## Files Description Table\n\n\n|  File Name  |  SHA-1 Hash  |\n|-------------|--------------|\n\n\n## Contracts Description Table\n\n\n|  Contract  |         Type        |       Bases      |                  |                 |\n|:----------:|:-------------------:|:----------------:|:----------------:|:---------------:|\n|     └      |  **Function Name**  |  **Visibility**  |  **Mutability**  |  **Modifiers**  |\n||||||\n| **IERC20** | Interface |  |||\n| └ | totalSupply | External ❗️ |   |NO❗️ |\n| └ | decimals | External ❗️ |   |NO❗️ |\n| └ | symbol | External ❗️ |   |NO❗️ |\n| └ | name | External ❗️ |   |NO❗️ |\n| └ | getOwner | External ❗️ |   |NO❗️ |\n| └ | balanceOf | External ❗️ |   |NO❗️ |\n| └ | transfer | External ❗️ | 🛑  |NO❗️ |\n| └ | allowance | External ❗️ |   |NO❗️ |\n| └ | approve | External ❗️ | 🛑  |NO❗️ |\n| └ | transferFrom | External ❗️ | 🛑  |NO❗️ |\n||||||\n| **IFactoryV2** | Interface |  |||\n| └ | getPair | External ❗️ |   |NO❗️ |\n| └ | createPair | External ❗️ | 🛑  |NO❗️ |\n||||||\n| **IV2Pair** | Interface |  |||\n| └ | factory | External ❗️ |   |NO❗️ |\n| └ | getReserves | External ❗️ |   |NO❗️ |\n| └ | sync | External ❗️ | 🛑  |NO❗️ |\n||||||\n| **IRouter01** | Interface |  |||\n| └ | factory | External ❗️ |   |NO❗️ |\n| └ | WETH | External ❗️ |   |NO❗️ |\n| └ | addLiquidityETH | External ❗️ |  💵 |NO❗️ |\n| └ | addLiquidity | External ❗️ | 🛑  |NO❗️ |\n| └ | swapExactETHForTokens | External ❗️ |  💵 |NO❗️ |\n| └ | getAmountsOut | External ❗️ |   |NO❗️ |\n| └ | getAmountsIn | External ❗️ |   |NO❗️ |\n||||||\n| **IRouter02** | Interface | IRouter01 |||\n| └ | swapExactTokensForETHSupportingFeeOnTransferTokens | External ❗️ | 🛑  |NO❗️ |\n| └ | swapExactETHForTokensSupportingFeeOnTransferTokens | External ❗️ |  💵 |NO❗️ |\n| └ | swapExactTokensForTokensSupportingFeeOnTransferTokens | External ❗️ | 🛑  |NO❗️ |\n| └ | swapExactTokensForTokens | External ❗️ | 🛑  |NO❗️ |\n||||||\n| **Initializer** | Interface |  |||\n| └ | setLaunch | External ❗️ | 🛑  |NO❗️ |\n| └ | getConfig | External ❗️ | 🛑  |NO❗️ |\n| └ | getInits | External ❗️ | 🛑  |NO❗️ |\n| └ | setLpPair | External ❗️ | 🛑  |NO❗️ |\n| └ | checkUser | External ❗️ | 🛑  |NO❗️ |\n| └ | setProtections | External ❗️ | 🛑  |NO❗️ |\n| └ | removeSniper | External ❗️ | 🛑  |NO❗️ |\n| └ | removeBlacklisted | External ❗️ | 🛑  |NO❗️ |\n| └ | isBlacklisted | External ❗️ |   |NO❗️ |\n| └ | setBlacklistEnabled | External ❗️ | 🛑  |NO❗️ |\n| └ | setBlacklistEnabledMultiple | External ❗️ | 🛑  |NO❗️ |\n||||||\n| **VaultTech** | Implementation | IERC20 |||\n| └ | <Constructor> | Public ❗️ |  💵 |NO❗️ |\n| └ | transferOwner | External ❗️ | 🛑  | onlyOwner |\n| └ | renounceOwnership | External ❗️ | 🛑  | onlyOwner |\n| └ | <Receive Ether> | External ❗️ |  💵 |NO❗️ |\n| └ | totalSupply | External ❗️ |   |NO❗️ |\n| └ | decimals | External ❗️ |   |NO❗️ |\n| └ | symbol | External ❗️ |   |NO❗️ |\n| └ | name | External ❗️ |   |NO❗️ |\n| └ | getOwner | External ❗️ |   |NO❗️ |\n| └ | allowance | External ❗️ |   |NO❗️ |\n| └ | balanceOf | Public ❗️ |   |NO❗️ |\n| └ | transfer | Public ❗️ | 🛑  |NO❗️ |\n| └ | approve | External ❗️ | 🛑  |NO❗️ |\n| └ | _approve | Internal 🔒 | 🛑  | |\n| └ | approveContractContingency | External ❗️ | 🛑  | onlyOwner |\n| └ | transferFrom | External ❗️ | 🛑  |NO❗️ |\n| └ | setNewRouter | External ❗️ | 🛑  | onlyOwner |\n| └ | setLpPair | External ❗️ | 🛑  | onlyOwner |\n| └ | setInitializer | Public ❗️ | 🛑  | onlyOwner |\n| └ | isExcludedFromLimits | External ❗️ |   |NO❗️ |\n| └ | setExcludedFromLimits | External ❗️ | 🛑  | onlyOwner |\n| └ | isExcludedFromFees | External ❗️ |   |NO❗️ |\n| └ | setExcludedFromFees | Public ❗️ | 🛑  | onlyOwner |\n| └ | isExcludedFromProtection | External ❗️ |   |NO❗️ |\n| └ | setExcludedFromProtection | External ❗️ | 🛑  | onlyOwner |\n| └ | getCirculatingSupply | Public ❗️ |   |NO❗️ |\n| └ | setBlacklistEnabled | External ❗️ | 🛑  | onlyOwner |\n| └ | setBlacklistEnabledMultiple | External ❗️ | 🛑  | onlyOwner |\n| └ | isBlacklisted | External ❗️ |   |NO❗️ |\n| └ | removeBlacklisted | External ❗️ | 🛑  | onlyOwner |\n| └ | renounceBlacklist | External ❗️ | 🛑  | onlyOwner |\n| └ | removeSniper | External ❗️ | 🛑  | onlyOwner |\n| └ | setProtectionSettings | External ❗️ | 🛑  | onlyOwner |\n| └ | lockTaxes | External ❗️ | 🛑  | onlyOwner |\n| └ | setTaxes | External ❗️ | 🛑  | onlyOwner |\n| └ | setRatios | External ❗️ | 🛑  | onlyOwner |\n| └ | setWallets | External ❗️ | 🛑  | onlyOwner |\n| └ | setMaxTxPercent | External ❗️ | 🛑  | onlyOwner |\n| └ | setMaxWalletSize | External ❗️ | 🛑  | onlyOwner |\n| └ | getMaxTX | External ❗️ |   |NO❗️ |\n| └ | getMaxWallet | External ❗️ |   |NO❗️ |\n| └ | getTokenAmountAtPriceImpact | External ❗️ |   |NO❗️ |\n| └ | setSwapSettings | External ❗️ | 🛑  | onlyOwner |\n| └ | setPriceImpactSwapAmount | External ❗️ | 🛑  | onlyOwner |\n| └ | setContractSwapEnabled | External ❗️ | 🛑  | onlyOwner |\n| └ | excludePresaleAddresses | External ❗️ | 🛑  | onlyOwner |\n| └ | _hasLimits | Internal 🔒 |   | |\n| └ | _transfer | Internal 🔒 | 🛑  | |\n| └ | contractSwap | Internal 🔒 | 🛑  | inSwapFlag |\n| └ | _checkLiquidityAdd | Internal 🔒 | 🛑  | |\n| └ | enableTrading | Public ❗️ | 🛑  | onlyOwner |\n| └ | sweepContingency | External ❗️ | 🛑  | onlyOwner |\n| └ | sweepExternalTokens | External ❗️ | 🛑  | onlyOwner |\n| └ | multiSendTokens | External ❗️ | 🛑  | onlyOwner |\n| └ | finalizeTransfer | Internal 🔒 | 🛑  | |\n| └ | takeTaxes | Internal 🔒 | 🛑  | |\n\n\n## Legend\n\n|  Symbol  |  Meaning  |\n|:--------:|-----------|\n|    🛑    | Function can modify state |\n|    💵    | Function is payable |\n","tableRows":[{"type":"contract","name":"IERC20","spec":"Interface","mutating":null,"payable":null},{"type":"func","name":"totalSupply","spec":"External ❗️","mutating":"","payable":""},{"type":"func","name":"decimals","spec":"External ❗️","mutating":"","payable":""},{"type":"func","name":"symbol","spec":"External ❗️","mutating":"","payable":""},{"type":"func","name":"name","spec":"External ❗️","mutating":"","payable":""},{"type":"func","name":"getOwner","spec":"External ❗️","mutating":"","payable":""},{"type":"func","name":"balanceOf","spec":"External ❗️","mutating":"","payable":""},{"type":"func","name":"transfer","spec":"External ❗️","mutating":"🛑","payable":""},{"type":"func","name":"allowance","spec":"External ❗️","mutating":"","payable":""},{"type":"func","name":"approve","spec":"External ❗️","mutating":"🛑","payable":""},{"type":"func","name":"transferFrom","spec":"External ❗️","mutating":"🛑","payable":""},{"type":"contract","name":"IFactoryV2","spec":"Interface","mutating":null,"payable":null},{"type":"func","name":"getPair","spec":"External ❗️","mutating":"","payable":""},{"type":"func","name":"createPair","spec":"External ❗️","mutating":"🛑","payable":""},{"type":"contract","name":"IV2Pair","spec":"Interface","mutating":null,"payable":null},{"type":"func","name":"factory","spec":"External ❗️","mutating":"","payable":""},{"type":"func","name":"getReserves","spec":"External ❗️","mutating":"","payable":""},{"type":"func","name":"sync","spec":"External ❗️","mutating":"🛑","payable":""},{"type":"contract","name":"IRouter01","spec":"Interface","mutating":null,"payable":null},{"type":"func","name":"factory","spec":"External ❗️","mutating":"","payable":""},{"type":"func","name":"WETH","spec":"External ❗️","mutating":"","payable":""},{"type":"func","name":"addLiquidityETH","spec":"External ❗️","mutating":"","payable":"💵"},{"type":"func","name":"addLiquidity","spec":"External ❗️","mutating":"🛑","payable":""},{"type":"func","name":"swapExactETHForTokens","spec":"External ❗️","mutating":"","payable":"💵"},{"type":"func","name":"getAmountsOut","spec":"External ❗️","mutating":"","payable":""},{"type":"func","name":"getAmountsIn","spec":"External ❗️","mutating":"","payable":""},{"type":"contract","name":"IRouter02","spec":"Interface","mutating":null,"payable":null},{"type":"func","name":"swapExactTokensForETHSupportingFeeOnTransferTokens","spec":"External ❗️","mutating":"🛑","payable":""},{"type":"func","name":"swapExactETHForTokensSupportingFeeOnTransferTokens","spec":"External ❗️","mutating":"","payable":"💵"},{"type":"func","name":"swapExactTokensForTokensSupportingFeeOnTransferTokens","spec":"External ❗️","mutating":"🛑","payable":""},{"type":"func","name":"swapExactTokensForTokens","spec":"External ❗️","mutating":"🛑","payable":""},{"type":"contract","name":"Initializer","spec":"Interface","mutating":null,"payable":null},{"type":"func","name":"setLaunch","spec":"External ❗️","mutating":"🛑","payable":""},{"type":"func","name":"getConfig","spec":"External ❗️","mutating":"🛑","payable":""},{"type":"func","name":"getInits","spec":"External ❗️","mutating":"🛑","payable":""},{"type":"func","name":"setLpPair","spec":"External ❗️","mutating":"🛑","payable":""},{"type":"func","name":"checkUser","spec":"External ❗️","mutating":"🛑","payable":""},{"type":"func","name":"setProtections","spec":"External ❗️","mutating":"🛑","payable":""},{"type":"func","name":"removeSniper","spec":"External ❗️","mutating":"🛑","payable":""},{"type":"func","name":"removeBlacklisted","spec":"External ❗️","mutating":"🛑","payable":""},{"type":"func","name":"isBlacklisted","spec":"External ❗️","mutating":"","payable":""},{"type":"func","name":"setBlacklistEnabled","spec":"External ❗️","mutating":"🛑","payable":""},{"type":"func","name":"setBlacklistEnabledMultiple","spec":"External ❗️","mutating":"🛑","payable":""},{"type":"contract","name":"VaultTech","spec":"Implementation","mutating":null,"payable":null},{"type":"func","name":"<Constructor>","spec":"Public ❗️","mutating":"","payable":"💵"},{"type":"func","name":"transferOwner","spec":"External ❗️","mutating":"🛑","payable":""},{"type":"func","name":"renounceOwnership","spec":"External ❗️","mutating":"🛑","payable":""},{"type":"func","name":"<Receive Ether>","spec":"External ❗️","mutating":"","payable":"💵"},{"type":"func","name":"totalSupply","spec":"External ❗️","mutating":"","payable":""},{"type":"func","name":"decimals","spec":"External ❗️","mutating":"","payable":""},{"type":"func","name":"symbol","spec":"External ❗️","mutating":"","payable":""},{"type":"func","name":"name","spec":"External ❗️","mutating":"","payable":""},{"type":"func","name":"getOwner","spec":"External ❗️","mutating":"","payable":""},{"type":"func","name":"allowance","spec":"External ❗️","mutating":"","payable":""},{"type":"func","name":"balanceOf","spec":"Public ❗️","mutating":"","payable":""},{"type":"func","name":"transfer","spec":"Public ❗️","mutating":"🛑","payable":""},{"type":"func","name":"approve","spec":"External ❗️","mutating":"🛑","payable":""},{"type":"func","name":"_approve","spec":"Internal 🔒","mutating":"🛑","payable":""},{"type":"func","name":"approveContractContingency","spec":"External ❗️","mutating":"🛑","payable":""},{"type":"func","name":"transferFrom","spec":"External ❗️","mutating":"🛑","payable":""},{"type":"func","name":"setNewRouter","spec":"External ❗️","mutating":"🛑","payable":""},{"type":"func","name":"setLpPair","spec":"External ❗️","mutating":"🛑","payable":""},{"type":"func","name":"setInitializer","spec":"Public ❗️","mutating":"🛑","payable":""},{"type":"func","name":"isExcludedFromLimits","spec":"External ❗️","mutating":"","payable":""},{"type":"func","name":"setExcludedFromLimits","spec":"External ❗️","mutating":"🛑","payable":""},{"type":"func","name":"isExcludedFromFees","spec":"External ❗️","mutating":"","payable":""},{"type":"func","name":"setExcludedFromFees","spec":"Public ❗️","mutating":"🛑","payable":""},{"type":"func","name":"isExcludedFromProtection","spec":"External ❗️","mutating":"","payable":""},{"type":"func","name":"setExcludedFromProtection","spec":"External ❗️","mutating":"🛑","payable":""},{"type":"func","name":"getCirculatingSupply","spec":"Public ❗️","mutating":"","payable":""},{"type":"func","name":"setBlacklistEnabled","spec":"External ❗️","mutating":"🛑","payable":""},{"type":"func","name":"setBlacklistEnabledMultiple","spec":"External ❗️","mutating":"🛑","payable":""},{"type":"func","name":"isBlacklisted","spec":"External ❗️","mutating":"","payable":""},{"type":"func","name":"removeBlacklisted","spec":"External ❗️","mutating":"🛑","payable":""},{"type":"func","name":"renounceBlacklist","spec":"External ❗️","mutating":"🛑","payable":""},{"type":"func","name":"removeSniper","spec":"External ❗️","mutating":"🛑","payable":""},{"type":"func","name":"setProtectionSettings","spec":"External ❗️","mutating":"🛑","payable":""},{"type":"func","name":"lockTaxes","spec":"External ❗️","mutating":"🛑","payable":""},{"type":"func","name":"setTaxes","spec":"External ❗️","mutating":"🛑","payable":""},{"type":"func","name":"setRatios","spec":"External ❗️","mutating":"🛑","payable":""},{"type":"func","name":"setWallets","spec":"External ❗️","mutating":"🛑","payable":""},{"type":"func","name":"setMaxTxPercent","spec":"External ❗️","mutating":"🛑","payable":""},{"type":"func","name":"setMaxWalletSize","spec":"External ❗️","mutating":"🛑","payable":""},{"type":"func","name":"getMaxTX","spec":"External ❗️","mutating":"","payable":""},{"type":"func","name":"getMaxWallet","spec":"External ❗️","mutating":"","payable":""},{"type":"func","name":"getTokenAmountAtPriceImpact","spec":"External ❗️","mutating":"","payable":""},{"type":"func","name":"setSwapSettings","spec":"External ❗️","mutating":"🛑","payable":""},{"type":"func","name":"setPriceImpactSwapAmount","spec":"External ❗️","mutating":"🛑","payable":""},{"type":"func","name":"setContractSwapEnabled","spec":"External ❗️","mutating":"🛑","payable":""},{"type":"func","name":"excludePresaleAddresses","spec":"External ❗️","mutating":"🛑","payable":""},{"type":"func","name":"_hasLimits","spec":"Internal 🔒","mutating":"","payable":""},{"type":"func","name":"_transfer","spec":"Internal 🔒","mutating":"🛑","payable":""},{"type":"func","name":"contractSwap","spec":"Internal 🔒","mutating":"🛑","payable":""},{"type":"func","name":"_checkLiquidityAdd","spec":"Internal 🔒","mutating":"🛑","payable":""},{"type":"func","name":"enableTrading","spec":"Public ❗️","mutating":"🛑","payable":""},{"type":"func","name":"sweepContingency","spec":"External ❗️","mutating":"🛑","payable":""},{"type":"func","name":"sweepExternalTokens","spec":"External ❗️","mutating":"🛑","payable":""},{"type":"func","name":"multiSendTokens","spec":"External ❗️","mutating":"🛑","payable":""},{"type":"func","name":"finalizeTransfer","spec":"Internal 🔒","mutating":"🛑","payable":""},{"type":"func","name":"takeTaxes","spec":"Internal 🔒","mutating":"🛑","payable":""}]}