{"data":{"tokens":[{"address":"0x7f9b09f4717072cf4dc18b95d1b09e2b30c76790","decimals":18,"id":"0x7f9b09f4717072cf4dc18b95d1b09e2b30c76790:1","name":"VaultTech","networkId":1,"symbol":"$VAULT","imageLargeUrl":"https://token-media.defined.fi/1_0x7f9b09f4717072cf4dc18b95d1b09e2b30c76790_large.png","imageSmallUrl":"https://token-media.defined.fi/1_0x7f9b09f4717072cf4dc18b95d1b09e2b30c76790_small.png","imageThumbUrl":"https://token-media.defined.fi/1_0x7f9b09f4717072cf4dc18b95d1b09e2b30c76790_thumb.png","explorerData":{"id":"0x7f9b09f4717072cf4dc18b95d1b09e2b30c76790:1","blueCheckmark":true,"description":"","divisor":"18","tokenPriceUSD":"0.000000000000000000","tokenType":"ERC20","__typename":"ExplorerTokenData"},"info":{"address":"0x7f9b09f4717072cf4dc18b95d1b09e2b30c76790","circulatingSupply":"100000000","id":"0x7f9b09f4717072cf4dc18b95d1b09e2b30c76790:1","imageLargeUrl":"https://token-media.defined.fi/1_0x7f9b09f4717072cf4dc18b95d1b09e2b30c76790_large.png","imageSmallUrl":"https://token-media.defined.fi/1_0x7f9b09f4717072cf4dc18b95d1b09e2b30c76790_small.png","imageThumbUrl":"https://token-media.defined.fi/1_0x7f9b09f4717072cf4dc18b95d1b09e2b30c76790_thumb.png","isScam":null,"name":"VaultTech","networkId":1,"symbol":"$VAULT","totalSupply":"100000000","__typename":"TokenInfo"},"socialLinks":{"bitcointalk":"","blog":"","coingecko":null,"coinmarketcap":null,"discord":"","email":"","facebook":"","github":"","instagram":null,"linkedin":"","reddit":"","slack":"","telegram":"","twitch":null,"twitter":"","website":"","wechat":"","whitepaper":"","youtube":null,"__typename":"SocialLinks"},"__typename":"EnhancedToken"}]}}