{
    "text": "The audit of the VaultTech ($VAULT) token has recently been completed, providing valuable insights into its security and overall operability. The illustration from the audit data renders a comprehensive view of this cryptocurrency. With over 5,402 token holders, the adoption of VaultTech seems to be robust and promising.\n\nBoth sell and buy tax for the token stand at 5%, which is a bit higher compared to certain other tokens. Despite this, VaultTech supports unrestricted trading since there are no measures in place for blacklisting. Importantly, the token is not mintable, assuring token scarcity which can potentially strengthen its market value over time. Moreover, VaultTech possesses antiwhale measures that prevent any single individual or entity from acquiring a disproportionately large amount of tokens, maintaining a fair market.\n\nThe VaultTech token is listed in a decentralized exchange (dex), reinforcing its availability and access to potential users. The evidence of more than two liquidity providers stands as a further indication of its healthy market activity. These aspects cumulatively suggest a normal activity pattern for the token.\n\nWhile the audit confirmed that VaultTech is not a honeypot, a type of fraudulent operation often encountered in the crypto space, it did uncover two medium severity issues. Although no high severity or low severity issues were found, these medium severity findings call for deliberate consideration and action from the VaultTech development team to enhance the security and trustworthiness of the token's codebase.\n\nIn conclusion, the audit findings for VaultTech depict a generally positive state. However, the identified medium severity issues necessitate careful attention. The high sell and buy taxes may also warrant further investigation from prospective investors.",
    "table": {
        "token_name": "VaultTech",
        "token_symbol": "$VAULT",
        "is_honeypot": "0",
        "blacklisted": "0",
        "external_functions": 7,
        "internal_functions": 7,
        "private_functions": 0,
        "view_functions": 30,
        "pure_functions": 0,
        "payable_functions": 0,
        "total_functions": 93,
        "number_of_medium_severity_issues": 2,
        "number_of_high_severity_issues": 0,
        "number_of_low_severity_issues": 0,
        "is_antiwhale": "1",
        "buy_tax": "0.05",
        "holder_count": "5402",
        "is_mintable": "0",
        "is_in_dex": "1",
        "is_open_source": "1",
        "lp_holder_count": "2",
        "total_supply": "100000000",
        "sell_tax": "0.05"
    }
}