[{"type":"contract","name":"IERC20","bases":"","specs":"[Int]","line":4,"functions":[{"type":"func","name":"totalSupply","spec":"[Ext]","payable":"","modifiers":"","line":5},{"type":"func","name":"decimals","spec":"[Ext]","payable":"","modifiers":"","line":6},{"type":"func","name":"symbol","spec":"[Ext]","payable":"","modifiers":"","line":7},{"type":"func","name":"name","spec":"[Ext]","payable":"","modifiers":"","line":8},{"type":"func","name":"getOwner","spec":"[Ext]","payable":"","modifiers":"","line":9},{"type":"func","name":"balanceOf","spec":"[Ext]","payable":"","modifiers":"","line":10},{"type":"func","name":"transfer","spec":"[Ext]","payable":"","modifiers":"","line":11},{"type":"func","name":"allowance","spec":"[Ext]","payable":"","modifiers":"","line":12},{"type":"func","name":"approve","spec":"[Ext]","payable":"","modifiers":"","line":13},{"type":"func","name":"transferFrom","spec":"[Ext]","payable":"","modifiers":"","line":14}]},{"type":"contract","name":"IFactoryV2","bases":"","specs":"[Int]","line":19,"functions":[{"type":"func","name":"getPair","spec":"[Ext]","payable":"","modifiers":"","line":21},{"type":"func","name":"createPair","spec":"[Ext]","payable":"","modifiers":"","line":22}]},{"type":"contract","name":"IV2Pair","bases":"","specs":"[Int]","line":25,"functions":[{"type":"func","name":"factory","spec":"[Ext]","payable":"","modifiers":"","line":26},{"type":"func","name":"getReserves","spec":"[Ext]","payable":"","modifiers":"","line":27},{"type":"func","name":"sync","spec":"[Ext]","payable":"","modifiers":"","line":28}]},{"type":"contract","name":"IRouter01","bases":"","specs":"[Int]","line":31,"functions":[{"type":"func","name":"factory","spec":"[Ext]","payable":"","modifiers":"","line":32},{"type":"func","name":"WETH","spec":"[Ext]","payable":"","modifiers":"","line":33},{"type":"func","name":"addLiquidityETH","spec":"[Ext]","payable":" ($)","modifiers":"","line":34},{"type":"func","name":"addLiquidity","spec":"[Ext]","payable":"","modifiers":"","line":42},{"type":"func","name":"swapExactETHForTokens","spec":"[Ext]","payable":" ($)","modifiers":"","line":52},{"type":"func","name":"getAmountsOut","spec":"[Ext]","payable":"","modifiers":"","line":57},{"type":"func","name":"getAmountsIn","spec":"[Ext]","payable":"","modifiers":"","line":58}]},{"type":"contract","name":"IRouter02","bases":"(IRouter01)","specs":"[Int]","line":61,"functions":[{"type":"func","name":"swapExactTokensForETHSupportingFeeOnTransferTokens","spec":"[Ext]","payable":"","modifiers":"","line":62},{"type":"func","name":"swapExactETHForTokensSupportingFeeOnTransferTokens","spec":"[Ext]","payable":" ($)","modifiers":"","line":69},{"type":"func","name":"swapExactTokensForTokensSupportingFeeOnTransferTokens","spec":"[Ext]","payable":"","modifiers":"","line":75},{"type":"func","name":"swapExactTokensForTokens","spec":"[Ext]","payable":"","modifiers":"","line":82}]},{"type":"contract","name":"Initializer","bases":"","specs":"[Int]","line":91,"functions":[{"type":"func","name":"setLaunch","spec":"[Ext]","payable":"","modifiers":"","line":92},{"type":"func","name":"getConfig","spec":"[Ext]","payable":"","modifiers":"","line":93},{"type":"func","name":"getInits","spec":"[Ext]","payable":"","modifiers":"","line":94},{"type":"func","name":"setLpPair","spec":"[Ext]","payable":"","modifiers":"","line":95},{"type":"func","name":"checkUser","spec":"[Ext]","payable":"","modifiers":"","line":96},{"type":"func","name":"setProtections","spec":"[Ext]","payable":"","modifiers":"","line":97},{"type":"func","name":"removeSniper","spec":"[Ext]","payable":"","modifiers":"","line":98},{"type":"func","name":"removeBlacklisted","spec":"[Ext]","payable":"","modifiers":"","line":99},{"type":"func","name":"isBlacklisted","spec":"[Ext]","payable":"","modifiers":"","line":100},{"type":"func","name":"setBlacklistEnabled","spec":"[Ext]","payable":"","modifiers":"","line":101},{"type":"func","name":"setBlacklistEnabledMultiple","spec":"[Ext]","payable":"","modifiers":"","line":102}]},{"type":"contract","name":"VaultTech","bases":"(IERC20)","specs":"","line":105,"functions":[{"type":"func","name":"<Constructor>","spec":"[Pub]","payable":" ($)","modifiers":"","line":204},{"type":"func","name":"transferOwner","spec":"[Ext]","payable":"","modifiers":"onlyOwner","line":231},{"type":"func","name":"renounceOwnership","spec":"[Ext]","payable":"","modifiers":"onlyOwner","line":247},{"type":"func","name":"<Receive Ether>","spec":"[Ext]","payable":" ($)","modifiers":"","line":259},{"type":"func","name":"totalSupply","spec":"[Ext]","payable":"","modifiers":"","line":260},{"type":"func","name":"decimals","spec":"[Ext]","payable":"","modifiers":"","line":261},{"type":"func","name":"symbol","spec":"[Ext]","payable":"","modifiers":"","line":262},{"type":"func","name":"name","spec":"[Ext]","payable":"","modifiers":"","line":263},{"type":"func","name":"getOwner","spec":"[Ext]","payable":"","modifiers":"","line":264},{"type":"func","name":"allowance","spec":"[Ext]","payable":"","modifiers":"","line":265},{"type":"func","name":"balanceOf","spec":"[Pub]","payable":"","modifiers":"","line":266},{"type":"func","name":"transfer","spec":"[Pub]","payable":"","modifiers":"","line":270},{"type":"func","name":"approve","spec":"[Ext]","payable":"","modifiers":"","line":275},{"type":"func","name":"_approve","spec":"[Int]","payable":"","modifiers":"","line":280},{"type":"func","name":"approveContractContingency","spec":"[Ext]","payable":"","modifiers":"onlyOwner","line":288},{"type":"func","name":"transferFrom","spec":"[Ext]","payable":"","modifiers":"","line":293},{"type":"func","name":"setNewRouter","spec":"[Ext]","payable":"","modifiers":"onlyOwner","line":301},{"type":"func","name":"setLpPair","spec":"[Ext]","payable":"","modifiers":"onlyOwner","line":317},{"type":"func","name":"setInitializer","spec":"[Pub]","payable":"","modifiers":"onlyOwner","line":332},{"type":"func","name":"isExcludedFromLimits","spec":"[Ext]","payable":"","modifiers":"","line":343},{"type":"func","name":"setExcludedFromLimits","spec":"[Ext]","payable":"","modifiers":"onlyOwner","line":347},{"type":"func","name":"isExcludedFromFees","spec":"[Ext]","payable":"","modifiers":"","line":351},{"type":"func","name":"setExcludedFromFees","spec":"[Pub]","payable":"","modifiers":"onlyOwner","line":355},{"type":"func","name":"isExcludedFromProtection","spec":"[Ext]","payable":"","modifiers":"","line":359},{"type":"func","name":"setExcludedFromProtection","spec":"[Ext]","payable":"","modifiers":"onlyOwner","line":363},{"type":"func","name":"getCirculatingSupply","spec":"[Pub]","payable":"","modifiers":"","line":367},{"type":"func","name":"setBlacklistEnabled","spec":"[Ext]","payable":"","modifiers":"onlyOwner","line":373},{"type":"func","name":"setBlacklistEnabledMultiple","spec":"[Ext]","payable":"","modifiers":"onlyOwner","line":379},{"type":"func","name":"isBlacklisted","spec":"[Ext]","payable":"","modifiers":"","line":386},{"type":"func","name":"removeBlacklisted","spec":"[Ext]","payable":"","modifiers":"onlyOwner","line":390},{"type":"func","name":"renounceBlacklist","spec":"[Ext]","payable":"","modifiers":"onlyOwner","line":395},{"type":"func","name":"removeSniper","spec":"[Ext]","payable":"","modifiers":"onlyOwner","line":402},{"type":"func","name":"setProtectionSettings","spec":"[Ext]","payable":"","modifiers":"onlyOwner","line":406},{"type":"func","name":"lockTaxes","spec":"[Ext]","payable":"","modifiers":"onlyOwner","line":410},{"type":"func","name":"setTaxes","spec":"[Ext]","payable":"","modifiers":"onlyOwner","line":415},{"type":"func","name":"setRatios","spec":"[Ext]","payable":"","modifiers":"onlyOwner","line":426},{"type":"func","name":"setWallets","spec":"[Ext]","payable":"","modifiers":"onlyOwner","line":437},{"type":"func","name":"setMaxTxPercent","spec":"[Ext]","payable":"","modifiers":"onlyOwner","line":455},{"type":"func","name":"setMaxWalletSize","spec":"[Ext]","payable":"","modifiers":"onlyOwner","line":460},{"type":"func","name":"getMaxTX","spec":"[Ext]","payable":"","modifiers":"","line":465},{"type":"func","name":"getMaxWallet","spec":"[Ext]","payable":"","modifiers":"","line":469},{"type":"func","name":"getTokenAmountAtPriceImpact","spec":"[Ext]","payable":"","modifiers":"","line":473},{"type":"func","name":"setSwapSettings","spec":"[Ext]","payable":"","modifiers":"onlyOwner","line":477},{"type":"func","name":"setPriceImpactSwapAmount","spec":"[Ext]","payable":"","modifiers":"onlyOwner","line":486},{"type":"func","name":"setContractSwapEnabled","spec":"[Ext]","payable":"","modifiers":"onlyOwner","line":491},{"type":"func","name":"excludePresaleAddresses","spec":"[Ext]","payable":"","modifiers":"onlyOwner","line":497},{"type":"func","name":"_hasLimits","spec":"[Int]","payable":"","modifiers":"","line":517},{"type":"func","name":"_transfer","spec":"[Int]","payable":"","modifiers":"","line":530},{"type":"func","name":"contractSwap","spec":"[Int]","payable":"","modifiers":"inSwapFlag","line":583},{"type":"func","name":"_checkLiquidityAdd","spec":"[Int]","payable":"","modifiers":"","line":631},{"type":"func","name":"enableTrading","spec":"[Pub]","payable":"","modifiers":"onlyOwner","line":645},{"type":"func","name":"sweepContingency","spec":"[Ext]","payable":"","modifiers":"onlyOwner","line":661},{"type":"func","name":"sweepExternalTokens","spec":"[Ext]","payable":"","modifiers":"onlyOwner","line":666},{"type":"func","name":"multiSendTokens","spec":"[Ext]","payable":"","modifiers":"onlyOwner","line":674},{"type":"func","name":"finalizeTransfer","spec":"[Int]","payable":"","modifiers":"","line":682},{"type":"func","name":"takeTaxes","spec":"[Int]","payable":"","modifiers":"","line":705}]}]