{
    "reportContents": "# Function Description Report\n\n## Files Description Table\n\n\n|  File Name  |  SHA-1 Hash  |\n|-------------|--------------|\n\n\n## Contracts Description Table\n\n\n|  Contract  |         Type        |       Bases      |                  |                 |\n|:----------:|:-------------------:|:----------------:|:----------------:|:---------------:|\n|     └      |  **Function Name**  |  **Visibility**  |  **Mutability**  |  **Modifiers**  |\n||||||\n| **TheTribe** | Implementation | ERC20, Ownable, ERC20UniswapV2InternalSwaps |||\n| └ | <Constructor> | Public ❗️ | 🛑  | ERC20 Ownable |\n| └ | <Receive Ether> | External ❗️ |  💵 |NO❗️ |\n| └ | commitToPresale | Public ❗️ |  💵 |NO❗️ |\n| └ | claimPresale | External ❗️ | 🛑  |NO❗️ |\n| └ | unclaimedSupply | External ❗️ |   |NO❗️ |\n| └ | openPresale | External ❗️ | 🛑  | onlyOwner |\n| └ | closePresale | External ❗️ | 🛑  | onlyOwner |\n| └ | completePresale | External ❗️ | 🛑  | onlyOwner |\n| └ | setTaxFreeAccount | External ❗️ | 🛑  | onlyTaxManager |\n| └ | setExchangePool | External ❗️ | 🛑  | onlyTaxManager |\n| └ | transferTaxManager | External ❗️ | 🛑  | onlyTaxManager |\n| └ | setTaxRecipient | External ❗️ | 🛑  | onlyTaxManager |\n| └ | withdrawTaxes | External ❗️ | 🛑  | onlyTaxManager |\n| └ | setSwapThresholdEth | External ❗️ | 🛑  | onlyTaxManager |\n| └ | changeTaxes | External ❗️ | 🛑  | onlyTaxManager |\n| └ | swapThresholdToken | Public ❗️ |   |NO❗️ |\n| └ | currentBuyTax | Public ❗️ |   |NO❗️ |\n| └ | currentSellTax | Public ❗️ |   |NO❗️ |\n| └ | _update | Internal 🔒 | 🛑  | |\n| └ | _getTax | Private 🔐 |   | |\n| └ | _transferFromContractBalance | Internal 🔒 | 🛑  | |\n| └ | _swapTokens | Internal 🔒 | 🛑  | |\n\n\n## Legend\n\n|  Symbol  |  Meaning  |\n|:--------:|-----------|\n|    🛑    | Function can modify state |\n|    💵    | Function is payable |\n",
    "tableRows": [
        {
            "type": "contract",
            "name": "TheTribe",
            "spec": "Implementation",
            "mutating": null,
            "payable": null
        },
        {
            "type": "func",
            "name": "<Constructor>",
            "spec": "Public ❗️",
            "mutating": "🛑",
            "payable": ""
        },
        {
            "type": "func",
            "name": "<Receive Ether>",
            "spec": "External ❗️",
            "mutating": "",
            "payable": "💵"
        },
        {
            "type": "func",
            "name": "commitToPresale",
            "spec": "Public ❗️",
            "mutating": "",
            "payable": "💵"
        },
        {
            "type": "func",
            "name": "claimPresale",
            "spec": "External ❗️",
            "mutating": "🛑",
            "payable": ""
        },
        {
            "type": "func",
            "name": "unclaimedSupply",
            "spec": "External ❗️",
            "mutating": "",
            "payable": ""
        },
        {
            "type": "func",
            "name": "openPresale",
            "spec": "External ❗️",
            "mutating": "🛑",
            "payable": ""
        },
        {
            "type": "func",
            "name": "closePresale",
            "spec": "External ❗️",
            "mutating": "🛑",
            "payable": ""
        },
        {
            "type": "func",
            "name": "completePresale",
            "spec": "External ❗️",
            "mutating": "🛑",
            "payable": ""
        },
        {
            "type": "func",
            "name": "setTaxFreeAccount",
            "spec": "External ❗️",
            "mutating": "🛑",
            "payable": ""
        },
        {
            "type": "func",
            "name": "setExchangePool",
            "spec": "External ❗️",
            "mutating": "🛑",
            "payable": ""
        },
        {
            "type": "func",
            "name": "transferTaxManager",
            "spec": "External ❗️",
            "mutating": "🛑",
            "payable": ""
        },
        {
            "type": "func",
            "name": "setTaxRecipient",
            "spec": "External ❗️",
            "mutating": "🛑",
            "payable": ""
        },
        {
            "type": "func",
            "name": "withdrawTaxes",
            "spec": "External ❗️",
            "mutating": "🛑",
            "payable": ""
        },
        {
            "type": "func",
            "name": "setSwapThresholdEth",
            "spec": "External ❗️",
            "mutating": "🛑",
            "payable": ""
        },
        {
            "type": "func",
            "name": "changeTaxes",
            "spec": "External ❗️",
            "mutating": "🛑",
            "payable": ""
        },
        {
            "type": "func",
            "name": "swapThresholdToken",
            "spec": "Public ❗️",
            "mutating": "",
            "payable": ""
        },
        {
            "type": "func",
            "name": "currentBuyTax",
            "spec": "Public ❗️",
            "mutating": "",
            "payable": ""
        },
        {
            "type": "func",
            "name": "currentSellTax",
            "spec": "Public ❗️",
            "mutating": "",
            "payable": ""
        },
        {
            "type": "func",
            "name": "_update",
            "spec": "Internal 🔒",
            "mutating": "🛑",
            "payable": ""
        },
        {
            "type": "func",
            "name": "_getTax",
            "spec": "Private 🔐",
            "mutating": "",
            "payable": ""
        },
        {
            "type": "func",
            "name": "_transferFromContractBalance",
            "spec": "Internal 🔒",
            "mutating": "🛑",
            "payable": ""
        },
        {
            "type": "func",
            "name": "_swapTokens",
            "spec": "Internal 🔒",
            "mutating": "🛑",
            "payable": ""
        }
    ]
}