{"data":{"tokens":[{"address":"0xdeadface8503399df4b083ef42fa8e02fd39dead","decimals":18,"id":"0xdeadface8503399df4b083ef42fa8e02fd39dead:1","name":"The Tribe","networkId":1,"symbol":"TRIBE","imageLargeUrl":"https://token-media.defined.fi/1_0xdeadface8503399df4b083ef42fa8e02fd39dead_large.png","imageSmallUrl":"https://token-media.defined.fi/1_0xdeadface8503399df4b083ef42fa8e02fd39dead_small.png","imageThumbUrl":"https://token-media.defined.fi/1_0xdeadface8503399df4b083ef42fa8e02fd39dead_thumb.png","explorerData":{"id":"0xdeadface8503399df4b083ef42fa8e02fd39dead:1","blueCheckmark":false,"description":null,"divisor":null,"tokenPriceUSD":null,"tokenType":null,"__typename":"ExplorerTokenData"},"info":{"address":"0xdeadface8503399df4b083ef42fa8e02fd39dead","circulatingSupply":"1000000000","id":"0xdeadface8503399df4b083ef42fa8e02fd39dead:1","imageLargeUrl":"https://token-media.defined.fi/1_0xdeadface8503399df4b083ef42fa8e02fd39dead_large.png","imageSmallUrl":"https://token-media.defined.fi/1_0xdeadface8503399df4b083ef42fa8e02fd39dead_small.png","imageThumbUrl":"https://token-media.defined.fi/1_0xdeadface8503399df4b083ef42fa8e02fd39dead_thumb.png","isScam":null,"name":"The Tribe","networkId":1,"symbol":"TRIBE","totalSupply":"1000000000","__typename":"TokenInfo"},"socialLinks":{"bitcointalk":null,"blog":null,"coingecko":null,"coinmarketcap":null,"discord":null,"email":null,"facebook":null,"github":null,"instagram":null,"linkedin":null,"reddit":null,"slack":null,"telegram":null,"twitch":null,"twitter":null,"website":null,"wechat":null,"whitepaper":null,"youtube":null,"__typename":"SocialLinks"},"__typename":"EnhancedToken"}]}}