{
    "time": 1702583019678,
    "data": {
        "code": 1,
        "message": "OK",
        "result": {
            "0xdeadface8503399df4b083ef42fa8e02fd39dead": {
                "anti_whale_modifiable": "0",
                "buy_tax": "0",
                "can_take_back_ownership": "0",
                "cannot_buy": "0",
                "cannot_sell_all": "0",
                "creator_address": "0x0f2bc587ecedf80ccbba5edf9ef94589f0f2a0c6",
                "creator_balance": "0",
                "creator_percent": "0.000000",
                "dex": [
                    {
                        "liquidity_type": "UniV2",
                        "name": "UniswapV2",
                        "liquidity": "46051.85745903",
                        "pair": "0x35ec40bd9ae9179097f06ccbc0e9c3f2d051cc30"
                    }
                ],
                "external_call": "1",
                "hidden_owner": "0",
                "holder_count": "401",
                "holders": [
                    {
                        "address": "0x35ec40bd9ae9179097f06ccbc0e9c3f2d051cc30",
                        "tag": "UniswapV2",
                        "is_contract": 1,
                        "balance": "626118330.762705176353042302",
                        "percent": "0.626118330762705176",
                        "is_locked": 0
                    },
                    {
                        "address": "0xdba68f07d1b7ca219f78ae8582c213d975c25caf",
                        "tag": "Unicrypt: Token Vesting",
                        "is_contract": 1,
                        "balance": "112999999.999999999999999998",
                        "percent": "0.112999999999999999",
                        "is_locked": 1,
                        "locked_detail": [
                            {
                                "amount": "49999999.999999999999999999",
                                "end_time": "2023-12-15T20:00:00+00:00",
                                "opt_time": ""
                            },
                            {
                                "amount": "27999999.999999999999999999",
                                "end_time": "2024-01-15T20:00:00+00:00",
                                "opt_time": ""
                            },
                            {
                                "amount": "19999999.999999999999999999",
                                "end_time": "2024-02-15T20:00:00+00:00",
                                "opt_time": ""
                            },
                            {
                                "amount": "15000000",
                                "end_time": "2023-11-29T20:00:00+00:00",
                                "opt_time": ""
                            }
                        ]
                    },
                    {
                        "address": "0x5f1d548adbdc67d6925a171fa67764542a71aa2c",
                        "tag": "",
                        "is_contract": 0,
                        "balance": "14750281.172986780979266948",
                        "percent": "0.014750281172986780",
                        "is_locked": 0
                    },
                    {
                        "address": "0xffd89f19a0cfb03ead26fbaacd1bad173af5b79c",
                        "tag": "",
                        "is_contract": 0,
                        "balance": "12834431.330760918769132172",
                        "percent": "0.012834431330760918",
                        "is_locked": 0
                    },
                    {
                        "address": "0xf17c3c1f29a35e4a8c5823c4e851503a110e7ece",
                        "tag": "",
                        "is_contract": 0,
                        "balance": "11402848.839483807894791246",
                        "percent": "0.011402848839483807",
                        "is_locked": 0
                    },
                    {
                        "address": "0xd99408878b2ee3562670f66b0e435db5ae12da80",
                        "tag": "",
                        "is_contract": 0,
                        "balance": "10175688.819654728399035663",
                        "percent": "0.010175688819654728",
                        "is_locked": 0
                    },
                    {
                        "address": "0x5ecf7ff2f43b9c05ccd3ef1a68e5e94bc06bf6d8",
                        "tag": "",
                        "is_contract": 0,
                        "balance": "7586328.225101911689166446",
                        "percent": "0.007586328225101911",
                        "is_locked": 0
                    },
                    {
                        "address": "0xd88013466c0f71989cce48f3e4e3cd9b2032f96a",
                        "tag": "",
                        "is_contract": 0,
                        "balance": "7584948.161612335529616256",
                        "percent": "0.007584948161612335",
                        "is_locked": 0
                    },
                    {
                        "address": "0xa439ece1a6dfb813b3ae0dcfdac30d2cdab7d582",
                        "tag": "",
                        "is_contract": 0,
                        "balance": "6581877.354990136921032409",
                        "percent": "0.006581877354990136",
                        "is_locked": 0
                    },
                    {
                        "address": "0xa386c2cf1c6eabf6e5bf876c101e7fcc02b6b0a6",
                        "tag": "",
                        "is_contract": 0,
                        "balance": "6581877.354990136921032409",
                        "percent": "0.006581877354990136",
                        "is_locked": 0
                    }
                ],
                "honeypot_with_same_creator": "0",
                "is_anti_whale": "0",
                "is_blacklisted": "0",
                "is_honeypot": "0",
                "is_in_dex": "1",
                "is_mintable": "1",
                "is_open_source": "1",
                "is_proxy": "0",
                "is_whitelisted": "0",
                "lp_holder_count": "2",
                "lp_holders": [
                    {
                        "address": "0x663a5c229c09b049e36dcc11a9b0d4a8eb9db214",
                        "tag": "UniCrypt",
                        "value": null,
                        "is_contract": 1,
                        "balance": "109977.833949779321482898",
                        "percent": "0.999999999999999999",
                        "NFT_list": null,
                        "is_locked": 1,
                        "locked_detail": [
                            {
                                "amount": "109977.833949779321482898",
                                "end_time": "2025-11-15T20:00:00+00:00",
                                "opt_time": "2023-11-16T18:12:47+00:00"
                            }
                        ]
                    },
                    {
                        "address": "0x0000000000000000000000000000000000000000",
                        "tag": "Null Address",
                        "value": null,
                        "is_contract": 0,
                        "balance": "0.000000000000001",
                        "percent": "0.000000000000000000",
                        "NFT_list": null,
                        "is_locked": 1
                    }
                ],
                "lp_total_supply": "109977.833949779321483898",
                "owner_address": "0x0000000000000000000000000000000000000000",
                "owner_balance": "0",
                "owner_change_balance": "0",
                "owner_percent": "0.000000",
                "personal_slippage_modifiable": "0",
                "selfdestruct": "0",
                "sell_tax": "0.0025",
                "slippage_modifiable": "0",
                "token_name": "The Tribe",
                "token_symbol": "TRIBE",
                "total_supply": "1000000000",
                "trading_cooldown": "0",
                "transfer_pausable": "0"
            }
        }
    }
}