{"text":"The conclusion of the audit for the cryptocurrency token, The Tribe (TRIBE), reveals a generally standard composition with a few noteworthy features. The token demonstrates a standard sell tax of 0.0025%, providing a sense of familiarity for experienced crypto investors. Additionally, the absence of any buy tax adds an enticing element to the token's operation, hinting at the potential for increased interest and utility.\n\nIt becomes apparent from the audit that TRIBE is not a honeypot, a typical characteristic that doesn't trigger alarm bells. The lack of an antiwhale mechanism, however, is cause for concern, making the token potentially volatile and susceptible to market manipulation. The mintable characteristic seen in TRIBE is a double-edged sword - While it can increase the token's supply and make it more accessible, it can also lead to a devaluation if not managed judiciously.\n\nUnrestricted trading is confirmed by the nonexistence of blacklisting, which some investors may find liberating. Furthermore, the auditors found that The Tribe token has been listed on a decentralized exchange (dex), which is a standard practice that provides the benefits of improved liquidity and potentially higher daily trading volumes.\n\nThe coin has less than 1000 holders at this point, indicating a relatively low level of adoption that could represent a chance for early investors or a sign of limited interest. Moving upwards, the fact that there are more than two liquidity pool (LP) holders is positive, suggesting a more distributed ownership.\n\nOne must bear in mind some potential risks, though: there are two medium severity issues identified during the audit. While there are no high or low severity issues, these medium severity issues will require proper management and mitigation to ensure the overall integrity of the token.","table":{"token_name":"The Tribe","token_symbol":"TRIBE","is_honeypot":"0","blacklisted":"0","external_functions":5,"internal_functions":3,"private_functions":1,"view_functions":31,"pure_functions":0,"payable_functions":0,"total_functions":22,"number_of_medium_severity_issues":2,"number_of_high_severity_issues":0,"number_of_low_severity_issues":0,"is_antiwhale":"0","buy_tax":"0","holder_count":"401","is_mintable":"1","is_in_dex":"1","is_open_source":"1","lp_holder_count":"2","total_supply":"1000000000","sell_tax":"0.0025"}}