[{"type":"contract","name":"TheTribe","bases":"(ERC20, Ownable, ERC20UniswapV2InternalSwaps)","specs":"","line":8,"functions":[{"type":"func","name":"<Constructor>","spec":"[Pub]","payable":"","modifiers":"ERC20,Ownable","line":106},{"type":"func","name":"<Receive Ether>","spec":"[Ext]","payable":" ($)","modifiers":"","line":131},{"type":"func","name":"commitToPresale","spec":"[Pub]","payable":" ($)","modifiers":"","line":144},{"type":"func","name":"claimPresale","spec":"[Ext]","payable":"","modifiers":"","line":169},{"type":"func","name":"unclaimedSupply","spec":"[Ext]","payable":"","modifiers":"","line":196},{"type":"func","name":"openPresale","spec":"[Ext]","payable":"","modifiers":"onlyOwner","line":206},{"type":"func","name":"closePresale","spec":"[Ext]","payable":"","modifiers":"onlyOwner","line":218},{"type":"func","name":"completePresale","spec":"[Ext]","payable":"","modifiers":"onlyOwner","line":238},{"type":"func","name":"setTaxFreeAccount","spec":"[Ext]","payable":"","modifiers":"onlyTaxManager","line":269},{"type":"func","name":"setExchangePool","spec":"[Ext]","payable":"","modifiers":"onlyTaxManager","line":287},{"type":"func","name":"transferTaxManager","spec":"[Ext]","payable":"","modifiers":"onlyTaxManager","line":303},{"type":"func","name":"setTaxRecipient","spec":"[Ext]","payable":"","modifiers":"onlyTaxManager","line":316},{"type":"func","name":"withdrawTaxes","spec":"[Ext]","payable":"","modifiers":"onlyTaxManager","line":328},{"type":"func","name":"setSwapThresholdEth","spec":"[Ext]","payable":"","modifiers":"onlyTaxManager","line":341},{"type":"func","name":"changeTaxes","spec":"[Ext]","payable":"","modifiers":"onlyTaxManager","line":361},{"type":"func","name":"swapThresholdToken","spec":"[Pub]","payable":"","modifiers":"","line":378},{"type":"func","name":"currentBuyTax","spec":"[Pub]","payable":"","modifiers":"","line":390},{"type":"func","name":"currentSellTax","spec":"[Pub]","payable":"","modifiers":"","line":395},{"type":"func","name":"_update","spec":"[Int]","payable":"","modifiers":"","line":403},{"type":"func","name":"_getTax","spec":"[Prv]","payable":"","modifiers":"","line":428},{"type":"func","name":"_transferFromContractBalance","spec":"[Int]","payable":"","modifiers":"","line":444},{"type":"func","name":"_swapTokens","spec":"[Int]","payable":"","modifiers":"","line":454}]}]