{"reportContents":"# Function Description Report\n\n## Files Description Table\n\n\n|  File Name  |  SHA-1 Hash  |\n|-------------|--------------|\n\n\n## Contracts Description Table\n\n\n|  Contract  |         Type        |       Bases      |                  |                 |\n|:----------:|:-------------------:|:----------------:|:----------------:|:---------------:|\n|     └      |  **Function Name**  |  **Visibility**  |  **Mutability**  |  **Modifiers**  |\n||||||\n| **Context** | Implementation |  |||\n| └ | _msgSender | Internal 🔒 |   | |\n| └ | _msgData | Internal 🔒 |   | |\n||||||\n| **IERC20** | Interface |  |||\n| └ | totalSupply | External ❗️ |   |NO❗️ |\n| └ | balanceOf | External ❗️ |   |NO❗️ |\n| └ | transfer | External ❗️ | 🛑  |NO❗️ |\n| └ | allowance | External ❗️ |   |NO❗️ |\n| └ | approve | External ❗️ | 🛑  |NO❗️ |\n| └ | transferFrom | External ❗️ | 🛑  |NO❗️ |\n||||||\n| **SafeMath** | Library |  |||\n| └ | add | Internal 🔒 |   | |\n| └ | sub | Internal 🔒 |   | |\n| └ | sub | Internal 🔒 |   | |\n| └ | mul | Internal 🔒 |   | |\n| └ | div | Internal 🔒 |   | |\n| └ | div | Internal 🔒 |   | |\n| └ | mod | Internal 🔒 |   | |\n| └ | mod | Internal 🔒 |   | |\n||||||\n| **Address** | Library |  |||\n| └ | isContract | Internal 🔒 |   | |\n| └ | sendValue | Internal 🔒 | 🛑  | |\n| └ | functionCall | Internal 🔒 | 🛑  | |\n| └ | functionCall | Internal 🔒 | 🛑  | |\n| └ | functionCallWithValue | Internal 🔒 | 🛑  | |\n| └ | functionCallWithValue | Internal 🔒 | 🛑  | |\n| └ | _functionCallWithValue | Private 🔐 | 🛑  | |\n||||||\n| **ERC20** | Implementation | Context, IERC20 |||\n| └ | <Constructor> | Public ❗️ | 🛑  |NO❗️ |\n| └ | name | Public ❗️ |   |NO❗️ |\n| └ | symbol | Public ❗️ |   |NO❗️ |\n| └ | decimals | Public ❗️ |   |NO❗️ |\n| └ | totalSupply | Public ❗️ |   |NO❗️ |\n| └ | balanceOf | Public ❗️ |   |NO❗️ |\n| └ | transfer | Public ❗️ | 🛑  |NO❗️ |\n| └ | allowance | Public ❗️ |   |NO❗️ |\n| └ | approve | Public ❗️ | 🛑  |NO❗️ |\n| └ | transferFrom | Public ❗️ | 🛑  |NO❗️ |\n| └ | increaseAllowance | Public ❗️ | 🛑  |NO❗️ |\n| └ | decreaseAllowance | Public ❗️ | 🛑  |NO❗️ |\n| └ | _transfer | Internal 🔒 | 🛑  | |\n| └ | _mint | Internal 🔒 | 🛑  | |\n| └ | _burn | Internal 🔒 | 🛑  | |\n| └ | _approve | Internal 🔒 | 🛑  | |\n| └ | _setupDecimals | Internal 🔒 | 🛑  | |\n| └ | _beforeTokenTransfer | Internal 🔒 | 🛑  | |\n||||||\n| **InjectiveToken** | Implementation | ERC20 |||\n| └ | <Constructor> | Public ❗️ | 🛑  | ERC20 |\n\n\n## Legend\n\n|  Symbol  |  Meaning  |\n|:--------:|-----------|\n|    🛑    | Function can modify state |\n|    💵    | Function is payable |\n","tableRows":[{"type":"contract","name":"Context","spec":"Implementation","mutating":null,"payable":null},{"type":"func","name":"_msgSender","spec":"Internal 🔒","mutating":"","payable":""},{"type":"func","name":"_msgData","spec":"Internal 🔒","mutating":"","payable":""},{"type":"contract","name":"IERC20","spec":"Interface","mutating":null,"payable":null},{"type":"func","name":"totalSupply","spec":"External ❗️","mutating":"","payable":""},{"type":"func","name":"balanceOf","spec":"External ❗️","mutating":"","payable":""},{"type":"func","name":"transfer","spec":"External ❗️","mutating":"🛑","payable":""},{"type":"func","name":"allowance","spec":"External ❗️","mutating":"","payable":""},{"type":"func","name":"approve","spec":"External ❗️","mutating":"🛑","payable":""},{"type":"func","name":"transferFrom","spec":"External ❗️","mutating":"🛑","payable":""},{"type":"contract","name":"SafeMath","spec":"Library","mutating":null,"payable":null},{"type":"func","name":"add","spec":"Internal 🔒","mutating":"","payable":""},{"type":"func","name":"sub","spec":"Internal 🔒","mutating":"","payable":""},{"type":"func","name":"sub","spec":"Internal 🔒","mutating":"","payable":""},{"type":"func","name":"mul","spec":"Internal 🔒","mutating":"","payable":""},{"type":"func","name":"div","spec":"Internal 🔒","mutating":"","payable":""},{"type":"func","name":"div","spec":"Internal 🔒","mutating":"","payable":""},{"type":"func","name":"mod","spec":"Internal 🔒","mutating":"","payable":""},{"type":"func","name":"mod","spec":"Internal 🔒","mutating":"","payable":""},{"type":"contract","name":"Address","spec":"Library","mutating":null,"payable":null},{"type":"func","name":"isContract","spec":"Internal 🔒","mutating":"","payable":""},{"type":"func","name":"sendValue","spec":"Internal 🔒","mutating":"🛑","payable":""},{"type":"func","name":"functionCall","spec":"Internal 🔒","mutating":"🛑","payable":""},{"type":"func","name":"functionCall","spec":"Internal 🔒","mutating":"🛑","payable":""},{"type":"func","name":"functionCallWithValue","spec":"Internal 🔒","mutating":"🛑","payable":""},{"type":"func","name":"functionCallWithValue","spec":"Internal 🔒","mutating":"🛑","payable":""},{"type":"func","name":"_functionCallWithValue","spec":"Private 🔐","mutating":"🛑","payable":""},{"type":"contract","name":"ERC20","spec":"Implementation","mutating":null,"payable":null},{"type":"func","name":"<Constructor>","spec":"Public ❗️","mutating":"🛑","payable":""},{"type":"func","name":"name","spec":"Public ❗️","mutating":"","payable":""},{"type":"func","name":"symbol","spec":"Public ❗️","mutating":"","payable":""},{"type":"func","name":"decimals","spec":"Public ❗️","mutating":"","payable":""},{"type":"func","name":"totalSupply","spec":"Public ❗️","mutating":"","payable":""},{"type":"func","name":"balanceOf","spec":"Public ❗️","mutating":"","payable":""},{"type":"func","name":"transfer","spec":"Public ❗️","mutating":"🛑","payable":""},{"type":"func","name":"allowance","spec":"Public ❗️","mutating":"","payable":""},{"type":"func","name":"approve","spec":"Public ❗️","mutating":"🛑","payable":""},{"type":"func","name":"transferFrom","spec":"Public ❗️","mutating":"🛑","payable":""},{"type":"func","name":"increaseAllowance","spec":"Public ❗️","mutating":"🛑","payable":""},{"type":"func","name":"decreaseAllowance","spec":"Public ❗️","mutating":"🛑","payable":""},{"type":"func","name":"_transfer","spec":"Internal 🔒","mutating":"🛑","payable":""},{"type":"func","name":"_mint","spec":"Internal 🔒","mutating":"🛑","payable":""},{"type":"func","name":"_burn","spec":"Internal 🔒","mutating":"🛑","payable":""},{"type":"func","name":"_approve","spec":"Internal 🔒","mutating":"🛑","payable":""},{"type":"func","name":"_setupDecimals","spec":"Internal 🔒","mutating":"🛑","payable":""},{"type":"func","name":"_beforeTokenTransfer","spec":"Internal 🔒","mutating":"🛑","payable":""},{"type":"contract","name":"InjectiveToken","spec":"Implementation","mutating":null,"payable":null},{"type":"func","name":"<Constructor>","spec":"Public ❗️","mutating":"🛑","payable":""}]}