{"data":{"tokens":[{"address":"0xe28b3b32b6c345a34ff64674606124dd5aceca30","decimals":18,"id":"0xe28b3b32b6c345a34ff64674606124dd5aceca30:1","name":"Injective Token","networkId":1,"symbol":"INJ","imageLargeUrl":"https://token-media.defined.fi/1_0xe28b3b32b6c345a34ff64674606124dd5aceca30_large.png","imageSmallUrl":"https://token-media.defined.fi/1_0xe28b3b32b6c345a34ff64674606124dd5aceca30_small.png","imageThumbUrl":"https://token-media.defined.fi/1_0xe28b3b32b6c345a34ff64674606124dd5aceca30_thumb.png","explorerData":{"id":"0xe28b3b32b6c345a34ff64674606124dd5aceca30:1","blueCheckmark":true,"description":"Access, create and trade unlimited decentralized finance markets on an Ethereum-compatible exchange protocol for cross-chain DeFi.","divisor":"18","tokenPriceUSD":"30.930000000000000000","tokenType":"ERC20","__typename":"ExplorerTokenData"},"info":{"address":"0xe28b3b32b6c345a34ff64674606124dd5aceca30","circulatingSupply":"84255555","id":"0xe28b3b32b6c345a34ff64674606124dd5aceca30:1","imageLargeUrl":"https://token-media.defined.fi/1_0xe28b3b32b6c345a34ff64674606124dd5aceca30_large.png","imageSmallUrl":"https://token-media.defined.fi/1_0xe28b3b32b6c345a34ff64674606124dd5aceca30_small.png","imageThumbUrl":"https://token-media.defined.fi/1_0xe28b3b32b6c345a34ff64674606124dd5aceca30_thumb.png","isScam":null,"name":"Injective Token","networkId":1,"symbol":"INJ","totalSupply":"100000000","__typename":"TokenInfo"},"socialLinks":{"bitcointalk":"https://bitcointalk.org/index.php?topic=5256555.0","blog":"https://medium.com/injective-labs","coingecko":null,"coinmarketcap":null,"discord":"https://discord.com/invite/NK4qdbv","email":"contact@injectiveprotocol.com","facebook":"","github":"https://github.com/InjectiveLabs","instagram":null,"linkedin":"https://www.linkedin.com/company/injective-labs/","reddit":"https://www.reddit.com/r/injective/","slack":"","telegram":"https://t.me/joininjective","twitch":null,"twitter":"https://twitter.com/Injective_","website":"https://injective.com/","wechat":"","whitepaper":"","youtube":null,"__typename":"SocialLinks"},"__typename":"EnhancedToken"}]}}