{"time":1702662007127,"data":{"code":1,"message":"OK","result":{"0xe28b3b32b6c345a34ff64674606124dd5aceca30":{"anti_whale_modifiable":"0","buy_tax":"0","can_take_back_ownership":"0","cannot_buy":"0","cannot_sell_all":"0","creator_address":"0x03e3bfb5634bd62bc74423e77eaf16991076b4ad","creator_balance":"0","creator_percent":"0.000000","dex":[{"liquidity_type":"UniV3","name":"UniswapV3","liquidity":"1458359.81311442","pair":"0x6c063a6e8cd45869b5eb75291e65a3de298f3aa8"},{"liquidity_type":"UniV2","name":"SushiSwapV2","liquidity":"341191.10470825","pair":"0xfb3cd0b8a5371fe93ef92e3988d30df7931e2820"},{"liquidity_type":"UniV2","name":"UniswapV2","liquidity":"42450.66809839","pair":"0x3c70f4faea49e50adc8305f2e1aa0ea326a54ffc"},{"liquidity_type":"UniV3","name":"UniswapV3","liquidity":"2176.57668423","pair":"0x4858c96a9024fbd7efbfe78aa5a8d62900952420"}],"external_call":"0","hidden_owner":"0","holder_count":"23872","holders":[{"address":"0xf955c57f9ea9dc8781965feae0b6a2ace2bad6f3","tag":"","is_contract":1,"balance":"67377696.215666409451523307","percent":"0.673776962156664094","is_locked":0},{"address":"0x7e233eafc76243474369bd080238fd6eb36a73ce","tag":"","is_contract":0,"balance":"14744444.34","percent":"0.147444443400000000","is_locked":0},{"address":"0x93299bc6e036190591291cb78ab626485a7c9c7f","tag":"","is_contract":0,"balance":"2183700.7578","percent":"0.021837007578000000","is_locked":0},{"address":"0xc5458d4093fa55d515c26951a992e49b5c89e1e4","tag":"","is_contract":0,"balance":"1000000","percent":"0.010000000000000000","is_locked":0},{"address":"0xf282d55d253ae36135c0797b43b51b55735d28bf","tag":"","is_contract":0,"balance":"955909.299769645446880257","percent":"0.009559092997696454","is_locked":0},{"address":"0x37d02dc3c8cd880cf00f5c06670087c0a14f9eb8","tag":"","is_contract":0,"balance":"780048.7872857","percent":"0.007800487872857000","is_locked":0},{"address":"0xf89d7b9c864f589bbf53a82105107622b35eaa40","tag":"","is_contract":0,"balance":"652612.30134512545010765","percent":"0.006526123013451254","is_locked":0},{"address":"0xafcd96e580138cfa2332c632e66308eacd45c5da","tag":"","is_contract":1,"balance":"600000","percent":"0.006000000000000000","is_locked":0},{"address":"0xae5e6269cf7fed6fe44db38b7fa27d0e8f9c00bd","tag":"","is_contract":0,"balance":"594062.0928893220007092","percent":"0.005940620928893220","is_locked":0},{"address":"0x809d4748c5dc9cc51c6e1e33389915024bdd9bc6","tag":"","is_contract":0,"balance":"587482.6786370201706147","percent":"0.005874826786370201","is_locked":0}],"honeypot_with_same_creator":"0","is_anti_whale":"0","is_blacklisted":"0","is_honeypot":"0","is_in_dex":"1","is_mintable":"0","is_open_source":"1","is_proxy":"0","is_whitelisted":"0","lp_holder_count":"3","lp_holders":[{"address":"0xfb7f5f4c31c524ab6beccfc93de9484d3ad1ebcc","tag":"","value":"3606.9654542608849536735","is_contract":0,"balance":"84.044896041149118765","percent":"0.710887199111842778","NFT_list":[{"value":"3606.9654542608849536735","NFT_id":"514086","amount":"84.044896041149118765","in_effect":"0","NFT_percentage":"0.710887199111842778"}],"is_locked":0},{"address":"0x8410373df6e9b20765c9599c26d585b2cd0ef628","tag":"","value":"6433.6474129804077532430","is_contract":0,"balance":"30.117722049615241154","percent":"0.254748403293845413","NFT_list":[{"value":"6433.6474129804077532430","NFT_id":"534793","amount":"30.117722049615241154","in_effect":"0","NFT_percentage":"0.254748403293845413"}],"is_locked":0},{"address":"0x7173c20d6309133fa0f65e9eb3aa7db47034dc18","tag":"","value":"601.5190188901673322875","is_contract":0,"balance":"4.062743325437573826","percent":"0.034364397594311808","NFT_list":[{"value":"601.5190188901673322875","NFT_id":"126367","amount":"4.062743325437573826","in_effect":"0","NFT_percentage":"0.034364397594311808"}],"is_locked":0}],"lp_total_supply":"118.225361416201933745","owner_address":"","owner_balance":"0","owner_change_balance":"0","owner_percent":"0","personal_slippage_modifiable":"0","selfdestruct":"0","sell_tax":"0","slippage_modifiable":"0","token_name":"Injective Token","token_symbol":"INJ","total_supply":"100000000","trading_cooldown":"0","transfer_pausable":"0"}}}}