{"text":"The audit of the Injective Token or INJ reveals several positive aspects. Notably, there is no sell tax or buy tax attached to the token, which is beneficial to traders. Similarly, there are no restrictions on trading with this token due to the lack of a 'blacklist' feature, allowing users greater freedom. As a non-honeypot token listed on a decentralized exchange (DEX), it matches expectations of what is considered standard for cryptocurrencies. \n\nIn terms of security, the Injective Token holds a strong position. With no high-severity issues found during the audit, confidence in the token's security protocols can be maintained. The fact that it's not mintable preserves the scarcity of the token, another point that warrants applause. \n\nHowever, there are a couple of matters that deserve attention. The Injective Token is not 'antiwhale', which could raise potential concerns about market manipulation. This is a facet that could be improved to prevent concentration of the token in the hands of a few parties. The audit also uncovered two medium severity issues, suggesting that while there are no high-risk vulnerabilities, the potential for improvement exists.\n\nThe Injective Token appears well adopted within the crypto community, as highlighted by its over 23,872 holders and more than 3 liquidity provider (LP) holders. Such figures suggest robustness and potential future growth of the token. \n\nIn conclusion, the audit findings on the INJ indicate a healthy token overall, despite a few areas of concern. As with all cryptocurrencies, users are encouraged to conduct their own research and due diligence before proceeding with transactions. The steady adoption rate and robust security make it a promising prospect in the crypto market. The presence of any medium severity issues suggests caution, and these should be addressed to enhance the overall trustworthiness of the token.","table":{"token_name":"Injective Token","token_symbol":"INJ","is_honeypot":"0","blacklisted":"0","external_functions":13,"internal_functions":22,"private_functions":1,"view_functions":6,"pure_functions":0,"payable_functions":0,"total_functions":42,"number_of_medium_severity_issues":2,"number_of_high_severity_issues":0,"number_of_low_severity_issues":0,"is_antiwhale":"0","buy_tax":"0","holder_count":"23872","is_mintable":"0","is_in_dex":"1","is_open_source":"1","lp_holder_count":"3","total_supply":"100000000","sell_tax":"0"}}