[{"type":"contract","name":"Context","bases":"","specs":"","line":17,"functions":[{"type":"func","name":"_msgSender","spec":"[Int]","payable":"","modifiers":"","line":18},{"type":"func","name":"_msgData","spec":"[Int]","payable":"","modifiers":"","line":22}]},{"type":"contract","name":"IERC20","bases":"","specs":"[Int]","line":32,"functions":[{"type":"func","name":"totalSupply","spec":"[Ext]","payable":"","modifiers":"","line":36},{"type":"func","name":"balanceOf","spec":"[Ext]","payable":"","modifiers":"","line":41},{"type":"func","name":"transfer","spec":"[Ext]","payable":"","modifiers":"","line":50},{"type":"func","name":"allowance","spec":"[Ext]","payable":"","modifiers":"","line":59},{"type":"func","name":"approve","spec":"[Ext]","payable":"","modifiers":"","line":75},{"type":"func","name":"transferFrom","spec":"[Ext]","payable":"","modifiers":"","line":86}]},{"type":"contract","name":"SafeMath","bases":"","specs":"[Lib]","line":117,"functions":[{"type":"func","name":"add","spec":"[Int]","payable":"","modifiers":"","line":128},{"type":"func","name":"sub","spec":"[Int]","payable":"","modifiers":"","line":145},{"type":"func","name":"sub","spec":"[Int]","payable":"","modifiers":"","line":159},{"type":"func","name":"mul","spec":"[Int]","payable":"","modifiers":"","line":176},{"type":"func","name":"div","spec":"[Int]","payable":"","modifiers":"","line":202},{"type":"func","name":"div","spec":"[Int]","payable":"","modifiers":"","line":218},{"type":"func","name":"mod","spec":"[Int]","payable":"","modifiers":"","line":238},{"type":"func","name":"mod","spec":"[Int]","payable":"","modifiers":"","line":254}]},{"type":"contract","name":"Address","bases":"","specs":"[Lib]","line":264,"functions":[{"type":"func","name":"isContract","spec":"[Int]","payable":"","modifiers":"","line":282},{"type":"func","name":"sendValue","spec":"[Int]","payable":"","modifiers":"","line":309},{"type":"func","name":"functionCall","spec":"[Int]","payable":"","modifiers":"","line":335},{"type":"func","name":"functionCall","spec":"[Int]","payable":"","modifiers":"","line":345},{"type":"func","name":"functionCallWithValue","spec":"[Int]","payable":"","modifiers":"","line":360},{"type":"func","name":"functionCallWithValue","spec":"[Int]","payable":"","modifiers":"","line":370},{"type":"func","name":"_functionCallWithValue","spec":"[Prv]","payable":"","modifiers":"","line":375}]},{"type":"contract","name":"ERC20","bases":"(Context, IERC20)","specs":"","line":424,"functions":[{"type":"func","name":"<Constructor>","spec":"[Pub]","payable":"","modifiers":"","line":447},{"type":"func","name":"name","spec":"[Pub]","payable":"","modifiers":"","line":456},{"type":"func","name":"symbol","spec":"[Pub]","payable":"","modifiers":"","line":464},{"type":"func","name":"decimals","spec":"[Pub]","payable":"","modifiers":"","line":481},{"type":"func","name":"totalSupply","spec":"[Pub]","payable":"","modifiers":"","line":488},{"type":"func","name":"balanceOf","spec":"[Pub]","payable":"","modifiers":"","line":495},{"type":"func","name":"transfer","spec":"[Pub]","payable":"","modifiers":"","line":507},{"type":"func","name":"allowance","spec":"[Pub]","payable":"","modifiers":"","line":515},{"type":"func","name":"approve","spec":"[Pub]","payable":"","modifiers":"","line":526},{"type":"func","name":"transferFrom","spec":"[Pub]","payable":"","modifiers":"","line":543},{"type":"func","name":"increaseAllowance","spec":"[Pub]","payable":"","modifiers":"","line":561},{"type":"func","name":"decreaseAllowance","spec":"[Pub]","payable":"","modifiers":"","line":580},{"type":"func","name":"_transfer","spec":"[Int]","payable":"","modifiers":"","line":599},{"type":"func","name":"_mint","spec":"[Int]","payable":"","modifiers":"","line":619},{"type":"func","name":"_burn","spec":"[Int]","payable":"","modifiers":"","line":640},{"type":"func","name":"_approve","spec":"[Int]","payable":"","modifiers":"","line":663},{"type":"func","name":"_setupDecimals","spec":"[Int]","payable":"","modifiers":"","line":678},{"type":"func","name":"_beforeTokenTransfer","spec":"[Int]","payable":"","modifiers":"","line":696}]},{"type":"contract","name":"InjectiveToken","bases":"(ERC20)","specs":"","line":700,"functions":[{"type":"func","name":"<Constructor>","spec":"[Pub]","payable":"","modifiers":"ERC20","line":701}]}]