[
  {
    "title": "Centralization Risk",
    "severity": "INFO",
    "mitigation": "The setTrading function allows the contract owner to arbitrarily enable or disable trading, which is a centralization risk. This function can be used to freeze the contract's trading at any moment, potentially trapping user funds or manipulating the market."
  },
  {
    "title": "Privileged Functions",
    "severity": "LOW",
    "mitigation": "The manualswap function can be executed by either the development or marketing address, allowing these addresses to swap the contract's tokens for ETH at any time. This could potentially be abused if either address is compromised or acts maliciously, impacting the token's liquidity and market price."
  },
  {
    "title": "Access control",
    "severity": "INFO",
    "mitigation": "This function allows only the owner to control the trading state. If the owner's address is compromised, the owner can halt trading at will, potentially leading to a rug pull."
  },
  {
    "title": "Centralization risk",
    "severity": "LOW",
    "mitigation": "This function allows the development or marketing address to manually trigger a swap of all the contract's tokens for ETH. This can be abused if either address is compromised, leading to loss of funds or manipulation of the token's liquidity."
  }
]
