{"reportContents":"# Function Description Report\n\n## Files Description Table\n\n\n|  File Name  |  SHA-1 Hash  |\n|-------------|--------------|\n\n\n## Contracts Description Table\n\n\n|  Contract  |         Type        |       Bases      |                  |                 |\n|:----------:|:-------------------:|:----------------:|:----------------:|:---------------:|\n|     └      |  **Function Name**  |  **Visibility**  |  **Mutability**  |  **Modifiers**  |\n||||||\n| **Context** | Implementation |  |||\n| └ | _msgSender | Internal 🔒 |   | |\n||||||\n| **IERC20** | Interface |  |||\n| └ | totalSupply | External ❗️ |   |NO❗️ |\n| └ | balanceOf | External ❗️ |   |NO❗️ |\n| └ | transfer | External ❗️ | 🛑  |NO❗️ |\n| └ | allowance | External ❗️ |   |NO❗️ |\n| └ | approve | External ❗️ | 🛑  |NO❗️ |\n| └ | transferFrom | External ❗️ | 🛑  |NO❗️ |\n||||||\n| **Ownable** | Implementation | Context |||\n| └ | <Constructor> | Public ❗️ | 🛑  |NO❗️ |\n| └ | owner | Public ❗️ |   |NO❗️ |\n| └ | renounceOwnership | Public ❗️ | 🛑  | onlyOwner |\n| └ | transferOwnership | Public ❗️ | 🛑  | onlyOwner |\n||||||\n| **SafeMath** | Library |  |||\n| └ | add | Internal 🔒 |   | |\n| └ | sub | Internal 🔒 |   | |\n| └ | sub | Internal 🔒 |   | |\n| └ | mul | Internal 🔒 |   | |\n| └ | div | Internal 🔒 |   | |\n| └ | div | Internal 🔒 |   | |\n||||||\n| **IUniswapV2Factory** | Interface |  |||\n| └ | createPair | External ❗️ | 🛑  |NO❗️ |\n||||||\n| **IUniswapV2Router02** | Interface |  |||\n| └ | swapExactTokensForETHSupportingFeeOnTransferTokens | External ❗️ | 🛑  |NO❗️ |\n| └ | factory | External ❗️ |   |NO❗️ |\n| └ | WETH | External ❗️ |   |NO❗️ |\n| └ | addLiquidityETH | External ❗️ |  💵 |NO❗️ |\n||||||\n| **Aegis** | Implementation | Context, IERC20, Ownable |||\n| └ | <Constructor> | Public ❗️ | 🛑  |NO❗️ |\n| └ | name | Public ❗️ |   |NO❗️ |\n| └ | symbol | Public ❗️ |   |NO❗️ |\n| └ | decimals | Public ❗️ |   |NO❗️ |\n| └ | totalSupply | Public ❗️ |   |NO❗️ |\n| └ | balanceOf | Public ❗️ |   |NO❗️ |\n| └ | transfer | Public ❗️ | 🛑  |NO❗️ |\n| └ | allowance | Public ❗️ |   |NO❗️ |\n| └ | approve | Public ❗️ | 🛑  |NO❗️ |\n| └ | transferFrom | Public ❗️ | 🛑  |NO❗️ |\n| └ | tokenFromReflection | Private 🔐 |   | |\n| └ | removeAllFee | Private 🔐 | 🛑  | |\n| └ | restoreAllFee | Private 🔐 | 🛑  | |\n| └ | _approve | Private 🔐 | 🛑  | |\n| └ | _transfer | Private 🔐 | 🛑  | |\n| └ | swapTokensForEth | Private 🔐 | 🛑  | lockTheSwap |\n| └ | sendETHToFee | Private 🔐 | 🛑  | |\n| └ | setTrading | Public ❗️ | 🛑  | onlyOwner |\n| └ | manualswap | External ❗️ | 🛑  |NO❗️ |\n| └ | manualsend | External ❗️ | 🛑  |NO❗️ |\n| └ | blockBots | Public ❗️ | 🛑  | onlyOwner |\n| └ | unblockBot | Public ❗️ | 🛑  | onlyOwner |\n| └ | _tokenTransfer | Private 🔐 | 🛑  | |\n| └ | _transferStandard | Private 🔐 | 🛑  | |\n| └ | _takeTeam | Private 🔐 | 🛑  | |\n| └ | _reflectFee | Private 🔐 | 🛑  | |\n| └ | <Receive Ether> | External ❗️ |  💵 |NO❗️ |\n| └ | _getValues | Private 🔐 |   | |\n| └ | _getTValues | Private 🔐 |   | |\n| └ | _getRValues | Private 🔐 |   | |\n| └ | _getRate | Private 🔐 |   | |\n| └ | _getCurrentSupply | Private 🔐 |   | |\n| └ | setFee | Public ❗️ | 🛑  | onlyOwner |\n| └ | setMinSwapTokensThreshold | Public ❗️ | 🛑  | onlyOwner |\n| └ | toggleSwap | Public ❗️ | 🛑  | onlyOwner |\n| └ | setMaxTxnAmount | Public ❗️ | 🛑  | onlyOwner |\n| └ | setMaxWalletSize | Public ❗️ | 🛑  | onlyOwner |\n| └ | excludeMultipleAccountsFromFees | Public ❗️ | 🛑  | onlyOwner |\n\n\n## Legend\n\n|  Symbol  |  Meaning  |\n|:--------:|-----------|\n|    🛑    | Function can modify state |\n|    💵    | Function is payable |\n","tableRows":[{"type":"contract","name":"Context","spec":"Implementation","mutating":null,"payable":null},{"type":"func","name":"_msgSender","spec":"Internal 🔒","mutating":"","payable":""},{"type":"contract","name":"IERC20","spec":"Interface","mutating":null,"payable":null},{"type":"func","name":"totalSupply","spec":"External ❗️","mutating":"","payable":""},{"type":"func","name":"balanceOf","spec":"External ❗️","mutating":"","payable":""},{"type":"func","name":"transfer","spec":"External ❗️","mutating":"🛑","payable":""},{"type":"func","name":"allowance","spec":"External ❗️","mutating":"","payable":""},{"type":"func","name":"approve","spec":"External ❗️","mutating":"🛑","payable":""},{"type":"func","name":"transferFrom","spec":"External ❗️","mutating":"🛑","payable":""},{"type":"contract","name":"Ownable","spec":"Implementation","mutating":null,"payable":null},{"type":"func","name":"<Constructor>","spec":"Public ❗️","mutating":"🛑","payable":""},{"type":"func","name":"owner","spec":"Public ❗️","mutating":"","payable":""},{"type":"func","name":"renounceOwnership","spec":"Public ❗️","mutating":"🛑","payable":""},{"type":"func","name":"transferOwnership","spec":"Public ❗️","mutating":"🛑","payable":""},{"type":"contract","name":"SafeMath","spec":"Library","mutating":null,"payable":null},{"type":"func","name":"add","spec":"Internal 🔒","mutating":"","payable":""},{"type":"func","name":"sub","spec":"Internal 🔒","mutating":"","payable":""},{"type":"func","name":"sub","spec":"Internal 🔒","mutating":"","payable":""},{"type":"func","name":"mul","spec":"Internal 🔒","mutating":"","payable":""},{"type":"func","name":"div","spec":"Internal 🔒","mutating":"","payable":""},{"type":"func","name":"div","spec":"Internal 🔒","mutating":"","payable":""},{"type":"contract","name":"IUniswapV2Factory","spec":"Interface","mutating":null,"payable":null},{"type":"func","name":"createPair","spec":"External ❗️","mutating":"🛑","payable":""},{"type":"contract","name":"IUniswapV2Router02","spec":"Interface","mutating":null,"payable":null},{"type":"func","name":"swapExactTokensForETHSupportingFeeOnTransferTokens","spec":"External ❗️","mutating":"🛑","payable":""},{"type":"func","name":"factory","spec":"External ❗️","mutating":"","payable":""},{"type":"func","name":"WETH","spec":"External ❗️","mutating":"","payable":""},{"type":"func","name":"addLiquidityETH","spec":"External ❗️","mutating":"","payable":"💵"},{"type":"contract","name":"Aegis","spec":"Implementation","mutating":null,"payable":null},{"type":"func","name":"<Constructor>","spec":"Public ❗️","mutating":"🛑","payable":""},{"type":"func","name":"name","spec":"Public ❗️","mutating":"","payable":""},{"type":"func","name":"symbol","spec":"Public ❗️","mutating":"","payable":""},{"type":"func","name":"decimals","spec":"Public ❗️","mutating":"","payable":""},{"type":"func","name":"totalSupply","spec":"Public ❗️","mutating":"","payable":""},{"type":"func","name":"balanceOf","spec":"Public ❗️","mutating":"","payable":""},{"type":"func","name":"transfer","spec":"Public ❗️","mutating":"🛑","payable":""},{"type":"func","name":"allowance","spec":"Public ❗️","mutating":"","payable":""},{"type":"func","name":"approve","spec":"Public ❗️","mutating":"🛑","payable":""},{"type":"func","name":"transferFrom","spec":"Public ❗️","mutating":"🛑","payable":""},{"type":"func","name":"tokenFromReflection","spec":"Private 🔐","mutating":"","payable":""},{"type":"func","name":"removeAllFee","spec":"Private 🔐","mutating":"🛑","payable":""},{"type":"func","name":"restoreAllFee","spec":"Private 🔐","mutating":"🛑","payable":""},{"type":"func","name":"_approve","spec":"Private 🔐","mutating":"🛑","payable":""},{"type":"func","name":"_transfer","spec":"Private 🔐","mutating":"🛑","payable":""},{"type":"func","name":"swapTokensForEth","spec":"Private 🔐","mutating":"🛑","payable":""},{"type":"func","name":"sendETHToFee","spec":"Private 🔐","mutating":"🛑","payable":""},{"type":"func","name":"setTrading","spec":"Public ❗️","mutating":"🛑","payable":""},{"type":"func","name":"manualswap","spec":"External ❗️","mutating":"🛑","payable":""},{"type":"func","name":"manualsend","spec":"External ❗️","mutating":"🛑","payable":""},{"type":"func","name":"blockBots","spec":"Public ❗️","mutating":"🛑","payable":""},{"type":"func","name":"unblockBot","spec":"Public ❗️","mutating":"🛑","payable":""},{"type":"func","name":"_tokenTransfer","spec":"Private 🔐","mutating":"🛑","payable":""},{"type":"func","name":"_transferStandard","spec":"Private 🔐","mutating":"🛑","payable":""},{"type":"func","name":"_takeTeam","spec":"Private 🔐","mutating":"🛑","payable":""},{"type":"func","name":"_reflectFee","spec":"Private 🔐","mutating":"🛑","payable":""},{"type":"func","name":"<Receive Ether>","spec":"External ❗️","mutating":"","payable":"💵"},{"type":"func","name":"_getValues","spec":"Private 🔐","mutating":"","payable":""},{"type":"func","name":"_getTValues","spec":"Private 🔐","mutating":"","payable":""},{"type":"func","name":"_getRValues","spec":"Private 🔐","mutating":"","payable":""},{"type":"func","name":"_getRate","spec":"Private 🔐","mutating":"","payable":""},{"type":"func","name":"_getCurrentSupply","spec":"Private 🔐","mutating":"","payable":""},{"type":"func","name":"setFee","spec":"Public ❗️","mutating":"🛑","payable":""},{"type":"func","name":"setMinSwapTokensThreshold","spec":"Public ❗️","mutating":"🛑","payable":""},{"type":"func","name":"toggleSwap","spec":"Public ❗️","mutating":"🛑","payable":""},{"type":"func","name":"setMaxTxnAmount","spec":"Public ❗️","mutating":"🛑","payable":""},{"type":"func","name":"setMaxWalletSize","spec":"Public ❗️","mutating":"🛑","payable":""},{"type":"func","name":"excludeMultipleAccountsFromFees","spec":"Public ❗️","mutating":"🛑","payable":""}]}