{"data":{"tokens":[{"address":"0x55a8f6c6b3aa58ad6d1f26f6afeded78f32e19f4","decimals":9,"id":"0x55a8f6c6b3aa58ad6d1f26f6afeded78f32e19f4:1","name":"Aegis Ai","networkId":1,"symbol":"AEGIS","imageLargeUrl":"https://token-media.defined.fi/1_0x55a8f6c6b3aa58ad6d1f26f6afeded78f32e19f4_large_cf04dd03-1735-4ca0-a1ea-d637cbcea580.png","imageSmallUrl":"https://token-media.defined.fi/1_0x55a8f6c6b3aa58ad6d1f26f6afeded78f32e19f4_small_cf04dd03-1735-4ca0-a1ea-d637cbcea580.png","imageThumbUrl":"https://token-media.defined.fi/1_0x55a8f6c6b3aa58ad6d1f26f6afeded78f32e19f4_thumb_cf04dd03-1735-4ca0-a1ea-d637cbcea580.png","explorerData":{"id":"0x55a8f6c6b3aa58ad6d1f26f6afeded78f32e19f4:1","blueCheckmark":true,"description":"Aegis AI is the one-stop solution for everything security including Token and Code Audit, first-ever Live Monitoring dApp and TG bot for instantaneous notifications, high-end Penetration Testing, Bug Bounty and more.","divisor":"9","tokenPriceUSD":"0.000000000000000000","tokenType":"ERC20","__typename":"ExplorerTokenData"},"info":{"address":"0x55a8f6c6b3aa58ad6d1f26f6afeded78f32e19f4","circulatingSupply":"100000000","id":"0x55a8f6c6b3aa58ad6d1f26f6afeded78f32e19f4:1","imageLargeUrl":"https://token-media.defined.fi/1_0x55a8f6c6b3aa58ad6d1f26f6afeded78f32e19f4_large_cf04dd03-1735-4ca0-a1ea-d637cbcea580.png","imageSmallUrl":"https://token-media.defined.fi/1_0x55a8f6c6b3aa58ad6d1f26f6afeded78f32e19f4_small_cf04dd03-1735-4ca0-a1ea-d637cbcea580.png","imageThumbUrl":"https://token-media.defined.fi/1_0x55a8f6c6b3aa58ad6d1f26f6afeded78f32e19f4_thumb_cf04dd03-1735-4ca0-a1ea-d637cbcea580.png","isScam":null,"name":"Aegis Ai","networkId":1,"symbol":"AEGIS","totalSupply":"100000000","__typename":"TokenInfo"},"socialLinks":{"bitcointalk":"","blog":"","coingecko":null,"coinmarketcap":null,"discord":"","email":"info@aiaegis.org","facebook":"","github":"","instagram":null,"linkedin":"","reddit":"","slack":"","telegram":"https://t.me/aegisaisecurity","twitch":null,"twitter":"https://x.com/aegisaisecurity","website":"https://aiaegis.org","wechat":"","whitepaper":"https://aegis-2.gitbook.io","youtube":null,"__typename":"SocialLinks"},"__typename":"EnhancedToken"}]}}