{"time":1702639225342,"data":{"code":1,"message":"OK","result":{"0x55a8f6c6b3aa58ad6d1f26f6afeded78f32e19f4":{"anti_whale_modifiable":"1","buy_tax":"0.05","can_take_back_ownership":"0","cannot_buy":"0","cannot_sell_all":"0","creator_address":"0x5f30c393c07dd4b62564a43362bb32e87b5057ea","creator_balance":"1784157.396663813","creator_percent":"0.017842","dex":[{"liquidity_type":"UniV2","name":"UniswapV2","liquidity":"447283.13646440","pair":"0xfe73c784d047ff1bfc06230d6001ddc9ff1f59bb"}],"external_call":"0","hidden_owner":"0","holder_count":"2998","holders":[{"address":"0xfe73c784d047ff1bfc06230d6001ddc9ff1f59bb","tag":"UniswapV2","is_contract":1,"balance":"2597579.41949691","percent":"0.025975794194969100","is_locked":0},{"address":"0xaf8cbc88c28754bd4aa42e3c80bf1d6583cda346","tag":"","is_contract":0,"balance":"1980683.148121597","percent":"0.019806831481215970","is_locked":0},{"address":"0x901dc3b89f1ecc63414b3d249ba17e55c1519348","tag":"","is_contract":0,"balance":"1856766.086679516","percent":"0.018567660866795160","is_locked":0},{"address":"0x5f30c393c07dd4b62564a43362bb32e87b5057ea","tag":"","is_contract":0,"balance":"1784157.396663813","percent":"0.017841573966638130","is_locked":0},{"address":"0x5398b407382411aa0690a443dc897dfb363a011c","tag":"","is_contract":0,"balance":"1052323.877546432","percent":"0.010523238775464320","is_locked":0},{"address":"0x634323fd6b04e5e904e57c8f7e792cf6b10fcf38","tag":"","is_contract":0,"balance":"1032926.917291895","percent":"0.010329269172918950","is_locked":0},{"address":"0xf41afd9ffb150b01c64368769e7675b532fcfd0f","tag":"","is_contract":0,"balance":"1008908","percent":"0.010089080000000000","is_locked":0},{"address":"0x9896a6a9c80e7ad287ee36fadd9807f31843e11d","tag":"","is_contract":0,"balance":"1000091","percent":"0.010000910000000000","is_locked":0},{"address":"0x675e11a29dfb3c99a83d3700cb3f255e88ec48a0","tag":"","is_contract":0,"balance":"1000028","percent":"0.010000280000000000","is_locked":0},{"address":"0x54d58dab6e01f2f4a7769e53b60ca1866d85d00a","tag":"","is_contract":0,"balance":"1000000","percent":"0.010000000000000000","is_locked":0}],"honeypot_with_same_creator":"0","is_anti_whale":"1","is_blacklisted":"1","is_honeypot":"0","is_in_dex":"1","is_mintable":"0","is_open_source":"1","is_proxy":"0","is_whitelisted":"1","lp_holder_count":"3","lp_holders":[{"address":"0x663a5c229c09b049e36dcc11a9b0d4a8eb9db214","tag":"UniCrypt","value":null,"is_contract":1,"balance":"0.563998334768448642","percent":"0.899457592500091781","NFT_list":null,"is_locked":1,"locked_detail":[{"amount":"0.39203999999999902","end_time":"2027-01-01T06:30:00+00:00","opt_time":"2023-11-15T23:06:11+00:00"},{"amount":"0.171958334768449622","end_time":"2027-01-01T06:30:00+00:00","opt_time":"2023-12-02T20:39:47+00:00"}]},{"address":"0x5f30c393c07dd4b62564a43362bb32e87b5057ea","tag":"","value":null,"is_contract":0,"balance":"0.06304438461177627","percent":"0.100542407499906623","NFT_list":null,"is_locked":0},{"address":"0x0000000000000000000000000000000000000000","tag":"Null Address","value":null,"is_contract":0,"balance":"0.000000000000001","percent":"0.000000000000001594","NFT_list":null,"is_locked":1}],"lp_total_supply":"0.627042719380225912","owner_address":"0x5f30c393c07dd4b62564a43362bb32e87b5057ea","owner_balance":"1784157.396663813","owner_change_balance":"0","owner_percent":"0.017842","personal_slippage_modifiable":"0","selfdestruct":"0","sell_tax":"0.05","slippage_modifiable":"1","token_name":"Aegis Ai","token_symbol":"AEGIS","total_supply":"100000000","trading_cooldown":"0","transfer_pausable":"1"}}}}