{"text":"The comprehensive audit conducted on Aegis Ai, symbolised as AEGIS, has elicited a number of findings of interest to the crypto community. For traders looking to buy or sell, there's a 5% tax imposed – somewhat steep compared to average. Despite this, the token does not have any notable honeypot traits, a noteworthy accomplishment that offers some confidence in its integrity.\n\nAegis Ai has demonstrated a commendable commitment to controlling token scarcity, with evidence supporting that the token is not mintable. There are also effective Antiwhale measures in place, further stabilizing the token's value. However, investors should take note of the existing blacklisting function. Although common in the crypto industry, it does add a layer of complexity which some might find unappealing.\n\nAnother bonus for Aegis Ai is its listed status in a dex, a standard marker of acceptability within the crypto sphere. In addition to this point, AEGIS has cultivated a robust community with over 2998 holders, a healthy indication of its good adoption rate. Plus, the existence of more than 3 LP holders further validates its positive standing.\n\nOn the technical front, no high severity issues have been detected in the audit, a promising sign pointing towards a secure and reliable codebase. However, the findings do include two medium severity issues, necessitating caution and suggesting room for security enhancements. While the absence of any low severity issues brings relief, the overall results underscore the critical need for vigilant attention to fortify the security of the codebase. In conclusion, the AEGIS token has many appealing aspects, but prudence must be exercised due to the identified issues, like any other digital asset investment.","table":{"token_name":"Aegis Ai","token_symbol":"AEGIS","is_honeypot":"0","blacklisted":"1","external_functions":23,"internal_functions":7,"private_functions":16,"view_functions":10,"pure_functions":0,"payable_functions":0,"total_functions":60,"number_of_medium_severity_issues":2,"number_of_high_severity_issues":0,"number_of_low_severity_issues":0,"is_antiwhale":"1","buy_tax":"0.05","holder_count":"2998","is_mintable":"0","is_in_dex":"1","is_open_source":"1","lp_holder_count":"3","total_supply":"100000000","sell_tax":"0.05"}}