[{"type":"contract","name":"Context","bases":"","specs":"","line":11,"functions":[{"type":"func","name":"_msgSender","spec":"[Int]","payable":"","modifiers":"","line":12}]},{"type":"contract","name":"IERC20","bases":"","specs":"[Int]","line":17,"functions":[{"type":"func","name":"totalSupply","spec":"[Ext]","payable":"","modifiers":"","line":18},{"type":"func","name":"balanceOf","spec":"[Ext]","payable":"","modifiers":"","line":20},{"type":"func","name":"transfer","spec":"[Ext]","payable":"","modifiers":"","line":22},{"type":"func","name":"allowance","spec":"[Ext]","payable":"","modifiers":"","line":24},{"type":"func","name":"approve","spec":"[Ext]","payable":"","modifiers":"","line":26},{"type":"func","name":"transferFrom","spec":"[Ext]","payable":"","modifiers":"","line":28}]},{"type":"contract","name":"Ownable","bases":"(Context)","specs":"","line":42,"functions":[{"type":"func","name":"<Constructor>","spec":"[Pub]","payable":"","modifiers":"","line":50},{"type":"func","name":"owner","spec":"[Pub]","payable":"","modifiers":"","line":56},{"type":"func","name":"renounceOwnership","spec":"[Pub]","payable":"","modifiers":"onlyOwner","line":65},{"type":"func","name":"transferOwnership","spec":"[Pub]","payable":"","modifiers":"onlyOwner","line":70}]},{"type":"contract","name":"SafeMath","bases":"","specs":"[Lib]","line":78,"functions":[{"type":"func","name":"add","spec":"[Int]","payable":"","modifiers":"","line":79},{"type":"func","name":"sub","spec":"[Int]","payable":"","modifiers":"","line":85},{"type":"func","name":"sub","spec":"[Int]","payable":"","modifiers":"","line":89},{"type":"func","name":"mul","spec":"[Int]","payable":"","modifiers":"","line":99},{"type":"func","name":"div","spec":"[Int]","payable":"","modifiers":"","line":108},{"type":"func","name":"div","spec":"[Int]","payable":"","modifiers":"","line":112}]},{"type":"contract","name":"IUniswapV2Factory","bases":"","specs":"[Int]","line":123,"functions":[{"type":"func","name":"createPair","spec":"[Ext]","payable":"","modifiers":"","line":124}]},{"type":"contract","name":"IUniswapV2Router02","bases":"","specs":"[Int]","line":129,"functions":[{"type":"func","name":"swapExactTokensForETHSupportingFeeOnTransferTokens","spec":"[Ext]","payable":"","modifiers":"","line":130},{"type":"func","name":"factory","spec":"[Ext]","payable":"","modifiers":"","line":138},{"type":"func","name":"WETH","spec":"[Ext]","payable":"","modifiers":"","line":140},{"type":"func","name":"addLiquidityETH","spec":"[Ext]","payable":" ($)","modifiers":"","line":142}]},{"type":"contract","name":"Aegis","bases":"(Context, IERC20, Ownable)","specs":"","line":159,"functions":[{"type":"func","name":"<Constructor>","spec":"[Pub]","payable":"","modifiers":"","line":214},{"type":"func","name":"name","spec":"[Pub]","payable":"","modifiers":"","line":231},{"type":"func","name":"symbol","spec":"[Pub]","payable":"","modifiers":"","line":235},{"type":"func","name":"decimals","spec":"[Pub]","payable":"","modifiers":"","line":239},{"type":"func","name":"totalSupply","spec":"[Pub]","payable":"","modifiers":"","line":243},{"type":"func","name":"balanceOf","spec":"[Pub]","payable":"","modifiers":"","line":247},{"type":"func","name":"transfer","spec":"[Pub]","payable":"","modifiers":"","line":251},{"type":"func","name":"allowance","spec":"[Pub]","payable":"","modifiers":"","line":260},{"type":"func","name":"approve","spec":"[Pub]","payable":"","modifiers":"","line":269},{"type":"func","name":"transferFrom","spec":"[Pub]","payable":"","modifiers":"","line":278},{"type":"func","name":"tokenFromReflection","spec":"[Prv]","payable":"","modifiers":"","line":295},{"type":"func","name":"removeAllFee","spec":"[Prv]","payable":"","modifiers":"","line":308},{"type":"func","name":"restoreAllFee","spec":"[Prv]","payable":"","modifiers":"","line":318},{"type":"func","name":"_approve","spec":"[Prv]","payable":"","modifiers":"","line":323},{"type":"func","name":"_transfer","spec":"[Prv]","payable":"","modifiers":"","line":335},{"type":"func","name":"swapTokensForEth","spec":"[Prv]","payable":"","modifiers":"lockTheSwap","line":399},{"type":"func","name":"sendETHToFee","spec":"[Prv]","payable":"","modifiers":"","line":413},{"type":"func","name":"setTrading","spec":"[Pub]","payable":"","modifiers":"onlyOwner","line":417},{"type":"func","name":"manualswap","spec":"[Ext]","payable":"","modifiers":"","line":421},{"type":"func","name":"manualsend","spec":"[Ext]","payable":"","modifiers":"","line":427},{"type":"func","name":"blockBots","spec":"[Pub]","payable":"","modifiers":"onlyOwner","line":433},{"type":"func","name":"unblockBot","spec":"[Pub]","payable":"","modifiers":"onlyOwner","line":439},{"type":"func","name":"_tokenTransfer","spec":"[Prv]","payable":"","modifiers":"","line":443},{"type":"func","name":"_transferStandard","spec":"[Prv]","payable":"","modifiers":"","line":454},{"type":"func","name":"_takeTeam","spec":"[Prv]","payable":"","modifiers":"","line":474},{"type":"func","name":"_reflectFee","spec":"[Prv]","payable":"","modifiers":"","line":480},{"type":"func","name":"<Receive Ether>","spec":"[Ext]","payable":" ($)","modifiers":"","line":485},{"type":"func","name":"_getValues","spec":"[Prv]","payable":"","modifiers":"","line":487},{"type":"func","name":"_getTValues","spec":"[Prv]","payable":"","modifiers":"","line":507},{"type":"func","name":"_getRValues","spec":"[Prv]","payable":"","modifiers":"","line":526},{"type":"func","name":"_getRate","spec":"[Prv]","payable":"","modifiers":"","line":547},{"type":"func","name":"_getCurrentSupply","spec":"[Prv]","payable":"","modifiers":"","line":552},{"type":"func","name":"setFee","spec":"[Pub]","payable":"","modifiers":"onlyOwner","line":559},{"type":"func","name":"setMinSwapTokensThreshold","spec":"[Pub]","payable":"","modifiers":"onlyOwner","line":573},{"type":"func","name":"toggleSwap","spec":"[Pub]","payable":"","modifiers":"onlyOwner","line":578},{"type":"func","name":"setMaxTxnAmount","spec":"[Pub]","payable":"","modifiers":"onlyOwner","line":583},{"type":"func","name":"setMaxWalletSize","spec":"[Pub]","payable":"","modifiers":"onlyOwner","line":590},{"type":"func","name":"excludeMultipleAccountsFromFees","spec":"[Pub]","payable":"","modifiers":"onlyOwner","line":596}]}]