[
  {
    "title": "Reentrancy",
    "severity": "INFO",
    "mitigation": "The function _transfer includes a call to an external contract through uniswapV2Router.swapExactTokensForETHSupportingFeeOnTransferTokens within a conditional statement. If the external call is to a malicious contract, it could potentially result in reentrancy attacks. Although there's a flag inSwapAndLiquify to prevent reentrancy, it's set after tokensToSwap is determined and before the external call. A reentrancy attack could be performed within the same transaction before the flag is checked again, leading to unintended behavior or exploitation."
  },
  {
    "title": "Phishing",
    "severity": "INFO",
    "mitigation": "The '_transfer' function allows for a reentrancy attack because it interacts with an external contract (uniswapV2Router.swapExactTokensForETHSupportingFeeOnTransferTokens) before updating the 'inSwapAndLiquify' variable. An attacker can take advantage of the reentrancy in the swap function call to re-enter the '_transfer' function and potentially drain funds if the 'inSwapAndLiquify' guard is not properly set."
  },
  {
    "title": "Arithmetic underflow",
    "severity": "INFO",
    "mitigation": "The function transferFrom does not check if the _allowances[sender][_msgSender()] is greater than or equal to the amount before performing the subtraction. This can lead to an arithmetic underflow if _allowances[sender][_msgSender()] is less than amount, which will result in a very high allowance being set when it should have thrown an error."
  },
  {
    "title": "Arithmetic underflow",
    "severity": "INFO",
    "mitigation": "In the 'transferFrom' function, the '_approve' call reduces the allowance using subtraction without checking for underflow. If '_msgSender()' has an allowance less than 'amount', the subtraction will underflow leading to an extremely high allowance, enabling the attacker to transfer tokens on behalf of the 'sender'."
  }
]
