{"reportContents":"# Function Description Report\n\n## Files Description Table\n\n\n|  File Name  |  SHA-1 Hash  |\n|-------------|--------------|\n\n\n## Contracts Description Table\n\n\n|  Contract  |         Type        |       Bases      |                  |                 |\n|:----------:|:-------------------:|:----------------:|:----------------:|:---------------:|\n|     └      |  **Function Name**  |  **Visibility**  |  **Mutability**  |  **Modifiers**  |\n||||||\n| **Context** | Implementation |  |||\n| └ | _msgSender | Internal 🔒 |   | |\n||||||\n| **IERC20** | Interface |  |||\n| └ | totalSupply | External ❗️ |   |NO❗️ |\n| └ | balanceOf | External ❗️ |   |NO❗️ |\n| └ | transfer | External ❗️ | 🛑  |NO❗️ |\n| └ | allowance | External ❗️ |   |NO❗️ |\n| └ | approve | External ❗️ | 🛑  |NO❗️ |\n| └ | transferFrom | External ❗️ | 🛑  |NO❗️ |\n||||||\n| **Ownable** | Implementation | Context |||\n| └ | <Constructor> | Public ❗️ | 🛑  |NO❗️ |\n| └ | owner | Public ❗️ |   |NO❗️ |\n| └ | transferOwnership | Public ❗️ | 🛑  | onlyOwner |\n| └ | _transferOwnership | Internal 🔒 | 🛑  | |\n| └ | renounceOwnership | Public ❗️ | 🛑  | onlyOwner |\n||||||\n| **IUniswapV2Factory** | Interface |  |||\n| └ | createPair | External ❗️ | 🛑  |NO❗️ |\n||||||\n| **IUniswapV2Router02** | Interface |  |||\n| └ | swapExactTokensForETHSupportingFeeOnTransferTokens | External ❗️ | 🛑  |NO❗️ |\n| └ | factory | External ❗️ |   |NO❗️ |\n| └ | WETH | External ❗️ |   |NO❗️ |\n||||||\n| **ChartAI** | Implementation | Context, IERC20, Ownable |||\n| └ | <Constructor> | Public ❗️ | 🛑  |NO❗️ |\n| └ | name | Public ❗️ |   |NO❗️ |\n| └ | symbol | Public ❗️ |   |NO❗️ |\n| └ | decimals | Public ❗️ |   |NO❗️ |\n| └ | totalSupply | Public ❗️ |   |NO❗️ |\n| └ | balanceOf | Public ❗️ |   |NO❗️ |\n| └ | transfer | Public ❗️ | 🛑  |NO❗️ |\n| └ | allowance | Public ❗️ |   |NO❗️ |\n| └ | approve | Public ❗️ | 🛑  |NO❗️ |\n| └ | transferFrom | Public ❗️ | 🛑  |NO❗️ |\n| └ | _approve | Private 🔐 | 🛑  | |\n| └ | openTrading | External ❗️ | 🛑  | onlyOwner |\n| └ | addExcludedWallet | External ❗️ | 🛑  | onlyOwner |\n| └ | removeLimits | External ❗️ | 🛑  | onlyOwner |\n| └ | changeTax | External ❗️ | 🛑  | onlyOwner |\n| └ | _transfer | Private 🔐 | 🛑  | |\n| └ | <Receive Ether> | External ❗️ |  💵 |NO❗️ |\n\n\n## Legend\n\n|  Symbol  |  Meaning  |\n|:--------:|-----------|\n|    🛑    | Function can modify state |\n|    💵    | Function is payable |\n","tableRows":[{"type":"contract","name":"Context","spec":"Implementation","mutating":null,"payable":null},{"type":"func","name":"_msgSender","spec":"Internal 🔒","mutating":"","payable":""},{"type":"contract","name":"IERC20","spec":"Interface","mutating":null,"payable":null},{"type":"func","name":"totalSupply","spec":"External ❗️","mutating":"","payable":""},{"type":"func","name":"balanceOf","spec":"External ❗️","mutating":"","payable":""},{"type":"func","name":"transfer","spec":"External ❗️","mutating":"🛑","payable":""},{"type":"func","name":"allowance","spec":"External ❗️","mutating":"","payable":""},{"type":"func","name":"approve","spec":"External ❗️","mutating":"🛑","payable":""},{"type":"func","name":"transferFrom","spec":"External ❗️","mutating":"🛑","payable":""},{"type":"contract","name":"Ownable","spec":"Implementation","mutating":null,"payable":null},{"type":"func","name":"<Constructor>","spec":"Public ❗️","mutating":"🛑","payable":""},{"type":"func","name":"owner","spec":"Public ❗️","mutating":"","payable":""},{"type":"func","name":"transferOwnership","spec":"Public ❗️","mutating":"🛑","payable":""},{"type":"func","name":"_transferOwnership","spec":"Internal 🔒","mutating":"🛑","payable":""},{"type":"func","name":"renounceOwnership","spec":"Public ❗️","mutating":"🛑","payable":""},{"type":"contract","name":"IUniswapV2Factory","spec":"Interface","mutating":null,"payable":null},{"type":"func","name":"createPair","spec":"External ❗️","mutating":"🛑","payable":""},{"type":"contract","name":"IUniswapV2Router02","spec":"Interface","mutating":null,"payable":null},{"type":"func","name":"swapExactTokensForETHSupportingFeeOnTransferTokens","spec":"External ❗️","mutating":"🛑","payable":""},{"type":"func","name":"factory","spec":"External ❗️","mutating":"","payable":""},{"type":"func","name":"WETH","spec":"External ❗️","mutating":"","payable":""},{"type":"contract","name":"ChartAI","spec":"Implementation","mutating":null,"payable":null},{"type":"func","name":"<Constructor>","spec":"Public ❗️","mutating":"🛑","payable":""},{"type":"func","name":"name","spec":"Public ❗️","mutating":"","payable":""},{"type":"func","name":"symbol","spec":"Public ❗️","mutating":"","payable":""},{"type":"func","name":"decimals","spec":"Public ❗️","mutating":"","payable":""},{"type":"func","name":"totalSupply","spec":"Public ❗️","mutating":"","payable":""},{"type":"func","name":"balanceOf","spec":"Public ❗️","mutating":"","payable":""},{"type":"func","name":"transfer","spec":"Public ❗️","mutating":"🛑","payable":""},{"type":"func","name":"allowance","spec":"Public ❗️","mutating":"","payable":""},{"type":"func","name":"approve","spec":"Public ❗️","mutating":"🛑","payable":""},{"type":"func","name":"transferFrom","spec":"Public ❗️","mutating":"🛑","payable":""},{"type":"func","name":"_approve","spec":"Private 🔐","mutating":"🛑","payable":""},{"type":"func","name":"openTrading","spec":"External ❗️","mutating":"🛑","payable":""},{"type":"func","name":"addExcludedWallet","spec":"External ❗️","mutating":"🛑","payable":""},{"type":"func","name":"removeLimits","spec":"External ❗️","mutating":"🛑","payable":""},{"type":"func","name":"changeTax","spec":"External ❗️","mutating":"🛑","payable":""},{"type":"func","name":"_transfer","spec":"Private 🔐","mutating":"🛑","payable":""},{"type":"func","name":"<Receive Ether>","spec":"External ❗️","mutating":"","payable":"💵"}]}