{"data":{"tokens":[{"address":"0xee3200f94a1a2345e6cc486032a5df1d50cb621c","decimals":18,"id":"0xee3200f94a1a2345e6cc486032a5df1d50cb621c:1","name":"ChartAI","networkId":1,"symbol":"CX","imageLargeUrl":"https://token-media.defined.fi/1_0xee3200f94a1a2345e6cc486032a5df1d50cb621c_large.png","imageSmallUrl":"https://token-media.defined.fi/1_0xee3200f94a1a2345e6cc486032a5df1d50cb621c_small.png","imageThumbUrl":"https://token-media.defined.fi/1_0xee3200f94a1a2345e6cc486032a5df1d50cb621c_thumb.png","explorerData":{"id":"0xee3200f94a1a2345e6cc486032a5df1d50cb621c:1","blueCheckmark":true,"description":"Introducing ChartAI: Where trends can shift in the blink of an eye, having access to accurate and real-time data is crucial for making informed decisions. Enter ChartAI, the cryptocurrency tool that harnesses the power of AI to bring you instant and personalized charting within your Telegram chat.","divisor":"18","tokenPriceUSD":"0.014388620000000000","tokenType":"ERC20","__typename":"ExplorerTokenData"},"info":{"address":"0xee3200f94a1a2345e6cc486032a5df1d50cb621c","circulatingSupply":"1000000000","id":"0xee3200f94a1a2345e6cc486032a5df1d50cb621c:1","imageLargeUrl":"https://token-media.defined.fi/1_0xee3200f94a1a2345e6cc486032a5df1d50cb621c_large.png","imageSmallUrl":"https://token-media.defined.fi/1_0xee3200f94a1a2345e6cc486032a5df1d50cb621c_small.png","imageThumbUrl":"https://token-media.defined.fi/1_0xee3200f94a1a2345e6cc486032a5df1d50cb621c_thumb.png","isScam":null,"name":"ChartAI","networkId":1,"symbol":"CX","totalSupply":"1000000000","__typename":"TokenInfo"},"socialLinks":{"bitcointalk":"","blog":"https://medium.com/@ChartAI","coingecko":null,"coinmarketcap":null,"discord":"","email":"team@chartai.tech","facebook":"","github":"","instagram":null,"linkedin":"","reddit":"","slack":"","telegram":"https://t.me/chartai_portal","twitch":null,"twitter":"https://x.com/chartai_erc","website":"https://chartai.tech/","wechat":"","whitepaper":"","youtube":null,"__typename":"SocialLinks"},"__typename":"EnhancedToken"}]}}