{"time":1702642176118,"data":{"code":1,"message":"OK","result":{"0xee3200f94a1a2345e6cc486032a5df1d50cb621c":{"anti_whale_modifiable":"0","buy_tax":"0.05","can_take_back_ownership":"0","cannot_buy":"0","cannot_sell_all":"0","creator_address":"0xccca95ebaf66002e0c2f4bc3b7d3f2c997609255","creator_balance":"22245462","creator_percent":"0.022245","dex":[{"liquidity_type":"UniV2","name":"UniswapV2","liquidity":"334462.07063539","pair":"0x1b68a290d3d67cd8fb38c1412fbd56b6a33e5fe5"},{"liquidity_type":"UniV3","name":"UniswapV3","liquidity":"19389.05618472","pair":"0x592f9d83d803be811eb7110c72b372f26cde58dd"}],"external_call":"0","hidden_owner":"0","holder_count":"1702","holders":[{"address":"0x1b68a290d3d67cd8fb38c1412fbd56b6a33e5fe5","tag":"UniswapV2","is_contract":1,"balance":"24569034.428874469999531648","percent":"0.024569034428874469","is_locked":0},{"address":"0xccca95ebaf66002e0c2f4bc3b7d3f2c997609255","tag":"","is_contract":0,"balance":"22245462","percent":"0.022245462000000000","is_locked":0},{"address":"0x889957731a6f4aaee877e3e744db2c4d24af425f","tag":"","is_contract":0,"balance":"18992220.46661901740951171","percent":"0.018992220466619017","is_locked":0},{"address":"0xd149f6f8ac4fe8c01c3a5f60de057c70852830e0","tag":"","is_contract":0,"balance":"15622365.702781132230597297","percent":"0.015622365702781132","is_locked":0},{"address":"0x8b13b38633138f8c20558e362e22943479d15836","tag":"","is_contract":0,"balance":"15197840.774419923402294446","percent":"0.015197840774419923","is_locked":0},{"address":"0x096cbc1e117c5e2f347c1672a0313d05e3dc07f6","tag":"","is_contract":0,"balance":"13830252.403111663655391043","percent":"0.013830252403111663","is_locked":0},{"address":"0x29ad4c1f3fcfcebbcf2a69c412e187edfbdbac1d","tag":"","is_contract":0,"balance":"13356186.363032013196839097","percent":"0.013356186363032013","is_locked":0},{"address":"0x15b81d6e3408a7554411aa87142d802f02fec4f6","tag":"","is_contract":0,"balance":"12907526.05898208126754581","percent":"0.012907526058982081","is_locked":0},{"address":"0xf5091dc7e0759ab7eacf20461704ca79ed694979","tag":"","is_contract":0,"balance":"12600000","percent":"0.012600000000000000","is_locked":0},{"address":"0xc913065b539208507ecea3da3898f97fe10bcb28","tag":"","is_contract":0,"balance":"11614527.589714862664760052","percent":"0.011614527589714862","is_locked":0}],"honeypot_with_same_creator":"0","is_anti_whale":"1","is_blacklisted":"0","is_honeypot":"0","is_in_dex":"1","is_mintable":"0","is_open_source":"1","is_proxy":"0","is_whitelisted":"1","lp_holder_count":"2","lp_holders":[{"address":"0x3de1f0f0a5c380b54418508ca680b8183d6f5445","tag":"","value":null,"is_contract":1,"balance":"53413.876421775924125044","percent":"0.999999999999999999","NFT_list":null,"is_locked":0},{"address":"0x0000000000000000000000000000000000000000","tag":"Null Address","value":null,"is_contract":0,"balance":"0.000000000000001","percent":"0.000000000000000000","NFT_list":null,"is_locked":1}],"lp_total_supply":"53413.876421775924126044","owner_address":"0x0000000000000000000000000000000000000000","owner_balance":"0","owner_change_balance":"0","owner_percent":"0.000000","personal_slippage_modifiable":"0","selfdestruct":"0","sell_tax":"0.05","slippage_modifiable":"1","token_name":"ChartAI","token_symbol":"CX","total_supply":"1000000000","trading_cooldown":"0","transfer_pausable":"0"}}}}