{"text":"The findings from the audit of the ChartAI token, symbolized as CX, highlights a range of noteworthy factors. A 5% sell tax and a similar percentage set for buy tax is identified, both of which are considered slightly above the standard rate. Despite this elevation, the audit reveals that the token isn't a honeypot, a finding characteristic of an average cryptocurrency. Moreover, crucial antiwhale measures have been put in place to regulate the wealth distribution among token holders, a feature that adds to the robustness of the token.\n\nChartAI's non-mintable aspect assures users of the token's scarcity. This immutable feature prevents the possibility of producing more tokens after the initial issuance, hence upholding the token's value. Favorably, CX isn't equipped to blacklist users, which promotes free and unrestricted trading. This aligns with the decentralized nature of cryptocurrencies and engenders trust within its community.\n\nIn terms of listing, ChartAI is registered in a decentralized exchange, an expected trait of cryptocurrencies. Impressively, the token demonstrates good adoption with over 1702 holders. Additionally, the presence of more than 2 Liquidity Provider (LP) holders is a positive indication of the token's liquidity.\n\nImportantly, the audit found no high-severity issues, which is excellent news. It suggests high levels of security measures in place for the ChartAI token. Nevertheless, two medium-severity issues were noticed, a factor that cautions investors. While there were no low-severity issues, the detected problems hint at the need for comprehensive attention to elevate the security and trustworthiness of the ChartAI's codebase. In conclusion, ChartAI holds promise, but like all digital investments, prospective investors should proceed with care, understanding the inherent risks associated with the medium-severity issues.","table":{"token_name":"ChartAI","token_symbol":"CX","is_honeypot":"0","blacklisted":"0","external_functions":14,"internal_functions":2,"private_functions":2,"view_functions":6,"pure_functions":0,"payable_functions":0,"total_functions":33,"number_of_medium_severity_issues":2,"number_of_high_severity_issues":0,"number_of_low_severity_issues":0,"is_antiwhale":"1","buy_tax":"0.05","holder_count":"1702","is_mintable":"0","is_in_dex":"1","is_open_source":"1","lp_holder_count":"2","total_supply":"1000000000","sell_tax":"0.05"}}