[{"type":"contract","name":"Context","bases":"","specs":"","line":16,"functions":[{"type":"func","name":"_msgSender","spec":"[Int]","payable":"","modifiers":"","line":17}]},{"type":"contract","name":"IERC20","bases":"","specs":"[Int]","line":22,"functions":[{"type":"func","name":"totalSupply","spec":"[Ext]","payable":"","modifiers":"","line":23},{"type":"func","name":"balanceOf","spec":"[Ext]","payable":"","modifiers":"","line":25},{"type":"func","name":"transfer","spec":"[Ext]","payable":"","modifiers":"","line":27},{"type":"func","name":"allowance","spec":"[Ext]","payable":"","modifiers":"","line":31},{"type":"func","name":"approve","spec":"[Ext]","payable":"","modifiers":"","line":36},{"type":"func","name":"transferFrom","spec":"[Ext]","payable":"","modifiers":"","line":38}]},{"type":"contract","name":"Ownable","bases":"(Context)","specs":"","line":52,"functions":[{"type":"func","name":"<Constructor>","spec":"[Pub]","payable":"","modifiers":"","line":60},{"type":"func","name":"owner","spec":"[Pub]","payable":"","modifiers":"","line":66},{"type":"func","name":"transferOwnership","spec":"[Pub]","payable":"","modifiers":"onlyOwner","line":75},{"type":"func","name":"_transferOwnership","spec":"[Int]","payable":"","modifiers":"","line":79},{"type":"func","name":"renounceOwnership","spec":"[Pub]","payable":"","modifiers":"onlyOwner","line":88}]},{"type":"contract","name":"IUniswapV2Factory","bases":"","specs":"[Int]","line":94,"functions":[{"type":"func","name":"createPair","spec":"[Ext]","payable":"","modifiers":"","line":95}]},{"type":"contract","name":"IUniswapV2Router02","bases":"","specs":"[Int]","line":100,"functions":[{"type":"func","name":"swapExactTokensForETHSupportingFeeOnTransferTokens","spec":"[Ext]","payable":"","modifiers":"","line":101},{"type":"func","name":"factory","spec":"[Ext]","payable":"","modifiers":"","line":109},{"type":"func","name":"WETH","spec":"[Ext]","payable":"","modifiers":"","line":111}]},{"type":"contract","name":"ChartAI","bases":"(Context, IERC20, Ownable)","specs":"","line":114,"functions":[{"type":"func","name":"<Constructor>","spec":"[Pub]","payable":"","modifiers":"","line":141},{"type":"func","name":"name","spec":"[Pub]","payable":"","modifiers":"","line":168},{"type":"func","name":"symbol","spec":"[Pub]","payable":"","modifiers":"","line":172},{"type":"func","name":"decimals","spec":"[Pub]","payable":"","modifiers":"","line":176},{"type":"func","name":"totalSupply","spec":"[Pub]","payable":"","modifiers":"","line":180},{"type":"func","name":"balanceOf","spec":"[Pub]","payable":"","modifiers":"","line":184},{"type":"func","name":"transfer","spec":"[Pub]","payable":"","modifiers":"","line":188},{"type":"func","name":"allowance","spec":"[Pub]","payable":"","modifiers":"","line":197},{"type":"func","name":"approve","spec":"[Pub]","payable":"","modifiers":"","line":206},{"type":"func","name":"transferFrom","spec":"[Pub]","payable":"","modifiers":"","line":215},{"type":"func","name":"_approve","spec":"[Prv]","payable":"","modifiers":"","line":229},{"type":"func","name":"openTrading","spec":"[Ext]","payable":"","modifiers":"onlyOwner","line":240},{"type":"func","name":"addExcludedWallet","spec":"[Ext]","payable":"","modifiers":"onlyOwner","line":245},{"type":"func","name":"removeLimits","spec":"[Ext]","payable":"","modifiers":"onlyOwner","line":249},{"type":"func","name":"changeTax","spec":"[Ext]","payable":"","modifiers":"onlyOwner","line":253},{"type":"func","name":"_transfer","spec":"[Prv]","payable":"","modifiers":"","line":258},{"type":"func","name":"<Receive Ether>","spec":"[Ext]","payable":" ($)","modifiers":"","line":332}]}]