[
  {
    "title": "The calling smart contract can perform a multipleExchange call incorrectly leading to loss funds of the user.",
    "severity": "MEDIUM",
    "mitigation": "The `_msgSender` function should just return the `msg.sender` and there should be no `virtual` and no `override` parameter."
  },
  {
    "title": "Missign View function on Interface can afftect the inherited Functions",
    "severity": "MEDIUM",
    "mitigation": "Add the `view` or `pure` modifier in the Interface.\nOr if the project will be used as view/pure, rewrite all as view/pure."
  }
]
