{"data":{"tokens":[{"address":"0x562e362876c8aee4744fc2c6aac8394c312d215d","decimals":9,"id":"0x562e362876c8aee4744fc2c6aac8394c312d215d:1","name":"Optimus","networkId":1,"symbol":"OPTIMUS","imageLargeUrl":"https://token-media.defined.fi/1_0x562e362876c8aee4744fc2c6aac8394c312d215d_large.png","imageSmallUrl":"https://token-media.defined.fi/1_0x562e362876c8aee4744fc2c6aac8394c312d215d_small.png","imageThumbUrl":"https://token-media.defined.fi/1_0x562e362876c8aee4744fc2c6aac8394c312d215d_thumb.png","explorerData":{"id":"0x562e362876c8aee4744fc2c6aac8394c312d215d:1","blueCheckmark":true,"description":"A cryptocurrency project made to support and honor Elon Musk's newest robot friend, Optimus.\r\nOptimus AI was made to pay homage to Tesla's Optimus bot through blockchain. We have no affiliation with Tesla, Inc.","divisor":"9","tokenPriceUSD":"0.356923000000000000","tokenType":"ERC20","__typename":"ExplorerTokenData"},"info":{"address":"0x562e362876c8aee4744fc2c6aac8394c312d215d","circulatingSupply":"100000000","id":"0x562e362876c8aee4744fc2c6aac8394c312d215d:1","imageLargeUrl":"https://token-media.defined.fi/1_0x562e362876c8aee4744fc2c6aac8394c312d215d_large.png","imageSmallUrl":"https://token-media.defined.fi/1_0x562e362876c8aee4744fc2c6aac8394c312d215d_small.png","imageThumbUrl":"https://token-media.defined.fi/1_0x562e362876c8aee4744fc2c6aac8394c312d215d_thumb.png","isScam":null,"name":"Optimus","networkId":1,"symbol":"OPTIMUS","totalSupply":"100000000","__typename":"TokenInfo"},"socialLinks":{"bitcointalk":"","blog":"https://medium.com/@optimusaitoken","coingecko":null,"coinmarketcap":null,"discord":"","email":"optimusaitoken@protonmail.com","facebook":"https://www.facebook.com/optimusaitoken","github":"","instagram":null,"linkedin":"","reddit":"","slack":"","telegram":"http://t.me/OptimusAI_ETH","twitch":null,"twitter":"https://twitter.com/OptimusAI_Token","website":"https://www.optimustoken.io/","wechat":"","whitepaper":"https://uploads-ssl.webflow.com/63cefa808d6cf9699675140d/6404da68e2cfd9e176f8f695_Optimus%20AI%20Whitepaper%20v1.0.1.pdf","youtube":null,"__typename":"SocialLinks"},"__typename":"EnhancedToken"}]}}