{"time":1702581963465,"data":{"code":1,"message":"OK","result":{"0x562e362876c8aee4744fc2c6aac8394c312d215d":{"anti_whale_modifiable":"1","buy_tax":"0","can_take_back_ownership":"0","cannot_buy":"0","cannot_sell_all":"0","creator_address":"0x8fdc8d35c32a0b122dd5d22feb3167c833b99d2f","creator_balance":"0","creator_percent":"0.000000","dex":[{"liquidity_type":"UniV2","name":"UniswapV2","liquidity":"698405.30060732","pair":"0x8de7a9540e0edb617d78ca5a7c6cc18295fd8bb9"},{"liquidity_type":"UniV3","name":"UniswapV3","liquidity":"1711.81048243","pair":"0x4e4abd1c111c08b3a05feed46556496e6a3fd893"}],"external_call":"0","hidden_owner":"0","holder_count":"12005","holders":[{"address":"0x75e89d5979e4f6fba9f97c104c2f0afb3f1dcb88","tag":"","is_contract":0,"balance":"12986248.997089899","percent":"0.129862489970898990","is_locked":0},{"address":"0x3cc936b795a188f0e246cbb2d74c5bd190aecf18","tag":"","is_contract":0,"balance":"1952934.784690312","percent":"0.019529347846903120","is_locked":0},{"address":"0x8de7a9540e0edb617d78ca5a7c6cc18295fd8bb9","tag":"UniswapV2","is_contract":1,"balance":"1638954.603758746","percent":"0.016389546037587460","is_locked":0},{"address":"0xcd4a3c38aabba2590315cd2f296de12c687d4eff","tag":"","is_contract":0,"balance":"1620000","percent":"0.016200000000000000","is_locked":0},{"address":"0x78ff9211317620de95602c9cbed3ae803689e545","tag":"","is_contract":0,"balance":"1539876.117497776","percent":"0.015398761174977760","is_locked":0},{"address":"0x02dd8d88754be283970841c66592d3ae3020fc7f","tag":"","is_contract":0,"balance":"1367730.898869837","percent":"0.013677308988698370","is_locked":0},{"address":"0x5bdf85216ec1e38d6458c870992a69e38e03f7ef","tag":"","is_contract":0,"balance":"1328327.02272647","percent":"0.013283270227264700","is_locked":0},{"address":"0x9e59c998fcdf7b89ee423d8b3ec94111e0f53eb3","tag":"","is_contract":0,"balance":"1169659.338245974","percent":"0.011696593382459740","is_locked":0},{"address":"0xf045ffad85ab9892470b73f773da9838707a4a12","tag":"","is_contract":0,"balance":"1000000","percent":"0.010000000000000000","is_locked":0},{"address":"0x711e3f76ac8d11ae09fdb2b98565616532e11947","tag":"","is_contract":0,"balance":"999999.999999999","percent":"0.009999999999999990","is_locked":0}],"honeypot_with_same_creator":"0","is_anti_whale":"1","is_blacklisted":"1","is_honeypot":"0","is_in_dex":"1","is_mintable":"0","is_open_source":"1","is_proxy":"0","is_whitelisted":"1","lp_holder_count":"5","lp_holders":[{"address":"0x000000000000000000000000000000000000dead","tag":"","value":null,"is_contract":0,"balance":"0.357978710776268533","percent":"0.743801045669538023","NFT_list":null,"is_locked":1},{"address":"0x8fdc8d35c32a0b122dd5d22feb3167c833b99d2f","tag":"","value":null,"is_contract":0,"balance":"0.097092587999257731","percent":"0.201737048340130105","NFT_list":null,"is_locked":0},{"address":"0x0bb0c2b7aa74513a3b0db3f395bd45ef354595bf","tag":"","value":null,"is_contract":0,"balance":"0.026129170830172348","percent":"0.054290671486625680","NFT_list":null,"is_locked":0},{"address":"0xfe8b1a28b9aa2f4b0dc3b2a512779ff273725d66","tag":"","value":null,"is_contract":0,"balance":"0.000082412235413348","percent":"0.000171234503704112","NFT_list":null,"is_locked":0},{"address":"0x0000000000000000000000000000000000000000","tag":"Null Address","value":null,"is_contract":0,"balance":"0.000000000000001","percent":"0.000000000000002077","NFT_list":null,"is_locked":1}],"lp_total_supply":"0.48128288184111296","owner_address":"0x8fdc8d35c32a0b122dd5d22feb3167c833b99d2f","owner_balance":"0","owner_change_balance":"0","owner_percent":"0.000000","personal_slippage_modifiable":"0","selfdestruct":"0","sell_tax":"0.06","slippage_modifiable":"1","token_name":"Optimus","token_symbol":"OPTIMUS","total_supply":"100000000","trading_cooldown":"0","transfer_pausable":"1"}}}}