{"text":"The recent audit of the Optimus token (OPTIMUS) reveals a generally positive health status for this crypto offering. Auditors commended the 0.06% sell tax rate, confirming that this falls within the standard range for digital currencies. In addition, the absence of a buy tax bolsters investor attraction towards this token, a desirable factor in cryptocurrency trading.\n\nReassuringly, this token demonstrated no evidence of being a honeypot. A honeypot in cryptocurrency is typically an enticing but fraudulent investment opportunity, so this verification is enormously beneficial for investor trust. Additionally, anti-whale measures have been confirmed as being in place, thus preventing the market manipulation that can arise from single parties accumulating excessive quantities of the token.\n\nThe token has been verified as non-mintable, thus safeguarding the scarcity of the token which can maintain or increase its value over time. A blacklisting function is also present, which while not the most favored feature, is nevertheless considered standard in many digital currencies as a protection mechanism. The token is listed in a decentralized exchange (dex), further affirming its legitimacy and acceptance in the crypto world.\n\nWorth highlighting is the fact that the Optimus token has garnered a robust adoption with over 1000 holders, and also boasts more than 5 liquidity pool (LP) holders. The latter is especially significant, as it adds to the overall liquidity of the token and aids in price stability. During the audit, two medium-severity issues were identified in the token's contract. No high or low severity issues were detected, which indicates that the level of potential risk to token holders is manageable.\n\nIn conclusion, the audit on the Optimus token displays a promising result. The token exhibits standards and features that are normal, or better than normal, in the crypto landscape. Therefore, despite the pair of medium-severity issues found, OPTIMUS presents an appealing option for crypto investors.","table":{"token_name":"Optimus","token_symbol":"OPTIMUS","is_honeypot":"0","blacklisted":"1","external_functions":25,"internal_functions":7,"private_functions":16,"view_functions":11,"pure_functions":0,"payable_functions":0,"total_functions":62,"number_of_medium_severity_issues":2,"number_of_high_severity_issues":0,"number_of_low_severity_issues":0,"is_antiwhale":"1","buy_tax":"0","holder_count":"12005","is_mintable":"0","is_in_dex":"1","is_open_source":"1","lp_holder_count":"5","total_supply":"100000000","sell_tax":"0.06"}}