[{"type":"contract","name":"Context","bases":"","specs":"","line":9,"functions":[{"type":"func","name":"_msgSender","spec":"[Int]","payable":"","modifiers":"","line":10}]},{"type":"contract","name":"IERC20","bases":"","specs":"[Int]","line":15,"functions":[{"type":"func","name":"totalSupply","spec":"[Ext]","payable":"","modifiers":"","line":16},{"type":"func","name":"balanceOf","spec":"[Ext]","payable":"","modifiers":"","line":18},{"type":"func","name":"transfer","spec":"[Ext]","payable":"","modifiers":"","line":20},{"type":"func","name":"allowance","spec":"[Ext]","payable":"","modifiers":"","line":22},{"type":"func","name":"approve","spec":"[Ext]","payable":"","modifiers":"","line":24},{"type":"func","name":"transferFrom","spec":"[Ext]","payable":"","modifiers":"","line":26}]},{"type":"contract","name":"Ownable","bases":"(Context)","specs":"","line":40,"functions":[{"type":"func","name":"<Constructor>","spec":"[Pub]","payable":"","modifiers":"","line":48},{"type":"func","name":"owner","spec":"[Pub]","payable":"","modifiers":"","line":54},{"type":"func","name":"renounceOwnership","spec":"[Pub]","payable":"","modifiers":"onlyOwner","line":63},{"type":"func","name":"transferOwnership","spec":"[Pub]","payable":"","modifiers":"onlyOwner","line":68}]},{"type":"contract","name":"SafeMath","bases":"","specs":"[Lib]","line":76,"functions":[{"type":"func","name":"add","spec":"[Int]","payable":"","modifiers":"","line":77},{"type":"func","name":"sub","spec":"[Int]","payable":"","modifiers":"","line":83},{"type":"func","name":"sub","spec":"[Int]","payable":"","modifiers":"","line":87},{"type":"func","name":"mul","spec":"[Int]","payable":"","modifiers":"","line":97},{"type":"func","name":"div","spec":"[Int]","payable":"","modifiers":"","line":106},{"type":"func","name":"div","spec":"[Int]","payable":"","modifiers":"","line":110}]},{"type":"contract","name":"IUniswapV2Factory","bases":"","specs":"[Int]","line":121,"functions":[{"type":"func","name":"createPair","spec":"[Ext]","payable":"","modifiers":"","line":122}]},{"type":"contract","name":"IUniswapV2Router02","bases":"","specs":"[Int]","line":127,"functions":[{"type":"func","name":"swapExactTokensForETHSupportingFeeOnTransferTokens","spec":"[Ext]","payable":"","modifiers":"","line":128},{"type":"func","name":"factory","spec":"[Ext]","payable":"","modifiers":"","line":136},{"type":"func","name":"WETH","spec":"[Ext]","payable":"","modifiers":"","line":138},{"type":"func","name":"addLiquidityETH","spec":"[Ext]","payable":" ($)","modifiers":"","line":140}]},{"type":"contract","name":"OPTIMUS","bases":"(Context, IERC20, Ownable)","specs":"","line":157,"functions":[{"type":"func","name":"<Constructor>","spec":"[Pub]","payable":"","modifiers":"","line":208},{"type":"func","name":"name","spec":"[Pub]","payable":"","modifiers":"","line":225},{"type":"func","name":"symbol","spec":"[Pub]","payable":"","modifiers":"","line":229},{"type":"func","name":"decimals","spec":"[Pub]","payable":"","modifiers":"","line":233},{"type":"func","name":"totalSupply","spec":"[Pub]","payable":"","modifiers":"","line":237},{"type":"func","name":"balanceOf","spec":"[Pub]","payable":"","modifiers":"","line":241},{"type":"func","name":"transfer","spec":"[Pub]","payable":"","modifiers":"","line":245},{"type":"func","name":"allowance","spec":"[Pub]","payable":"","modifiers":"","line":254},{"type":"func","name":"approve","spec":"[Pub]","payable":"","modifiers":"","line":263},{"type":"func","name":"transferFrom","spec":"[Pub]","payable":"","modifiers":"","line":272},{"type":"func","name":"tokenFromReflection","spec":"[Prv]","payable":"","modifiers":"","line":289},{"type":"func","name":"removeAllFee","spec":"[Prv]","payable":"","modifiers":"","line":302},{"type":"func","name":"restoreAllFee","spec":"[Prv]","payable":"","modifiers":"","line":312},{"type":"func","name":"_approve","spec":"[Prv]","payable":"","modifiers":"","line":317},{"type":"func","name":"_transfer","spec":"[Prv]","payable":"","modifiers":"","line":328},{"type":"func","name":"swapTokensForEth","spec":"[Prv]","payable":"","modifiers":"lockTheSwap","line":392},{"type":"func","name":"sendETHToFee","spec":"[Prv]","payable":"","modifiers":"","line":406},{"type":"func","name":"setTrading","spec":"[Pub]","payable":"","modifiers":"onlyOwner","line":410},{"type":"func","name":"manualswap","spec":"[Ext]","payable":"","modifiers":"","line":414},{"type":"func","name":"manualsend","spec":"[Ext]","payable":"","modifiers":"","line":420},{"type":"func","name":"blockBots","spec":"[Pub]","payable":"","modifiers":"onlyOwner","line":426},{"type":"func","name":"unblockBot","spec":"[Pub]","payable":"","modifiers":"onlyOwner","line":432},{"type":"func","name":"_tokenTransfer","spec":"[Prv]","payable":"","modifiers":"","line":436},{"type":"func","name":"_transferStandard","spec":"[Prv]","payable":"","modifiers":"","line":447},{"type":"func","name":"_takeTeam","spec":"[Prv]","payable":"","modifiers":"","line":467},{"type":"func","name":"_reflectFee","spec":"[Prv]","payable":"","modifiers":"","line":473},{"type":"func","name":"<Receive Ether>","spec":"[Ext]","payable":" ($)","modifiers":"","line":478},{"type":"func","name":"_getValues","spec":"[Prv]","payable":"","modifiers":"","line":480},{"type":"func","name":"_getTValues","spec":"[Prv]","payable":"","modifiers":"","line":500},{"type":"func","name":"_getRValues","spec":"[Prv]","payable":"","modifiers":"","line":519},{"type":"func","name":"_getRate","spec":"[Prv]","payable":"","modifiers":"","line":540},{"type":"func","name":"_getCurrentSupply","spec":"[Prv]","payable":"","modifiers":"","line":545},{"type":"func","name":"setFee","spec":"[Pub]","payable":"","modifiers":"onlyOwner","line":552},{"type":"func","name":"setMinSwapTokensThreshold","spec":"[Pub]","payable":"","modifiers":"onlyOwner","line":560},{"type":"func","name":"toggleSwap","spec":"[Pub]","payable":"","modifiers":"onlyOwner","line":565},{"type":"func","name":"setMaxTxnAmount","spec":"[Pub]","payable":"","modifiers":"onlyOwner","line":570},{"type":"func","name":"setMaxWalletSize","spec":"[Pub]","payable":"","modifiers":"onlyOwner","line":574},{"type":"func","name":"excludeMultipleAccountsFromFees","spec":"[Pub]","payable":"","modifiers":"onlyOwner","line":578},{"type":"func","name":"allowPreTrading","spec":"[Pub]","payable":"","modifiers":"onlyOwner","line":584},{"type":"func","name":"removePreTrading","spec":"[Pub]","payable":"","modifiers":"onlyOwner","line":590}]}]