{"nodes":[{"id":"IERC20"},{"id":"IERC20Metadata"},{"id":"IUniswapV2Router02"},{"id":"IUniswapV2Pair"},{"id":"IUniswapV2Factory"},{"id":"ReentrancyGuard"},{"id":"Context"},{"id":"ERC20"},{"id":"Ownable"},{"id":"SafeMath"},{"id":"Checkmate"}],"links":[{"source":"IERC20","target":"IERC20Metadata"},{"source":"IERC20Metadata","target":"ERC20"},{"source":"IERC20","target":"ERC20"},{"source":"Context","target":"ERC20"},{"source":"Context","target":"Ownable"},{"source":"Ownable","target":"Checkmate"},{"source":"ERC20","target":"Checkmate"},{"source":"IERC20Metadata","target":"Checkmate"},{"source":"IERC20","target":"Checkmate"},{"source":"Context","target":"Checkmate"}]}