[
    {
        "title": "Improper access control",
        "severity": "LOW",
        "mitigation": "The _transfer function is supposed to enforce trading limits when 'limitsInEffect' is true. However, these checks can be bypassed by including the contract's address in the '_isExcludedFromFees' mapping. If an attacker can find a way to get their address included in this mapping, they could bypass the maxTransaction and transferDelayEnabled restrictions."
    },
    {
        "title": "`Potential reentrancy",
        "severity": "LOW",
        "mitigation": "In the _transfer function, there is a call to external contracts via the UniswapV2Router's swapExactTokensForETHSupportingFeeOnTransferTokens function within the swapBack function, which is called if certain conditions are met. This external call can potentially be used for reentrancy attacks if the callee contract has a fallback or receive function that calls back into this contract."
    }
    ,
    {
        "title": "Reentrancy",
        "severity": "LOW",
        "mitigation": "This function swaps tokens for ETH and sends the resulting ETH to different wallets. If the external call to the operations wallet or the marketing wallet is a contract that has a fallback or receive function, it could potentially re-enter the swapBack function or other functions of the contract, leading to unexpected behavior or draining contract funds if proper checks like the 'ReentrancyGuard' are not in place."
    }
    ,
    {
        "title": "Reentrancy",
        "severity": "LOW",
        "mitigation": "This function swaps tokens for ETH and sends the resulting ETH to different wallets. If the external call to the operations wallet or the marketing wallet is a contract that has a fallback or receive function, it could potentially re-enter the swapBack function or other functions of the contract, leading to unexpected behavior or draining contract funds if proper checks like the 'ReentrancyGuard' are not in place."
    }
    ,
    {
        "title": "Potential front-running",
        "severity": "LOW",
        "mitigation": "The contract contains logic that identifies buy and sell transactions and applies fees accordingly. When interacting with a decentralized exchange like Uniswap, this can be exploited by front-running. An attacker can watch the mempool for pending transactions and execute their own transactions with higher gas fees to profit from subsequent price movements caused by the initial recognized transaction."
    },
    {
        "title": "Unrestricted Ether Transfer",
        "severity": "INFO",
        "mitigation": "The swapBack function contains arbitrary Ether transfers to the operationsWallet and marketingWallet without proper validation of the recipient's contract address, which can lead to vulnerabilities if one of these wallets is a contract that has a fallback or receive function. This can potentially be exploited by a malicious contract to execute unintended logic in the context of this contract."
    },
    {
        "title": "Missing return value check",
        "severity": "INFO",
        "mitigation": "The '_transfer' function calls 'swapBack' function which contains external calls to transfer ETH. The return value of these calls is not checked, meaning that the contract does not handle the case where these calls fail. In such a scenario, the contract may not behave as expected, potentially locking funds or failing to perform critical operations."
    }
]