{"reportContents":"# Function Description Report\n\n## Files Description Table\n\n\n|  File Name  |  SHA-1 Hash  |\n|-------------|--------------|\n\n\n## Contracts Description Table\n\n\n|  Contract  |         Type        |       Bases      |                  |                 |\n|:----------:|:-------------------:|:----------------:|:----------------:|:---------------:|\n|     └      |  **Function Name**  |  **Visibility**  |  **Mutability**  |  **Modifiers**  |\n||||||\n| **IERC20** | Interface |  |||\n| └ | totalSupply | External ❗️ |   |NO❗️ |\n| └ | balanceOf | External ❗️ |   |NO❗️ |\n| └ | transfer | External ❗️ | 🛑  |NO❗️ |\n| └ | allowance | External ❗️ |   |NO❗️ |\n| └ | approve | External ❗️ | 🛑  |NO❗️ |\n| └ | transferFrom | External ❗️ | 🛑  |NO❗️ |\n||||||\n| **IERC20Metadata** | Interface | IERC20 |||\n| └ | name | External ❗️ |   |NO❗️ |\n| └ | symbol | External ❗️ |   |NO❗️ |\n| └ | decimals | External ❗️ |   |NO❗️ |\n||||||\n| **IUniswapV2Router02** | Interface |  |||\n| └ | factory | External ❗️ |   |NO❗️ |\n| └ | WETH | External ❗️ |   |NO❗️ |\n| └ | addLiquidity | External ❗️ | 🛑  |NO❗️ |\n| └ | addLiquidityETH | External ❗️ |  💵 |NO❗️ |\n| └ | swapExactTokensForTokensSupportingFeeOnTransferTokens | External ❗️ | 🛑  |NO❗️ |\n| └ | swapExactETHForTokensSupportingFeeOnTransferTokens | External ❗️ |  💵 |NO❗️ |\n| └ | swapExactTokensForETHSupportingFeeOnTransferTokens | External ❗️ | 🛑  |NO❗️ |\n||||||\n| **IUniswapV2Pair** | Interface |  |||\n| └ | name | External ❗️ |   |NO❗️ |\n| └ | symbol | External ❗️ |   |NO❗️ |\n| └ | decimals | External ❗️ |   |NO❗️ |\n| └ | totalSupply | External ❗️ |   |NO❗️ |\n| └ | balanceOf | External ❗️ |   |NO❗️ |\n| └ | allowance | External ❗️ |   |NO❗️ |\n| └ | approve | External ❗️ | 🛑  |NO❗️ |\n| └ | transfer | External ❗️ | 🛑  |NO❗️ |\n| └ | transferFrom | External ❗️ | 🛑  |NO❗️ |\n| └ | DOMAIN_SEPARATOR | External ❗️ |   |NO❗️ |\n| └ | PERMIT_TYPEHASH | External ❗️ |   |NO❗️ |\n| └ | nonces | External ❗️ |   |NO❗️ |\n| └ | permit | External ❗️ | 🛑  |NO❗️ |\n| └ | MINIMUM_LIQUIDITY | External ❗️ |   |NO❗️ |\n| └ | factory | External ❗️ |   |NO❗️ |\n| └ | token0 | External ❗️ |   |NO❗️ |\n| └ | token1 | External ❗️ |   |NO❗️ |\n| └ | getReserves | External ❗️ |   |NO❗️ |\n| └ | price0CumulativeLast | External ❗️ |   |NO❗️ |\n| └ | price1CumulativeLast | External ❗️ |   |NO❗️ |\n| └ | kLast | External ❗️ |   |NO❗️ |\n| └ | mint | External ❗️ | 🛑  |NO❗️ |\n| └ | burn | External ❗️ | 🛑  |NO❗️ |\n| └ | swap | External ❗️ | 🛑  |NO❗️ |\n| └ | skim | External ❗️ | 🛑  |NO❗️ |\n| └ | sync | External ❗️ | 🛑  |NO❗️ |\n| └ | initialize | External ❗️ | 🛑  |NO❗️ |\n||||||\n| **IUniswapV2Factory** | Interface |  |||\n| └ | feeTo | External ❗️ |   |NO❗️ |\n| └ | feeToSetter | External ❗️ |   |NO❗️ |\n| └ | getPair | External ❗️ |   |NO❗️ |\n| └ | allPairs | External ❗️ |   |NO❗️ |\n| └ | allPairsLength | External ❗️ |   |NO❗️ |\n| └ | createPair | External ❗️ | 🛑  |NO❗️ |\n| └ | setFeeTo | External ❗️ | 🛑  |NO❗️ |\n| └ | setFeeToSetter | External ❗️ | 🛑  |NO❗️ |\n||||||\n| **ReentrancyGuard** | Implementation |  |||\n| └ | <Constructor> | Public ❗️ | 🛑  |NO❗️ |\n| └ | _nonReentrantBefore | Private 🔐 | 🛑  | |\n| └ | _nonReentrantAfter | Private 🔐 | 🛑  | |\n| └ | _reentrancyGuardEntered | Internal 🔒 |   | |\n||||||\n| **Context** | Implementation |  |||\n| └ | _msgSender | Internal 🔒 |   | |\n| └ | _msgData | Internal 🔒 |   | |\n||||||\n| **ERC20** | Implementation | Context, IERC20, IERC20Metadata |||\n| └ | <Constructor> | Public ❗️ | 🛑  |NO❗️ |\n| └ | name | Public ❗️ |   |NO❗️ |\n| └ | symbol | Public ❗️ |   |NO❗️ |\n| └ | decimals | Public ❗️ |   |NO❗️ |\n| └ | totalSupply | Public ❗️ |   |NO❗️ |\n| └ | balanceOf | Public ❗️ |   |NO❗️ |\n| └ | transfer | Public ❗️ | 🛑  |NO❗️ |\n| └ | allowance | Public ❗️ |   |NO❗️ |\n| └ | approve | Public ❗️ | 🛑  |NO❗️ |\n| └ | transferFrom | Public ❗️ | 🛑  |NO❗️ |\n| └ | increaseAllowance | Public ❗️ | 🛑  |NO❗️ |\n| └ | decreaseAllowance | Public ❗️ | 🛑  |NO❗️ |\n| └ | _transfer | Internal 🔒 | 🛑  | |\n| └ | _mint | Internal 🔒 | 🛑  | |\n| └ | _burn | Internal 🔒 | 🛑  | |\n| └ | _approve | Internal 🔒 | 🛑  | |\n| └ | _beforeTokenTransfer | Internal 🔒 | 🛑  | |\n| └ | _afterTokenTransfer | Internal 🔒 | 🛑  | |\n||||||\n| **Ownable** | Implementation | Context |||\n| └ | <Constructor> | Public ❗️ | 🛑  |NO❗️ |\n| └ | owner | Public ❗️ |   |NO❗️ |\n| └ | _checkOwner | Internal 🔒 |   | |\n| └ | renounceOwnership | Public ❗️ | 🛑  | onlyOwner |\n| └ | transferOwnership | Public ❗️ | 🛑  | onlyOwner |\n| └ | _transferOwnership | Internal 🔒 | 🛑  | |\n||||||\n| **SafeMath** | Library |  |||\n| └ | tryAdd | Internal 🔒 |   | |\n| └ | trySub | Internal 🔒 |   | |\n| └ | tryMul | Internal 🔒 |   | |\n| └ | tryDiv | Internal 🔒 |   | |\n| └ | tryMod | Internal 🔒 |   | |\n| └ | add | Internal 🔒 |   | |\n| └ | sub | Internal 🔒 |   | |\n| └ | mul | Internal 🔒 |   | |\n| └ | div | Internal 🔒 |   | |\n| └ | mod | Internal 🔒 |   | |\n| └ | sub | Internal 🔒 |   | |\n| └ | div | Internal 🔒 |   | |\n| └ | mod | Internal 🔒 |   | |\n||||||\n| **Checkmate** | Implementation | ERC20, Ownable |||\n| └ | <Constructor> | Public ❗️ | 🛑  | ERC20 |\n| └ | <Receive Ether> | External ❗️ |  💵 |NO❗️ |\n| └ | enableTrading | External ❗️ | 🛑  | onlyOwner |\n| └ | removeLimits | Internal 🔒 | 🛑  | |\n| └ | setBuyFees | Public ❗️ | 🛑  | onlyOwner |\n| └ | setSellFees | Public ❗️ | 🛑  | onlyOwner |\n| └ | _transfer | Internal 🔒 | 🛑  | |\n| └ | min | Private 🔐 |   | |\n| └ | swapTokensForEth | Private 🔐 | 🛑  | |\n| └ | swapBack | Private 🔐 | 🛑  | |\n\n\n## Legend\n\n|  Symbol  |  Meaning  |\n|:--------:|-----------|\n|    🛑    | Function can modify state |\n|    💵    | Function is payable |\n","tableRows":[{"type":"contract","name":"IERC20","spec":"Interface","mutating":null,"payable":null},{"type":"func","name":"totalSupply","spec":"External ❗️","mutating":"","payable":""},{"type":"func","name":"balanceOf","spec":"External ❗️","mutating":"","payable":""},{"type":"func","name":"transfer","spec":"External ❗️","mutating":"🛑","payable":""},{"type":"func","name":"allowance","spec":"External ❗️","mutating":"","payable":""},{"type":"func","name":"approve","spec":"External ❗️","mutating":"🛑","payable":""},{"type":"func","name":"transferFrom","spec":"External ❗️","mutating":"🛑","payable":""},{"type":"contract","name":"IERC20Metadata","spec":"Interface","mutating":null,"payable":null},{"type":"func","name":"name","spec":"External ❗️","mutating":"","payable":""},{"type":"func","name":"symbol","spec":"External ❗️","mutating":"","payable":""},{"type":"func","name":"decimals","spec":"External ❗️","mutating":"","payable":""},{"type":"contract","name":"IUniswapV2Router02","spec":"Interface","mutating":null,"payable":null},{"type":"func","name":"factory","spec":"External ❗️","mutating":"","payable":""},{"type":"func","name":"WETH","spec":"External ❗️","mutating":"","payable":""},{"type":"func","name":"addLiquidity","spec":"External ❗️","mutating":"🛑","payable":""},{"type":"func","name":"addLiquidityETH","spec":"External ❗️","mutating":"","payable":"💵"},{"type":"func","name":"swapExactTokensForTokensSupportingFeeOnTransferTokens","spec":"External ❗️","mutating":"🛑","payable":""},{"type":"func","name":"swapExactETHForTokensSupportingFeeOnTransferTokens","spec":"External ❗️","mutating":"","payable":"💵"},{"type":"func","name":"swapExactTokensForETHSupportingFeeOnTransferTokens","spec":"External ❗️","mutating":"🛑","payable":""},{"type":"contract","name":"IUniswapV2Pair","spec":"Interface","mutating":null,"payable":null},{"type":"func","name":"name","spec":"External ❗️","mutating":"","payable":""},{"type":"func","name":"symbol","spec":"External ❗️","mutating":"","payable":""},{"type":"func","name":"decimals","spec":"External ❗️","mutating":"","payable":""},{"type":"func","name":"totalSupply","spec":"External ❗️","mutating":"","payable":""},{"type":"func","name":"balanceOf","spec":"External ❗️","mutating":"","payable":""},{"type":"func","name":"allowance","spec":"External ❗️","mutating":"","payable":""},{"type":"func","name":"approve","spec":"External ❗️","mutating":"🛑","payable":""},{"type":"func","name":"transfer","spec":"External ❗️","mutating":"🛑","payable":""},{"type":"func","name":"transferFrom","spec":"External ❗️","mutating":"🛑","payable":""},{"type":"func","name":"DOMAIN_SEPARATOR","spec":"External ❗️","mutating":"","payable":""},{"type":"func","name":"PERMIT_TYPEHASH","spec":"External ❗️","mutating":"","payable":""},{"type":"func","name":"nonces","spec":"External ❗️","mutating":"","payable":""},{"type":"func","name":"permit","spec":"External ❗️","mutating":"🛑","payable":""},{"type":"func","name":"MINIMUM_LIQUIDITY","spec":"External ❗️","mutating":"","payable":""},{"type":"func","name":"factory","spec":"External ❗️","mutating":"","payable":""},{"type":"func","name":"token0","spec":"External ❗️","mutating":"","payable":""},{"type":"func","name":"token1","spec":"External ❗️","mutating":"","payable":""},{"type":"func","name":"getReserves","spec":"External ❗️","mutating":"","payable":""},{"type":"func","name":"price0CumulativeLast","spec":"External ❗️","mutating":"","payable":""},{"type":"func","name":"price1CumulativeLast","spec":"External ❗️","mutating":"","payable":""},{"type":"func","name":"kLast","spec":"External ❗️","mutating":"","payable":""},{"type":"func","name":"mint","spec":"External ❗️","mutating":"🛑","payable":""},{"type":"func","name":"burn","spec":"External ❗️","mutating":"🛑","payable":""},{"type":"func","name":"swap","spec":"External ❗️","mutating":"🛑","payable":""},{"type":"func","name":"skim","spec":"External ❗️","mutating":"🛑","payable":""},{"type":"func","name":"sync","spec":"External ❗️","mutating":"🛑","payable":""},{"type":"func","name":"initialize","spec":"External ❗️","mutating":"🛑","payable":""},{"type":"contract","name":"IUniswapV2Factory","spec":"Interface","mutating":null,"payable":null},{"type":"func","name":"feeTo","spec":"External ❗️","mutating":"","payable":""},{"type":"func","name":"feeToSetter","spec":"External ❗️","mutating":"","payable":""},{"type":"func","name":"getPair","spec":"External ❗️","mutating":"","payable":""},{"type":"func","name":"allPairs","spec":"External ❗️","mutating":"","payable":""},{"type":"func","name":"allPairsLength","spec":"External ❗️","mutating":"","payable":""},{"type":"func","name":"createPair","spec":"External ❗️","mutating":"🛑","payable":""},{"type":"func","name":"setFeeTo","spec":"External ❗️","mutating":"🛑","payable":""},{"type":"func","name":"setFeeToSetter","spec":"External ❗️","mutating":"🛑","payable":""},{"type":"contract","name":"ReentrancyGuard","spec":"Implementation","mutating":null,"payable":null},{"type":"func","name":"<Constructor>","spec":"Public ❗️","mutating":"🛑","payable":""},{"type":"func","name":"_nonReentrantBefore","spec":"Private 🔐","mutating":"🛑","payable":""},{"type":"func","name":"_nonReentrantAfter","spec":"Private 🔐","mutating":"🛑","payable":""},{"type":"func","name":"_reentrancyGuardEntered","spec":"Internal 🔒","mutating":"","payable":""},{"type":"contract","name":"Context","spec":"Implementation","mutating":null,"payable":null},{"type":"func","name":"_msgSender","spec":"Internal 🔒","mutating":"","payable":""},{"type":"func","name":"_msgData","spec":"Internal 🔒","mutating":"","payable":""},{"type":"contract","name":"ERC20","spec":"Implementation","mutating":null,"payable":null},{"type":"func","name":"<Constructor>","spec":"Public ❗️","mutating":"🛑","payable":""},{"type":"func","name":"name","spec":"Public ❗️","mutating":"","payable":""},{"type":"func","name":"symbol","spec":"Public ❗️","mutating":"","payable":""},{"type":"func","name":"decimals","spec":"Public ❗️","mutating":"","payable":""},{"type":"func","name":"totalSupply","spec":"Public ❗️","mutating":"","payable":""},{"type":"func","name":"balanceOf","spec":"Public ❗️","mutating":"","payable":""},{"type":"func","name":"transfer","spec":"Public ❗️","mutating":"🛑","payable":""},{"type":"func","name":"allowance","spec":"Public ❗️","mutating":"","payable":""},{"type":"func","name":"approve","spec":"Public ❗️","mutating":"🛑","payable":""},{"type":"func","name":"transferFrom","spec":"Public ❗️","mutating":"🛑","payable":""},{"type":"func","name":"increaseAllowance","spec":"Public ❗️","mutating":"🛑","payable":""},{"type":"func","name":"decreaseAllowance","spec":"Public ❗️","mutating":"🛑","payable":""},{"type":"func","name":"_transfer","spec":"Internal 🔒","mutating":"🛑","payable":""},{"type":"func","name":"_mint","spec":"Internal 🔒","mutating":"🛑","payable":""},{"type":"func","name":"_burn","spec":"Internal 🔒","mutating":"🛑","payable":""},{"type":"func","name":"_approve","spec":"Internal 🔒","mutating":"🛑","payable":""},{"type":"func","name":"_beforeTokenTransfer","spec":"Internal 🔒","mutating":"🛑","payable":""},{"type":"func","name":"_afterTokenTransfer","spec":"Internal 🔒","mutating":"🛑","payable":""},{"type":"contract","name":"Ownable","spec":"Implementation","mutating":null,"payable":null},{"type":"func","name":"<Constructor>","spec":"Public ❗️","mutating":"🛑","payable":""},{"type":"func","name":"owner","spec":"Public ❗️","mutating":"","payable":""},{"type":"func","name":"_checkOwner","spec":"Internal 🔒","mutating":"","payable":""},{"type":"func","name":"renounceOwnership","spec":"Public ❗️","mutating":"🛑","payable":""},{"type":"func","name":"transferOwnership","spec":"Public ❗️","mutating":"🛑","payable":""},{"type":"func","name":"_transferOwnership","spec":"Internal 🔒","mutating":"🛑","payable":""},{"type":"contract","name":"SafeMath","spec":"Library","mutating":null,"payable":null},{"type":"func","name":"tryAdd","spec":"Internal 🔒","mutating":"","payable":""},{"type":"func","name":"trySub","spec":"Internal 🔒","mutating":"","payable":""},{"type":"func","name":"tryMul","spec":"Internal 🔒","mutating":"","payable":""},{"type":"func","name":"tryDiv","spec":"Internal 🔒","mutating":"","payable":""},{"type":"func","name":"tryMod","spec":"Internal 🔒","mutating":"","payable":""},{"type":"func","name":"add","spec":"Internal 🔒","mutating":"","payable":""},{"type":"func","name":"sub","spec":"Internal 🔒","mutating":"","payable":""},{"type":"func","name":"mul","spec":"Internal 🔒","mutating":"","payable":""},{"type":"func","name":"div","spec":"Internal 🔒","mutating":"","payable":""},{"type":"func","name":"mod","spec":"Internal 🔒","mutating":"","payable":""},{"type":"func","name":"sub","spec":"Internal 🔒","mutating":"","payable":""},{"type":"func","name":"div","spec":"Internal 🔒","mutating":"","payable":""},{"type":"func","name":"mod","spec":"Internal 🔒","mutating":"","payable":""},{"type":"contract","name":"Checkmate","spec":"Implementation","mutating":null,"payable":null},{"type":"func","name":"<Constructor>","spec":"Public ❗️","mutating":"🛑","payable":""},{"type":"func","name":"<Receive Ether>","spec":"External ❗️","mutating":"","payable":"💵"},{"type":"func","name":"enableTrading","spec":"External ❗️","mutating":"🛑","payable":""},{"type":"func","name":"removeLimits","spec":"Internal 🔒","mutating":"🛑","payable":""},{"type":"func","name":"setBuyFees","spec":"Public ❗️","mutating":"🛑","payable":""},{"type":"func","name":"setSellFees","spec":"Public ❗️","mutating":"🛑","payable":""},{"type":"func","name":"_transfer","spec":"Internal 🔒","mutating":"🛑","payable":""},{"type":"func","name":"min","spec":"Private 🔐","mutating":"","payable":""},{"type":"func","name":"swapTokensForEth","spec":"Private 🔐","mutating":"🛑","payable":""},{"type":"func","name":"swapBack","spec":"Private 🔐","mutating":"🛑","payable":""}]}