{"data":{"tokens":[{"address":"0xe02f72be83855c9e400fd9cd9f83158abfc87053","decimals":8,"id":"0xe02f72be83855c9e400fd9cd9f83158abfc87053:1","name":"CHECKMATE","networkId":1,"symbol":"CMBOT","imageLargeUrl":"https://token-media.defined.fi/1_0xe02f72be83855c9e400fd9cd9f83158abfc87053_large.png","imageSmallUrl":"https://token-media.defined.fi/1_0xe02f72be83855c9e400fd9cd9f83158abfc87053_small.png","imageThumbUrl":"https://token-media.defined.fi/1_0xe02f72be83855c9e400fd9cd9f83158abfc87053_thumb.png","explorerData":{"id":"0xe02f72be83855c9e400fd9cd9f83158abfc87053:1","blueCheckmark":true,"description":"","divisor":"8","tokenPriceUSD":"0.000000000000000000","tokenType":"ERC20","__typename":"ExplorerTokenData"},"info":{"address":"0xe02f72be83855c9e400fd9cd9f83158abfc87053","circulatingSupply":"10000000","id":"0xe02f72be83855c9e400fd9cd9f83158abfc87053:1","imageLargeUrl":"https://token-media.defined.fi/1_0xe02f72be83855c9e400fd9cd9f83158abfc87053_large.png","imageSmallUrl":"https://token-media.defined.fi/1_0xe02f72be83855c9e400fd9cd9f83158abfc87053_small.png","imageThumbUrl":"https://token-media.defined.fi/1_0xe02f72be83855c9e400fd9cd9f83158abfc87053_thumb.png","isScam":null,"name":"CHECKMATE","networkId":1,"symbol":"CMBOT","totalSupply":"10000000","__typename":"TokenInfo"},"socialLinks":{"bitcointalk":"","blog":"","coingecko":null,"coinmarketcap":null,"discord":"","email":"","facebook":"","github":"","instagram":null,"linkedin":"","reddit":"","slack":"","telegram":"","twitch":null,"twitter":"","website":"","wechat":"","whitepaper":"","youtube":null,"__typename":"SocialLinks"},"__typename":"EnhancedToken"}]}}