{"time":1702634238336,"data":{"code":1,"message":"OK","result":{"0xe02f72be83855c9e400fd9cd9f83158abfc87053":{"anti_whale_modifiable":"0","buy_tax":"0.05","can_take_back_ownership":"0","cannot_buy":"0","cannot_sell_all":"0","creator_address":"0x4b203563d6815402a3065af42eea42a22e891dc7","creator_balance":"0","creator_percent":"0.000000","dex":[{"liquidity_type":"UniV2","name":"UniswapV2","liquidity":"37549.48967910","pair":"0x0ca1bb92cba3cb82c6d37a589184d2fde1ba5448"}],"external_call":"0","hidden_owner":"0","holder_count":"570","holders":[{"address":"0x0ca1bb92cba3cb82c6d37a589184d2fde1ba5448","tag":"UniswapV2","is_contract":1,"balance":"1088756.04994262","percent":"0.108875604994262000","is_locked":0},{"address":"0xae00ed3ed9c69560778a44845dcafa97992ffebd","tag":"","is_contract":0,"balance":"229917.71353182","percent":"0.022991771353182000","is_locked":0},{"address":"0xbbe1ad76b2ddb178cf29ec694ad1ebbaec6a745d","tag":"","is_contract":0,"balance":"205814.67662445","percent":"0.020581467662445000","is_locked":0},{"address":"0xfc1bb5fcd3ca6590ad31ae943def3c48c38bdb6a","tag":"","is_contract":0,"balance":"204528.63632911","percent":"0.020452863632911000","is_locked":0},{"address":"0x78d92d7532fdf232105d3593613196c57b3787d5","tag":"","is_contract":0,"balance":"158850.31389225","percent":"0.015885031389225000","is_locked":0},{"address":"0xde50517c7eb6c4d5a985cbd5bd8d9a7da0ea5712","tag":"","is_contract":0,"balance":"150000","percent":"0.015000000000000000","is_locked":0},{"address":"0xcff4152fd5967b6d0c9ac41d6b7c3bf7fd2349f7","tag":"","is_contract":0,"balance":"150000","percent":"0.015000000000000000","is_locked":0},{"address":"0x9afb64df0d69cd893d4c9014470a0002730f7905","tag":"","is_contract":0,"balance":"150000","percent":"0.015000000000000000","is_locked":0},{"address":"0x5e5854d15a1c9282cbc4301b391875d01158ff84","tag":"","is_contract":0,"balance":"150000","percent":"0.015000000000000000","is_locked":0},{"address":"0x450a1f634879c7e1857e2470440b0614c8cd2b20","tag":"","is_contract":0,"balance":"150000","percent":"0.015000000000000000","is_locked":0}],"honeypot_with_same_creator":"0","is_anti_whale":"1","is_blacklisted":"0","is_honeypot":"0","is_in_dex":"1","is_mintable":"0","is_open_source":"1","is_proxy":"0","is_whitelisted":"1","lp_holder_count":"5","lp_holders":[{"address":"0x663a5c229c09b049e36dcc11a9b0d4a8eb9db214","tag":"UniCrypt","value":null,"is_contract":1,"balance":"0.032834585424517469","percent":"0.866234143832564330","NFT_list":null,"is_locked":1,"locked_detail":[{"amount":"0.032834585424517469","end_time":"2024-05-30T19:13:14+00:00","opt_time":"2023-11-30T20:14:47+00:00"}]},{"address":"0xe58e69aa84b5dbeabbccbfd30d2fcc5dddeac415","tag":"","value":null,"is_contract":0,"balance":"0.002444182781702526","percent":"0.064481842907553555","NFT_list":null,"is_locked":0},{"address":"0xd5bb24152217bea7a617525ddfa64ea3b41b9c0a","tag":"","value":null,"is_contract":0,"balance":"0.002294546460119212","percent":"0.060534173423163190","NFT_list":null,"is_locked":0},{"address":"0x04bda42de3bc32abb00df46004204424d4cf8287","tag":"","value":null,"is_contract":0,"balance":"0.000331662479035529","percent":"0.008749839836692542","NFT_list":null,"is_locked":0},{"address":"0x0000000000000000000000000000000000000000","tag":"Null Address","value":null,"is_contract":0,"balance":"0.000000000000001","percent":"0.000000000000026381","NFT_list":null,"is_locked":1}],"lp_total_supply":"0.037904977145375736","owner_address":"0x4b203563d6815402a3065af42eea42a22e891dc7","owner_balance":"0","owner_change_balance":"0","owner_percent":"0.000000","personal_slippage_modifiable":"0","selfdestruct":"0","sell_tax":"0.05","slippage_modifiable":"1","token_name":"CHECKMATE","token_symbol":"CMBOT","total_supply":"10000000","trading_cooldown":"1","transfer_pausable":"0"}}}}