{"text":"The audit for the CHECKMATE token, symbolized as CMBOT, has been completed. An overview of the findings suggests that this token presents both some merits and considerations for potential investors and users. The notable 5% tax on both buying and selling is higher than average, which may impact trading behavior. Conversely, the lack of a honeypot feature, common in other tokens, is a positive aspect. \n\nPromisingly, the CHECKMATE token uses antiwhale measures to prevent a single entity from controlling too much of the supply, aiming to ensure fairness and market stability. Yet, the token is not mintable, preserving its scarcity and potential value but also limiting its growth. Trading is unrestricted as the token doesn't entail any blacklisting measures, providing freedom to investors. Furthermore, as expected, the token is listed on a decentralized exchange (dex). \n\nIn terms of adoption, the CHECKMATE token currently boasts fewer than 1,000 holders, which indicates a relatively low uptake. However, the presence of more than five liquidity providers (LP holders) is a bright spot, inferring a level of market health and fluidity for the token. \n\nFinally, assessment of the codebase reveals no high severity issues, giving assurance to potential users of the token. Nevertheless, the audit detected two medium severity issues, heightening a need for caution and suggesting room for further amendments to bolster the codebase's security and trustworthiness. In sum, while the CHECKMATE token showcases several attractive traits and a positive security evaluation, a balance approach taking into account both the merits and concerns is suggested for potential stakeholders.","table":{"token_name":"CHECKMATE","token_symbol":"CMBOT","is_honeypot":"0","blacklisted":"0","external_functions":20,"internal_functions":26,"private_functions":5,"view_functions":26,"pure_functions":0,"payable_functions":0,"total_functions":104,"number_of_medium_severity_issues":2,"number_of_high_severity_issues":0,"number_of_low_severity_issues":0,"is_antiwhale":"1","buy_tax":"0.05","holder_count":"570","is_mintable":"0","is_in_dex":"1","is_open_source":"1","lp_holder_count":"5","total_supply":"10000000","sell_tax":"0.05"}}