[{"type":"contract","name":"IERC20","bases":"","specs":"[Int]","line":30,"functions":[{"type":"func","name":"totalSupply","spec":"[Ext]","payable":"","modifiers":"","line":48},{"type":"func","name":"balanceOf","spec":"[Ext]","payable":"","modifiers":"","line":53},{"type":"func","name":"transfer","spec":"[Ext]","payable":"","modifiers":"","line":62},{"type":"func","name":"allowance","spec":"[Ext]","payable":"","modifiers":"","line":71},{"type":"func","name":"approve","spec":"[Ext]","payable":"","modifiers":"","line":87},{"type":"func","name":"transferFrom","spec":"[Ext]","payable":"","modifiers":"","line":98}]},{"type":"contract","name":"IERC20Metadata","bases":"(IERC20)","specs":"[Int]","line":114,"functions":[{"type":"func","name":"name","spec":"[Ext]","payable":"","modifiers":"","line":118},{"type":"func","name":"symbol","spec":"[Ext]","payable":"","modifiers":"","line":123},{"type":"func","name":"decimals","spec":"[Ext]","payable":"","modifiers":"","line":128}]},{"type":"contract","name":"IUniswapV2Router02","bases":"","specs":"[Int]","line":135,"functions":[{"type":"func","name":"factory","spec":"[Ext]","payable":"","modifiers":"","line":136},{"type":"func","name":"WETH","spec":"[Ext]","payable":"","modifiers":"","line":138},{"type":"func","name":"addLiquidity","spec":"[Ext]","payable":"","modifiers":"","line":140},{"type":"func","name":"addLiquidityETH","spec":"[Ext]","payable":" ($)","modifiers":"","line":151},{"type":"func","name":"swapExactTokensForTokensSupportingFeeOnTransferTokens","spec":"[Ext]","payable":"","modifiers":"","line":163},{"type":"func","name":"swapExactETHForTokensSupportingFeeOnTransferTokens","spec":"[Ext]","payable":" ($)","modifiers":"","line":171},{"type":"func","name":"swapExactTokensForETHSupportingFeeOnTransferTokens","spec":"[Ext]","payable":"","modifiers":"","line":178}]},{"type":"contract","name":"IUniswapV2Pair","bases":"","specs":"[Int]","line":193,"functions":[{"type":"func","name":"name","spec":"[Ext]","payable":"","modifiers":"","line":201},{"type":"func","name":"symbol","spec":"[Ext]","payable":"","modifiers":"","line":203},{"type":"func","name":"decimals","spec":"[Ext]","payable":"","modifiers":"","line":205},{"type":"func","name":"totalSupply","spec":"[Ext]","payable":"","modifiers":"","line":207},{"type":"func","name":"balanceOf","spec":"[Ext]","payable":"","modifiers":"","line":209},{"type":"func","name":"allowance","spec":"[Ext]","payable":"","modifiers":"","line":211},{"type":"func","name":"approve","spec":"[Ext]","payable":"","modifiers":"","line":216},{"type":"func","name":"transfer","spec":"[Ext]","payable":"","modifiers":"","line":218},{"type":"func","name":"transferFrom","spec":"[Ext]","payable":"","modifiers":"","line":220},{"type":"func","name":"DOMAIN_SEPARATOR","spec":"[Ext]","payable":"","modifiers":"","line":226},{"type":"func","name":"PERMIT_TYPEHASH","spec":"[Ext]","payable":"","modifiers":"","line":228},{"type":"func","name":"nonces","spec":"[Ext]","payable":"","modifiers":"","line":230},{"type":"func","name":"permit","spec":"[Ext]","payable":"","modifiers":"","line":232},{"type":"func","name":"MINIMUM_LIQUIDITY","spec":"[Ext]","payable":"","modifiers":"","line":259},{"type":"func","name":"factory","spec":"[Ext]","payable":"","modifiers":"","line":261},{"type":"func","name":"token0","spec":"[Ext]","payable":"","modifiers":"","line":263},{"type":"func","name":"token1","spec":"[Ext]","payable":"","modifiers":"","line":265},{"type":"func","name":"getReserves","spec":"[Ext]","payable":"","modifiers":"","line":267},{"type":"func","name":"price0CumulativeLast","spec":"[Ext]","payable":"","modifiers":"","line":276},{"type":"func","name":"price1CumulativeLast","spec":"[Ext]","payable":"","modifiers":"","line":278},{"type":"func","name":"kLast","spec":"[Ext]","payable":"","modifiers":"","line":280},{"type":"func","name":"mint","spec":"[Ext]","payable":"","modifiers":"","line":282},{"type":"func","name":"burn","spec":"[Ext]","payable":"","modifiers":"","line":284},{"type":"func","name":"swap","spec":"[Ext]","payable":"","modifiers":"","line":288},{"type":"func","name":"skim","spec":"[Ext]","payable":"","modifiers":"","line":295},{"type":"func","name":"sync","spec":"[Ext]","payable":"","modifiers":"","line":297},{"type":"func","name":"initialize","spec":"[Ext]","payable":"","modifiers":"","line":299}]},{"type":"contract","name":"IUniswapV2Factory","bases":"","specs":"[Int]","line":307,"functions":[{"type":"func","name":"feeTo","spec":"[Ext]","payable":"","modifiers":"","line":315},{"type":"func","name":"feeToSetter","spec":"[Ext]","payable":"","modifiers":"","line":317},{"type":"func","name":"getPair","spec":"[Ext]","payable":"","modifiers":"","line":319},{"type":"func","name":"allPairs","spec":"[Ext]","payable":"","modifiers":"","line":324},{"type":"func","name":"allPairsLength","spec":"[Ext]","payable":"","modifiers":"","line":326},{"type":"func","name":"createPair","spec":"[Ext]","payable":"","modifiers":"","line":328},{"type":"func","name":"setFeeTo","spec":"[Ext]","payable":"","modifiers":"","line":332},{"type":"func","name":"setFeeToSetter","spec":"[Ext]","payable":"","modifiers":"","line":334}]},{"type":"contract","name":"ReentrancyGuard","bases":"","specs":"","line":360,"functions":[{"type":"func","name":"<Constructor>","spec":"[Pub]","payable":"","modifiers":"","line":377},{"type":"func","name":"_nonReentrantBefore","spec":"[Prv]","payable":"","modifiers":"","line":394},{"type":"func","name":"_nonReentrantAfter","spec":"[Prv]","payable":"","modifiers":"","line":402},{"type":"func","name":"_reentrancyGuardEntered","spec":"[Int]","payable":"","modifiers":"","line":412}]},{"type":"contract","name":"Context","bases":"","specs":"","line":434,"functions":[{"type":"func","name":"_msgSender","spec":"[Int]","payable":"","modifiers":"","line":435},{"type":"func","name":"_msgData","spec":"[Int]","payable":"","modifiers":"","line":439}]},{"type":"contract","name":"ERC20","bases":"(Context, IERC20, IERC20Metadata)","specs":"","line":453,"functions":[{"type":"func","name":"<Constructor>","spec":"[Pub]","payable":"","modifiers":"","line":464},{"type":"func","name":"name","spec":"[Pub]","payable":"","modifiers":"","line":470},{"type":"func","name":"symbol","spec":"[Pub]","payable":"","modifiers":"","line":474},{"type":"func","name":"decimals","spec":"[Pub]","payable":"","modifiers":"","line":478},{"type":"func","name":"totalSupply","spec":"[Pub]","payable":"","modifiers":"","line":482},{"type":"func","name":"balanceOf","spec":"[Pub]","payable":"","modifiers":"","line":486},{"type":"func","name":"transfer","spec":"[Pub]","payable":"","modifiers":"","line":492},{"type":"func","name":"allowance","spec":"[Pub]","payable":"","modifiers":"","line":500},{"type":"func","name":"approve","spec":"[Pub]","payable":"","modifiers":"","line":507},{"type":"func","name":"transferFrom","spec":"[Pub]","payable":"","modifiers":"","line":515},{"type":"func","name":"increaseAllowance","spec":"[Pub]","payable":"","modifiers":"","line":534},{"type":"func","name":"decreaseAllowance","spec":"[Pub]","payable":"","modifiers":"","line":546},{"type":"func","name":"_transfer","spec":"[Int]","payable":"","modifiers":"","line":562},{"type":"func","name":"_mint","spec":"[Int]","payable":"","modifiers":"","line":587},{"type":"func","name":"_burn","spec":"[Int]","payable":"","modifiers":"","line":599},{"type":"func","name":"_approve","spec":"[Int]","payable":"","modifiers":"","line":616},{"type":"func","name":"_beforeTokenTransfer","spec":"[Int]","payable":"","modifiers":"","line":628},{"type":"func","name":"_afterTokenTransfer","spec":"[Int]","payable":"","modifiers":"","line":634}]},{"type":"contract","name":"Ownable","bases":"(Context)","specs":"","line":661,"functions":[{"type":"func","name":"<Constructor>","spec":"[Pub]","payable":"","modifiers":"","line":669},{"type":"func","name":"owner","spec":"[Pub]","payable":"","modifiers":"","line":684},{"type":"func","name":"_checkOwner","spec":"[Int]","payable":"","modifiers":"","line":691},{"type":"func","name":"renounceOwnership","spec":"[Pub]","payable":"","modifiers":"onlyOwner","line":702},{"type":"func","name":"transferOwnership","spec":"[Pub]","payable":"","modifiers":"onlyOwner","line":710},{"type":"func","name":"_transferOwnership","spec":"[Int]","payable":"","modifiers":"","line":719}]},{"type":"contract","name":"SafeMath","bases":"","specs":"[Lib]","line":743,"functions":[{"type":"func","name":"tryAdd","spec":"[Int]","payable":"","modifiers":"","line":749},{"type":"func","name":"trySub","spec":"[Int]","payable":"","modifiers":"","line":762},{"type":"func","name":"tryMul","spec":"[Int]","payable":"","modifiers":"","line":774},{"type":"func","name":"tryDiv","spec":"[Int]","payable":"","modifiers":"","line":791},{"type":"func","name":"tryMod","spec":"[Int]","payable":"","modifiers":"","line":803},{"type":"func","name":"add","spec":"[Int]","payable":"","modifiers":"","line":820},{"type":"func","name":"sub","spec":"[Int]","payable":"","modifiers":"","line":834},{"type":"func","name":"mul","spec":"[Int]","payable":"","modifiers":"","line":848},{"type":"func","name":"div","spec":"[Int]","payable":"","modifiers":"","line":862},{"type":"func","name":"mod","spec":"[Int]","payable":"","modifiers":"","line":878},{"type":"func","name":"sub","spec":"[Int]","payable":"","modifiers":"","line":895},{"type":"func","name":"div","spec":"[Int]","payable":"","modifiers":"","line":914},{"type":"func","name":"mod","spec":"[Int]","payable":"","modifiers":"","line":936}]},{"type":"contract","name":"Checkmate","bases":"(ERC20, Ownable)","specs":"","line":946,"functions":[{"type":"func","name":"<Constructor>","spec":"[Pub]","payable":"","modifiers":"ERC20","line":996},{"type":"func","name":"<Receive Ether>","spec":"[Ext]","payable":" ($)","modifiers":"","line":1035},{"type":"func","name":"enableTrading","spec":"[Ext]","payable":"","modifiers":"onlyOwner","line":1037},{"type":"func","name":"removeLimits","spec":"[Int]","payable":"","modifiers":"","line":1045},{"type":"func","name":"setBuyFees","spec":"[Pub]","payable":"","modifiers":"onlyOwner","line":1053},{"type":"func","name":"setSellFees","spec":"[Pub]","payable":"","modifiers":"onlyOwner","line":1059},{"type":"func","name":"_transfer","spec":"[Int]","payable":"","modifiers":"","line":1064},{"type":"func","name":"min","spec":"[Prv]","payable":"","modifiers":"","line":1189},{"type":"func","name":"swapTokensForEth","spec":"[Prv]","payable":"","modifiers":"","line":1193},{"type":"func","name":"swapBack","spec":"[Prv]","payable":"","modifiers":"","line":1209}]}]