{"audit_summery":"Audit conclusion for USD Coin (USDC) uncovers a formidable token with 1,872,554 holders, an impressive indicator of a robust community. The total supply amounts to 22,214,338,979.119161. The token does not apply tax on buying or selling. A total of 20 functions were found within the smart contract, comprising 3 external, 10 internal, 1 private, 2 view, and 1 payable function. However, the presence of 31 medium and six high severity vulnerabilities should entail cautious evaluation. Its listing on Dex and its open-source status contribute positively to its valuation. The liquidity pool includes 2,168 holders. Even though USD Coin exhibits a vigorous community, the identified issues necessitate corrective measures.","data":{"token_name":"USD Coin","token_symbol":"USDC","external_functions":3,"internal_functions":10,"private_functions":1,"view_functions":2,"pure_functions":0,"payable_functions":1,"total_functions":20,"number_of_medium_severity_issues":31,"number_of_high_severity_issues":6,"number_of_low_severity_issues":0,"buy_tax":"0","holder_count":"1872554","is_in_dex":"1","is_open_source":"1","lp_holder_count":"2168","total_supply":"22214338979.119161","sell_tax":"0"}}