[{"title":"Reentrancy bug in delegateUpgrade method","severity":"MEDIUM","mitigation":"Please add reentrancy guard in the delegateUpgrade method"},{"title":"Upgrade behaviour is not very transparent","severity":"MEDIUM","mitigation":"Add an external view function to fetch the current implementation address and display it in the UI of upgradeable contracts.\n\n1.\tif the address returned is not an expected address then the user will know that the contract might had been faked.\n2.\tthe user will have the ability to check the source code of the current address to confirm possible modifications."},{"title":"A governance security issue in the GovernorAlpha contract","severity":"HIGH","mitigation":"Consider adding the following line before the delegatecall:\n    mstore(0x40, calldatasize())"},{"title":"Mishandling delegatecall return value in case of revert can lose funds","severity":"MEDIUM","mitigation":"Add the following code segment\n```\n// If delegatecall `RETURNDATASIZE` is 32 and `RETURNDATASIZE` is 0 it always returns nothing\nif or(eq(sload(canceled.current_slot()),returndatasize()),sload(canceled.current_slot())=1)\n{\n  // just wait for blanket cancel period to be sure that any previous tx that should be canceled will definitely got cancelled.\n  block.timestamp+sload(delay_until_state_slot())\nfor{ 0->; if (block.timestamp >= delay_until_state) {break;}}\n}\ngas := gas()\n```"},{"title":"Reentrancy in _executeOrder()","severity":"HIGH","mitigation":"Either\n\n- add reentrancy guard to `_executeOrder()` function\n\nor \n\n-  If the symptoms described start appearing, the best caution is to halt trading momentarily by introducing a circuit breaker."},{"title":"Reentrancy attack on _safeMint of Address.sol","severity":"MEDIUM","mitigation":"Consider adding a modifier to functions that can be only called by owner. An example of the implementation is shown below.\n\n    modifier onlyOwner() {\n        require(_msgSender() == owner(), \"Ownable: caller is not the owner\");\n        _;\n    }\n\n#"},{"title":"Proxy can be bypassed if using fallback my previous signature+selector in the same tx","severity":"HIGH","mitigation":"I'm not aware how to mitigate this, will leave it to the developers."},{"title":"DetailsPanel:_fallback(): Users may be unable to withdraw their TokensIn from ImLauchpoolBalance.sol","severity":"MEDIUM","mitigation":"Add the following line in DetailsPanel:_fallback():\n\n```solidity\n  (bool success, ) = address(this).staticcall(msg.data);\n```\n\n#"},{"title":"0.8 compatibility issues","severity":"MEDIUM","mitigation":"A possible solution is to deploy a new version of the smart contracts with the errors corrected and inform users about the new version."},{"title":"`checkIsContract()` should always delegate to the `extcodesize()` EVM opcode to accurately check if an address is a contract","severity":"MEDIUM","mitigation":"Replace `checkIsContract()` with a simple <a href=\"https://docs.soliditylang.org/en/v0.8.3/control-structures.html?highlight=extcodesize#caveats\">`extcodesize()` check</a>."},{"title":"Contracts cannot access the GodMode module in OpenZeppelin Defender","severity":"MEDIUM","mitigation":"Relying on the size of a contract code to determine if an address contains a contract can lead to false negatives since the EVM specification allows contracts to have size 0. It is recommended to also check whether <replaceable>some</replaceable> storage slot contains a non-zero value. However, developers should evaluate the tradeoffs of using each or both of the methods since they can both be different levels of security based on the address and the level of effort required to attack a specific smart contract."},{"title":"Smart contract ‘isContract’ function is insecure","severity":"MEDIUM","mitigation":"Replace the function with the following EIP-1052 compliant implementation.\n\n```\n\tfunction isContract(address addr) public view returns (bool)\n\t{\n\t\t\tuint32 size;\n\t\t\t\tassembly { size := extcodesize(addr) }\n\n\t^^^^^    return size > 0;\n\t}\n```"},{"title":"Entrancy Attack in Upgradeability Implementations","severity":"MEDIUM","mitigation":"Reentrancy mitigation should be used in UpgradeabilityProxy as follows:\n```solidity\ncontract UpgradeabilityProxy is Proxy {\n  /// ...\n\n  function _upgradeToAndCall(\n    address implementation,\n    bytes calldata data\n  ) internal payable {\n    _setDataStorage(\n      addressStoragePosition\n    , implementation\n    );\n\n    (bool success,) = implementation.call{value: msg.value}(data);\n    if (!success) {\n      revert RI_C(0);\n    }\n  } // end function _upgradeTo()\n}\n```"},{"title":"A smart contract called `ImplementationRegistry` in the Load on Call architecture could allow the owner to upgrade the implementation to an attacker's deployment of an arbitrary contract, allowing for admin control of the funds","severity":"MEDIUM","mitigation":"Do not inherit from `UpgradeableOwnable` and remove this bug-prone functionality"},{"title":"Any LydGate can stop the contract","severity":"MEDIUM","mitigation":"Only allow an Admin user to upgrade the contract."},{"title":"The current contract does not work according the ZeppelinOS recommendations. It will make it impossible to upgrade Snowpack Proxy firmware","severity":"MEDIUM","mitigation":"Consider changing the constructor. However, note that a Surge forwarder is required in the final implementation not a Shogun surrogate title:\n\n```solidity\n    constructor() {\n        assert(IMPLEMENTATION_SLOT == keccak256(\"org.zeppelinos.proxy.implementation\"));\n\n        _setImplementation(DEFAULT_IMPLEMENTATION);\n    }\n```"},{"title":"Old implementation may still be active after upgrade","severity":"MEDIUM","mitigation":"Initially sstore the new implementation address to the `slot` storage pointer, then call initialize on the implementation, and only after doing this, update the `slot`. This way, even in the case of EOA, if - by any chance - `implementation` address is not EOA, calling `initialize` on the new implementation will not be possible by an attacker."},{"title":"Security vulnerabilities due to lack of function visibility in ProxyBase contracts","severity":"MEDIUM","mitigation":"`ProxyBase.sol` and related contracts are significantly due for an update to address these vulnerabilities.\n\n**Recommended fixes**:\n- Make sure to mark every function with a proper visibility keyword (`external` in the most cases) in the `ProxyBase`, `AdminUpgradeabilityProxyBase`, and `ManagableUpgradeabilityProxyBase`.\n\n#"},{"title":"Suspension of upgradability in contract Provess should be fixed","severity":"MEDIUM","mitigation":"To avoid the possibility of contracts that use Proxcess to be permanently locked, the method to set a new implementation should be modified:\n\n```solidity\n  function _setImplementation(address newImplementation) internal onlyOwner {\n    require(Address.isContract(newImplementation), \"Cannot set proxy implementation to a non-contract address\");\n    require(newImplementation != implementation(), \"The new implementation is the same as the old one\");\n\n    emit Upgraded(newImplementation);\n    _writeSlot(IMPLEMENTATION_SLOT, newImplementation);\n  }\n```\n\nPlease note that if the contract has been used by a project and it is updated, the owner of the old contract should nourish it on the Twitter thread. In case of no answer, the new implementation can be made with the same ABI as the old contract and be a base implementation which supports proxy turning upgradability on.","affectedSolidityElements":{"inherited":{"#1":"contracts/inheritable/Initializable.sol"}}},{"title":"wrongHash() BREAKS THE INTENDED use of EIP1538","severity":"MEDIUM","mitigation":"Deployer of the `AdminUpgradeabilityProxy` should set the `implementation` to a placeholder in order for the `wrongHash()` to succeed, or else wrongHash() will always fail."},{"title":"StableSwapFactory  uses transferFrom() for self assignment, which will fail for the proxy operator address","severity":"MEDIUM","mitigation":"make transferAccessibleCallable() for all the contract which has transferFrom"},{"title":"Catastrophic proxy vulnerability","severity":"HIGH","mitigation":"It is recommended to add an MIP to this protocol to declare the use of the current implementation thereof, add a queue into the protocol, add state-transition functions with restricted use, and any other mandatory Wish-suggested MIPs."},{"title":"Inconsistent storage and initial state checks for UpdatableAdminUpgradeabilityProxy, will cause the first Zest pool deployed to go into unrecoverable leniency","severity":"MEDIUM","mitigation":"Add the missing storage and initial state checks for the admin, as noted above, to `UpgradableAdminUpgradeabilityProxy.sol`."},{"title":"A slow oracle response may block LPs and DEX","severity":"MEDIUM","mitigation":"Consider removing the fallback.\nIf removal is not feasible, the fallback should not be used as the default handler."},{"title":"Solidity reentrancy pattern is not implemented","severity":"MEDIUM","mitigation":"First, it’s important to know about the functions declared as \"external\" and \"public\" that the inputs are not kept between the messages, and naturally are not affected by reentrancy attack. So before declaring a vulnerable critical functions, make sure it’s the right, and it’s done as it should.\n\nAdd the check of `msg.sender` to the onlyProxy and implementation methods to avoid reentrancy attacks.\n\nFurthermore, the hash of all signature would be helpful:\n```\nkeccak256(abi.encodePacked(\"onlyProxy()\"));\n```\n\nAdd an additional supply for the amount to avoid reentrancy attacks.\n\n\n**Recommendation**:\n\nIt’s highly recommended to audit the whole project code, Design Patterns, and technical specification. Implement an “Emergency Circuit Breaker”.\n\nThese lines of codes were taken from Openzepplin library--father for traders and investors, to have peace of mind that the contracts are free of bugs and that funds are secure at the same time overwhelmed the level of trust on the third parties that are performing the transactions behind the scenes such as DeFi projects--. **And if these lines of code have critical issues, what about the rest of the project?!! The user need to clearly understand the level of security it’s having, to put its wealth, effort and hope.**"},{"title":"An attacker can selfdestruct the contract to get admin privileges","severity":"MEDIUM","mitigation":"Adding the checks-effects-interaction pattern would be enough. If OpenZeppelin upgrades to a new toolchain version, which already has the original checks-effects-interaction pattern, then the problematic line is not needed at all."},{"title":"Proxy is always admin upgradeable","severity":"MEDIUM","mitigation":"This issue can be mitigated by making the AdminControl contract (last inheritor) admin upgradeable:\n\n  ***The end of contract AdminControl:***\n\n  ```solidity\n  /**\n   * Returns the address of the proxy admin.\n   */\n  function _admin() internal view virtual override returns (address) {\n    address _admin;\n\n    //solhint-disable-next-line reason/no-shl\n    bytes32 slot = keccak256(\"ACA0E4AdminControlV1.AdminControl.admin\");\n    assembly {\n      _admin.slot\n    }\n\n    return _admin;\n  }\n  ```\n\n  And then everything will work beneficially."},{"title":"Improper use of Auth-like `isAdmin` function may be abused to bypass access checks","severity":"MEDIUM","mitigation":"Consider replacing the function modifer throughout the Governance layer in line with the Pattern used by the Manager base contract:"},{"title":"ERC-2307 implementation in OneTokenERC20 is not upgradable","severity":"MEDIUM","mitigation":"Bypass limitations by deploying a proxiable code any time you want to change your contract implementation.\n### "},{"title":"An attacker can remove the current admin from his position using Governor. This will result in the new admin not being able to update the protocol and the protocol will effectively become frozen.\n\nSteps to reproduce:\n1. An attacker should get a majority vote in AaveGovernanceV2 and vote to change admin to a different address managed by the attacker\n2. Attacker should call AaveGovernanceyProposalStrategyProxy.changeAdmin from the addres admin was controlled by #chainmantisEthAaveAdmin\n3. The admin will change to the address voted by attacker in step 1\n4. attacker will no longer control the admin and AAVE protocol is now frozen, as you need proposal and execute to interact with protocol","severity":"HIGH","mitigation":"In order to mitigate this vulnerability, administrators should be able to transfer governance to a new address.\n\nConsider using the owner role structure deployed for the majority of proxy contracts (like the aToken and stableDebtToken proxy)"},{"title":"Re-entrancy between `sync` and `setPause`/`wrap`","severity":"MEDIUM","mitigation":"Consider using the same strategy used in `WrapperProxy.sync()` in `VotingProxy.setPause()` and `VotingProxy.wrap()`.\n\nAdditional note: be aware that this re-entrancy issue can result in bypassing wrong addresses protections, as discussed in the Vulnerability section above.\n\n#"},{"title":"MEMO: Reentrancy possible when setting dynamic fees","severity":"MEDIUM","mitigation":"Add reentrancy guards to the affected functions `create()` and `addILO()`"},{"title":"Reentrancy can cause liquidation failure","severity":"MEDIUM","mitigation":"Add reentrancy guard to `LuckymanCrowdfundERC20LiquidationProxy._willProcessDelegateCall()` method that unregister the waiting flip, this is required to stop anyone from executing the function multiple times per flip liquidation callback."},{"title":"Re-entrancy is possible in PCAdmin when upgradeToAndCall is invoked","severity":"HIGH","mitigation":"Withdraw `msg.value` before calling `upgradeTo()`."},{"title":"Migrator doesn’t support admin initialization, Migratable.sol doesn’t have an upgrade function","severity":"MEDIUM","mitigation":"Ensure the slot to be checked already has a value stored in it."},{"title":"Proxy restriction bypass","severity":"MEDIUM","mitigation":"Forbid changing the admin of the factory to anyone except the deployer."},{"title":"FiatTokenProxy would not handle ERC20Recoverable contracts correctly","severity":"MEDIUM","mitigation":"FiatTokenProxy should inherit from InitializableAdminUpgradeabilityProxy as well.\n\nFurthermore, it should call generalAdmin with ownerAddress = msg.sender and pendingOwnerAddress = address(0), in order to restore the checks and balances."}]