{"reportContents":"# Function Description Report\n\n## Files Description Table\n\n\n|  File Name  |  SHA-1 Hash  |\n|-------------|--------------|\n\n\n## Contracts Description Table\n\n\n|  Contract  |         Type        |       Bases      |                  |                 |\n|:----------:|:-------------------:|:----------------:|:----------------:|:---------------:|\n|     └      |  **Function Name**  |  **Visibility**  |  **Mutability**  |  **Modifiers**  |\n||||||\n| **Proxy** | Implementation |  |||\n| └ | <Fallback> | External ❗️ |  💵 |NO❗️ |\n| └ | _implementation | Internal 🔒 |   | |\n| └ | _delegate | Internal 🔒 | 🛑  | |\n| └ | _willFallback | Internal 🔒 | 🛑  | |\n| └ | _fallback | Internal 🔒 | 🛑  | |\n||||||\n| **AddressUtils** | Library |  |||\n| └ | isContract | Internal 🔒 |   | |\n||||||\n| **UpgradeabilityProxy** | Implementation | Proxy |||\n| └ | <Constructor> | Public ❗️ | 🛑  |NO❗️ |\n| └ | _implementation | Internal 🔒 |   | |\n| └ | _upgradeTo | Internal 🔒 | 🛑  | |\n| └ | _setImplementation | Private 🔐 | 🛑  | |\n||||||\n| **AdminUpgradeabilityProxy** | Implementation | UpgradeabilityProxy |||\n| └ | <Constructor> | Public ❗️ | 🛑  | UpgradeabilityProxy |\n| └ | admin | External ❗️ |   | ifAdmin |\n| └ | implementation | External ❗️ |   | ifAdmin |\n| └ | changeAdmin | External ❗️ | 🛑  | ifAdmin |\n| └ | upgradeTo | External ❗️ | 🛑  | ifAdmin |\n| └ | upgradeToAndCall | External ❗️ |  💵 | ifAdmin |\n| └ | _admin | Internal 🔒 |   | |\n| └ | _setAdmin | Internal 🔒 | 🛑  | |\n| └ | _willFallback | Internal 🔒 | 🛑  | |\n||||||\n| **FiatTokenProxy** | Implementation | AdminUpgradeabilityProxy |||\n| └ | <Constructor> | Public ❗️ | 🛑  | AdminUpgradeabilityProxy |\n\n\n## Legend\n\n|  Symbol  |  Meaning  |\n|:--------:|-----------|\n|    🛑    | Function can modify state |\n|    💵    | Function is payable |\n","tableRows":[{"type":"contract","name":"Proxy","spec":"Implementation","mutating":null,"payable":null},{"type":"func","name":"<Fallback>","spec":"External ❗️","mutating":"","payable":"💵"},{"type":"func","name":"_implementation","spec":"Internal 🔒","mutating":"","payable":""},{"type":"func","name":"_delegate","spec":"Internal 🔒","mutating":"🛑","payable":""},{"type":"func","name":"_willFallback","spec":"Internal 🔒","mutating":"🛑","payable":""},{"type":"func","name":"_fallback","spec":"Internal 🔒","mutating":"🛑","payable":""},{"type":"contract","name":"AddressUtils","spec":"Library","mutating":null,"payable":null},{"type":"func","name":"isContract","spec":"Internal 🔒","mutating":"","payable":""},{"type":"contract","name":"UpgradeabilityProxy","spec":"Implementation","mutating":null,"payable":null},{"type":"func","name":"<Constructor>","spec":"Public ❗️","mutating":"🛑","payable":""},{"type":"func","name":"_implementation","spec":"Internal 🔒","mutating":"","payable":""},{"type":"func","name":"_upgradeTo","spec":"Internal 🔒","mutating":"🛑","payable":""},{"type":"func","name":"_setImplementation","spec":"Private 🔐","mutating":"🛑","payable":""},{"type":"contract","name":"AdminUpgradeabilityProxy","spec":"Implementation","mutating":null,"payable":null},{"type":"func","name":"<Constructor>","spec":"Public ❗️","mutating":"🛑","payable":""},{"type":"func","name":"admin","spec":"External ❗️","mutating":"","payable":""},{"type":"func","name":"implementation","spec":"External ❗️","mutating":"","payable":""},{"type":"func","name":"changeAdmin","spec":"External ❗️","mutating":"🛑","payable":""},{"type":"func","name":"upgradeTo","spec":"External ❗️","mutating":"🛑","payable":""},{"type":"func","name":"upgradeToAndCall","spec":"External ❗️","mutating":"","payable":"💵"},{"type":"func","name":"_admin","spec":"Internal 🔒","mutating":"","payable":""},{"type":"func","name":"_setAdmin","spec":"Internal 🔒","mutating":"🛑","payable":""},{"type":"func","name":"_willFallback","spec":"Internal 🔒","mutating":"🛑","payable":""},{"type":"contract","name":"FiatTokenProxy","spec":"Implementation","mutating":null,"payable":null},{"type":"func","name":"<Constructor>","spec":"Public ❗️","mutating":"🛑","payable":""}]}