{"data":{"tokens":[{"address":"0xa0b86991c6218b36c1d19d4a2e9eb0ce3606eb48","decimals":6,"id":"0xa0b86991c6218b36c1d19d4a2e9eb0ce3606eb48:1","name":"USD Coin","networkId":1,"symbol":"USDC","imageLargeUrl":null,"imageSmallUrl":null,"imageThumbUrl":null,"explorerData":{"id":"0xa0b86991c6218b36c1d19d4a2e9eb0ce3606eb48:1","blueCheckmark":true,"description":"USDC is a US dollar-backed stablecoin issued by Circle. USDC is designed to provide a faster, safer, and more efficient way to send, spend, and exchange money around the world.","divisor":"6","tokenPriceUSD":"1.000000000000000000","tokenType":"ERC20","__typename":"ExplorerTokenData"},"info":{"address":"0xa0b86991c6218b36c1d19d4a2e9eb0ce3606eb48","circulatingSupply":"24420900843","id":"0xa0b86991c6218b36c1d19d4a2e9eb0ce3606eb48:1","imageLargeUrl":"https://token-media.defined.fi/1_0xa0b86991c6218b36c1d19d4a2e9eb0ce3606eb48_large.png","imageSmallUrl":"https://token-media.defined.fi/1_0xa0b86991c6218b36c1d19d4a2e9eb0ce3606eb48_small.png","imageThumbUrl":"https://token-media.defined.fi/1_0xa0b86991c6218b36c1d19d4a2e9eb0ce3606eb48_thumb.png","isScam":null,"name":"USD Coin","networkId":1,"symbol":"USDC","totalSupply":"22215007278.425265","__typename":"TokenInfo"},"socialLinks":{"bitcointalk":"","blog":"https://www.circle.com/blog","coingecko":null,"coinmarketcap":null,"discord":"https://discord.com/invite/buildoncircle","email":"support@circle.com","facebook":"","github":"https://developers.circle.com/","instagram":null,"linkedin":"https://www.linkedin.com/company/circle-internet-financial/","reddit":"","slack":"","telegram":"","twitch":null,"twitter":"https://twitter.com/circle","website":"https://www.circle.com/en/usdc","wechat":"","whitepaper":"","youtube":null,"__typename":"SocialLinks"},"__typename":"EnhancedToken"}]}}