{"time":1702552958438,"data":{"code":1,"message":"OK","result":{"0xa0b86991c6218b36c1d19d4a2e9eb0ce3606eb48":{"buy_tax":"0","cannot_buy":"0","cannot_sell_all":"0","creator_address":"0x95ba4cf87d6723ad9c0db21737d862be80e93911","creator_balance":"2350.564131","creator_percent":"0.000000","dex":[{"liquidity_type":"UniV2","name":"UniswapV2","liquidity":"53142105.90421055","pair":"0xb4e16d0168e52d35cacd2c6185b44281ec28c9dc"},{"liquidity_type":"UniV3","name":"UniswapV3","liquidity":"45640953.49386357","pair":"0x5777d92f208679db4b9778590fa3cab3ac9e2168"},{"liquidity_type":"UniV3","name":"UniswapV3","liquidity":"34163493.26577732","pair":"0x88e6a0c2ddd26feeb64f039a2c41296fcb3f5640"},{"liquidity_type":"UniV3","name":"UniswapV3","liquidity":"30130675.33060749","pair":"0x8ad599c3a0ff1de082011efddc58f1908eb6e6d8"},{"liquidity_type":"UniV2","name":"UniswapV2","liquidity":"10839037.52452503","pair":"0xae461ca67b15dc8dc81ce7615e0320da1a9ab8d5"},{"liquidity_type":"UniV2","name":"SushiSwapV2","liquidity":"6261625.57179112","pair":"0x397ff1542f962076d0bfe58ea045ffa2d347aca0"},{"liquidity_type":"UniV2","name":"UniswapV2","liquidity":"2037957.75017500","pair":"0x3041cbd36888becc7bbcbc0045e3b1f144466f5f"},{"liquidity_type":"UniV2","name":"SushiSwapV2","liquidity":"12849.91457042","pair":"0xaaf5110db6e744ff70fb339de037b990a20bdace"},{"liquidity_type":"UniV2","name":"UniswapV2","liquidity":"4580.98921186","pair":"0xebfb684dd2b01e698ca6c14f10e4f289934a54d6"},{"liquidity_type":"UniV2","name":"SushiSwapV2","liquidity":"1768.35244114","pair":"0xba87dc891945dbb3caeeaf822de208d7ea89b298"},{"liquidity_type":"UniV2","name":"SushiSwapV2","liquidity":"871.67975300","pair":"0xd86a120a06255df8d4e2248ab04d4267e23adfaa"},{"liquidity_type":"UniV2","name":"UniswapV2","liquidity":"1.81079446","pair":"0x239650663a422273c0b2c7a1f1a8bdab69e78d1b"}],"holder_count":"1872554","holders":[{"address":"0xcee284f754e854890e311e3280b767f80797180d","tag":"","is_contract":1,"balance":"579123438.855559","percent":"0.026069802905227941","is_locked":0},{"address":"0x28c6c06298d514db089934071355e5743bf21d60","tag":"","is_contract":0,"balance":"447305042.528237","percent":"0.020135870031905557","is_locked":0},{"address":"0x47ac0fb4f2d84898e4d9e7b4dab3c24507a6d503","tag":"","is_contract":0,"balance":"422999999.84","percent":"0.019041754978062044","is_locked":0},{"address":"0x40ec5b33f54e0e8a33a975908c5ba1c14e5bbbdf","tag":"","is_contract":1,"balance":"382139620.782217","percent":"0.017202385411576605","is_locked":0},{"address":"0x0a59649758aa4d66e25f08dd01271e891fe52199","tag":"","is_contract":1,"balance":"349537397.813742","percent":"0.015734764745523019","is_locked":0},{"address":"0xd54f502e184b6b739d7d27a6410a67dc462d69c8","tag":"","is_contract":1,"balance":"348920052.813942","percent":"0.015706974362006306","is_locked":0},{"address":"0x5b541d54e79052b34188db9a43f7b00ea8e2c4b1","tag":"","is_contract":0,"balance":"330084063.265456","percent":"0.014859054036031660","is_locked":0},{"address":"0xda9ce944a37d218c3302f6b82a094844c6eceb17","tag":"","is_contract":0,"balance":"261000000","percent":"0.011749167969631348","is_locked":0},{"address":"0x51edf02152ebfb338e03e30d65c15fbf06cc9ecc","tag":"","is_contract":0,"balance":"230000000.000002","percent":"0.010353672923430014","is_locked":0},{"address":"0x7713974908be4bed47172370115e8b1219f4a5f0","tag":"","is_contract":0,"balance":"218307714.860457","percent":"0.009827333375332930","is_locked":0}],"honeypot_with_same_creator":"0","is_in_dex":"1","is_open_source":"1","is_proxy":"1","lp_holder_count":"2168","lp_holders":[{"address":"0x18498ab9931c671742c4ff0ca292c1876cab7384","tag":"","value":null,"is_contract":0,"balance":"0.140949565972867597","percent":"0.284661681071280917","NFT_list":null,"is_locked":0},{"address":"0x1a68f74f59405dcdb5dc994adab6c1708a3da898","tag":"","value":null,"is_contract":0,"balance":"0.091955506205427782","percent":"0.185713299643906138","NFT_list":null,"is_locked":0},{"address":"0xd7a51ff8357c210d11499e251b2849d1bb35cbc2","tag":"","value":null,"is_contract":0,"balance":"0.06420073742510455","percent":"0.129659780896126645","NFT_list":null,"is_locked":0},{"address":"0xb94d77f829dddc059f0e5a30140116801f3ee47a","tag":"","value":null,"is_contract":0,"balance":"0.037145026431735423","percent":"0.075018078945559786","NFT_list":null,"is_locked":0},{"address":"0xcc4ea98876f3ee733712ac64137c34e637fc2dae","tag":"","value":null,"is_contract":0,"balance":"0.035842062309165276","percent":"0.072386613180154148","NFT_list":null,"is_locked":0},{"address":"0x7fba4b8dc5e7616e59622806932dbea72537a56b","tag":"","value":null,"is_contract":1,"balance":"0.015430465389402196","percent":"0.031163361072746994","NFT_list":null,"is_locked":0},{"address":"0x8cdba7a500fd4d7b1b96d671373292f2fd49a320","tag":"","value":null,"is_contract":0,"balance":"0.011131855672935247","percent":"0.022481890791424006","NFT_list":null,"is_locked":0},{"address":"0x9cb4f2da14f6d816e1f111f3f3183aa41c4849f7","tag":"","value":null,"is_contract":0,"balance":"0.007282644915994437","percent":"0.014708026449909451","NFT_list":null,"is_locked":0},{"address":"0x9dd5b5c71842a4fd51533532e5470298bfa398fd","tag":"","value":null,"is_contract":1,"balance":"0.007198681238556654","percent":"0.014538453444108447","NFT_list":null,"is_locked":0},{"address":"0x0b6971e7d1edf1dfe4d501151d59a1f7ee30651e","tag":"","value":null,"is_contract":0,"balance":"0.007024960378978118","percent":"0.014187606872971837","NFT_list":null,"is_locked":0}],"lp_total_supply":"0.495147662454691319","owner_address":"","sell_tax":"0","token_name":"USD Coin","token_symbol":"USDC","total_supply":"22214338979.119161","trust_list":"1"}}}}