[{"type":"contract","name":"Proxy","bases":"","specs":"","line":12,"functions":[{"type":"func","name":"<Fallback>","spec":"[Ext]","payable":" ($)","modifiers":"","line":17},{"type":"func","name":"_implementation","spec":"[Int]","payable":"","modifiers":"","line":24},{"type":"func","name":"_delegate","spec":"[Int]","payable":"","modifiers":"","line":32},{"type":"func","name":"_willFallback","spec":"[Int]","payable":"","modifiers":"","line":58},{"type":"func","name":"_fallback","spec":"[Int]","payable":"","modifiers":"","line":65}]},{"type":"contract","name":"AddressUtils","bases":"","specs":"[Lib]","line":76,"functions":[{"type":"func","name":"isContract","spec":"[Int]","payable":"","modifiers":"","line":85}]},{"type":"contract","name":"UpgradeabilityProxy","bases":"(Proxy)","specs":"","line":108,"functions":[{"type":"func","name":"<Constructor>","spec":"[Pub]","payable":"","modifiers":"","line":126},{"type":"func","name":"_implementation","spec":"[Int]","payable":"","modifiers":"","line":136},{"type":"func","name":"_upgradeTo","spec":"[Int]","payable":"","modifiers":"","line":147},{"type":"func","name":"_setImplementation","spec":"[Prv]","payable":"","modifiers":"","line":156}]},{"type":"contract","name":"AdminUpgradeabilityProxy","bases":"(UpgradeabilityProxy)","specs":"","line":177,"functions":[{"type":"func","name":"<Constructor>","spec":"[Pub]","payable":"","modifiers":"UpgradeabilityProxy","line":210},{"type":"func","name":"admin","spec":"[Ext]","payable":"","modifiers":"ifAdmin","line":219},{"type":"func","name":"implementation","spec":"[Ext]","payable":"","modifiers":"ifAdmin","line":226},{"type":"func","name":"changeAdmin","spec":"[Ext]","payable":"","modifiers":"ifAdmin","line":235},{"type":"func","name":"upgradeTo","spec":"[Ext]","payable":"","modifiers":"ifAdmin","line":246},{"type":"func","name":"upgradeToAndCall","spec":"[Ext]","payable":" ($)","modifiers":"ifAdmin","line":260},{"type":"func","name":"_admin","spec":"[Int]","payable":"","modifiers":"","line":268},{"type":"func","name":"_setAdmin","spec":"[Int]","payable":"","modifiers":"","line":279},{"type":"func","name":"_willFallback","spec":"[Int]","payable":"","modifiers":"","line":290}]},{"type":"contract","name":"FiatTokenProxy","bases":"(AdminUpgradeabilityProxy)","specs":"","line":326,"functions":[{"type":"func","name":"<Constructor>","spec":"[Pub]","payable":"","modifiers":"AdminUpgradeabilityProxy","line":327}]}]