{"data":{"tokens":[{"address":"0x4a220e6096b25eadb88358cb44068a3248254675","decimals":18,"id":"0x4a220e6096b25eadb88358cb44068a3248254675:1","name":"Quant","networkId":1,"symbol":"QNT","imageLargeUrl":"https://token-media.defined.fi/1_0x4a220e6096b25eadb88358cb44068a3248254675_large.png","imageSmallUrl":"https://token-media.defined.fi/1_0x4a220e6096b25eadb88358cb44068a3248254675_small.png","imageThumbUrl":"https://token-media.defined.fi/1_0x4a220e6096b25eadb88358cb44068a3248254675_thumb.png","explorerData":{"id":"0x4a220e6096b25eadb88358cb44068a3248254675:1","blueCheckmark":true,"description":"Blockchain operating system that connects the world’s networks and facilitates the development of multi-chain applications.","divisor":"18","tokenPriceUSD":"115.300000000000000000","tokenType":"ERC20","__typename":"ExplorerTokenData"},"info":{"address":"0x4a220e6096b25eadb88358cb44068a3248254675","circulatingSupply":"14544176","id":"0x4a220e6096b25eadb88358cb44068a3248254675:1","imageLargeUrl":"https://token-media.defined.fi/1_0x4a220e6096b25eadb88358cb44068a3248254675_large.png","imageSmallUrl":"https://token-media.defined.fi/1_0x4a220e6096b25eadb88358cb44068a3248254675_small.png","imageThumbUrl":"https://token-media.defined.fi/1_0x4a220e6096b25eadb88358cb44068a3248254675_thumb.png","isScam":null,"name":"Quant","networkId":1,"symbol":"QNT","totalSupply":"45467000","__typename":"TokenInfo"},"socialLinks":{"bitcointalk":"","blog":"","coingecko":"https://www.coingecko.com/en/coins/quant","coinmarketcap":"https://coinmarketcap.com/currencies/quant/","discord":"","email":"contact@quant.network","facebook":"","github":"https://github.com/quantnetwork","instagram":null,"linkedin":"","reddit":"https://www.reddit.com/r/QuantNetwork/","slack":"","telegram":"https://t.me/QuantOverledger","twitch":null,"twitter":"https://twitter.com/quant_network","website":"https://www.quant.network/","wechat":"","whitepaper":"https://uploads-ssl.webflow.com/6006946fee85fda61f666256/60211c93f1cc59419c779c42_Quant_Overledger_Whitepaper_Sep_2019.pdf","youtube":null,"__typename":"SocialLinks"},"__typename":"EnhancedToken"}]}}