{"text":"The Quant (QNT) audit report affirms that it's not a honeypot or blacklisted, proving its integrity. With a balanced integration of external, internal, view and total functions, the token shows good design standards. There is one medium-severity issue, which requires immediate attention, while high-severity and low-severity issues are notably absent. QNT’s non-imposition of buy or sell tax favors investors, promoting more liquidity. It lacks antiwhale measures, posing a risk of market manipulation. The attribute of being mintable can increase token supply and dilute value, a potential downside. The wide base of over a thousand holders indicates its popularity, though its scanty LP holders may pose a liquidity threat. Its listing on a DEX and open-source access enhances its transparency and boosts confidence. In conclusion, QNT, despite minor issues, showcases promising attributes and utility, positioning it as a potential player in the ERC20 market.","table":{"token_name":"Quant","token_symbol":"QNT","is_honeypot":"0","blacklisted":"0","external_functions":16,"internal_functions":4,"private_functions":0,"view_functions":8,"pure_functions":0,"payable_functions":0,"total_functions":20,"number_of_medium_severity_issues":1,"number_of_high_severity_issues":0,"number_of_low_severity_issues":0,"is_antiwhale":"0","buy_tax":"0","holder_count":"150568","is_mintable":"1","is_in_dex":"1","is_open_source":"1","lp_holder_count":"5","total_supply":"45467000","sell_tax":"0"}}