[{"type":"contract","name":"ERC20Basic","bases":"","specs":"","line":8,"functions":[{"type":"func","name":"totalSupply","spec":"[Pub]","payable":"","modifiers":"","line":9},{"type":"func","name":"balanceOf","spec":"[Pub]","payable":"","modifiers":"","line":10},{"type":"func","name":"transfer","spec":"[Pub]","payable":"","modifiers":"","line":11}]},{"type":"contract","name":"SafeMath","bases":"","specs":"[Lib]","line":19,"functions":[{"type":"func","name":"mul","spec":"[Int]","payable":"","modifiers":"","line":24},{"type":"func","name":"div","spec":"[Int]","payable":"","modifiers":"","line":36},{"type":"func","name":"sub","spec":"[Int]","payable":"","modifiers":"","line":46},{"type":"func","name":"add","spec":"[Int]","payable":"","modifiers":"","line":54}]},{"type":"contract","name":"BasicToken","bases":"(ERC20Basic)","specs":"","line":65,"functions":[{"type":"func","name":"totalSupply","spec":"[Pub]","payable":"","modifiers":"","line":75},{"type":"func","name":"transfer","spec":"[Pub]","payable":"","modifiers":"","line":84},{"type":"func","name":"balanceOf","spec":"[Pub]","payable":"","modifiers":"","line":100}]},{"type":"contract","name":"ERC20","bases":"(ERC20Basic)","specs":"","line":110,"functions":[{"type":"func","name":"allowance","spec":"[Pub]","payable":"","modifiers":"","line":111},{"type":"func","name":"transferFrom","spec":"[Pub]","payable":"","modifiers":"","line":112},{"type":"func","name":"approve","spec":"[Pub]","payable":"","modifiers":"","line":113}]},{"type":"contract","name":"StandardToken","bases":"(ERC20, BasicToken)","specs":"","line":124,"functions":[{"type":"func","name":"<Constructor>","spec":"[Pub]","payable":"","modifiers":"","line":144},{"type":"func","name":"mint","spec":"[Pub]","payable":"","modifiers":"onlyCrowdsale","line":149},{"type":"func","name":"transferFrom","spec":"[Pub]","payable":"","modifiers":"","line":160},{"type":"func","name":"approve","spec":"[Pub]","payable":"","modifiers":"","line":182},{"type":"func","name":"allowance","spec":"[Pub]","payable":"","modifiers":"","line":194},{"type":"func","name":"increaseApproval","spec":"[Pub]","payable":"","modifiers":"","line":208},{"type":"func","name":"decreaseApproval","spec":"[Pub]","payable":"","modifiers":"","line":224}]}]