[{"title":"Integer overflows and underflows in ERC20Drop.increaseStuff and ERC20Drop.decreaseAllowanceOrThrow","severity":"MEDIUM","mitigation":"Change these lines in increments by including one more part:\n```rust\n        // both oldTotalSupply and newTotalSupply is safe, no overflow (oldTotalSupply+node.reward<=safeCap)\n        totalSupply256+= (oldTotalSupply+node.reward).toUint224() - oldTotalSupply;\n\n        // freePool.tokens will not overflow\n        freePool.tokens+= (oldFreePoolTotalSupply+node.reward).toUint224()-oldFreePoolTotalSupply;\n```"},{"title":"Integer underflow possible in SToken.sol and possible DOS on user using thesecoins","severity":"MEDIUM","mitigation":"```solidity\n    /**\n     * @dev Adds two numbers, reverts on overflow.\n     */\n    function add(uint256 a, uint256 b) internal pure returns (uint256) {\n        uint256 c = a + b;\n        require(c >= a, \"SafeMath: addition overflow\");\n\n        return c;\n    }\n\n    /**\n     * @dev Subtracts two numbers, reverts on underflow.\n     */\n    function sub(uint256 a, uint256 b) internal pure returns (uint256) {\n        return sub(a, b, \"SafeMath: subtraction underflow\");\n    }\n    \n```"}]