{"reportContents":"# Function Description Report\n\n## Files Description Table\n\n\n|  File Name  |  SHA-1 Hash  |\n|-------------|--------------|\n\n\n## Contracts Description Table\n\n\n|  Contract  |         Type        |       Bases      |                  |                 |\n|:----------:|:-------------------:|:----------------:|:----------------:|:---------------:|\n|     └      |  **Function Name**  |  **Visibility**  |  **Mutability**  |  **Modifiers**  |\n||||||\n| **SafeMath** | Library |  |||\n| └ | add | Internal 🔒 |   | |\n| └ | add | Internal 🔒 |   | |\n| └ | sub | Internal 🔒 |   | |\n| └ | sub | Internal 🔒 |   | |\n| └ | mul | Internal 🔒 |   | |\n| └ | mul | Internal 🔒 |   | |\n| └ | div | Internal 🔒 |   | |\n| └ | div | Internal 🔒 |   | |\n| └ | mod | Internal 🔒 |   | |\n| └ | mod | Internal 🔒 |   | |\n||||||\n| **Uni** | Implementation |  |||\n| └ | <Constructor> | Public ❗️ | 🛑  |NO❗️ |\n| └ | setMinter | External ❗️ | 🛑  |NO❗️ |\n| └ | mint | External ❗️ | 🛑  |NO❗️ |\n| └ | allowance | External ❗️ |   |NO❗️ |\n| └ | approve | External ❗️ | 🛑  |NO❗️ |\n| └ | permit | External ❗️ | 🛑  |NO❗️ |\n| └ | balanceOf | External ❗️ |   |NO❗️ |\n| └ | transfer | External ❗️ | 🛑  |NO❗️ |\n| └ | transferFrom | External ❗️ | 🛑  |NO❗️ |\n| └ | delegate | Public ❗️ | 🛑  |NO❗️ |\n| └ | delegateBySig | Public ❗️ | 🛑  |NO❗️ |\n| └ | getCurrentVotes | External ❗️ |   |NO❗️ |\n| └ | getPriorVotes | Public ❗️ |   |NO❗️ |\n| └ | _delegate | Internal 🔒 | 🛑  | |\n| └ | _transferTokens | Internal 🔒 | 🛑  | |\n| └ | _moveDelegates | Internal 🔒 | 🛑  | |\n| └ | _writeCheckpoint | Internal 🔒 | 🛑  | |\n| └ | safe32 | Internal 🔒 |   | |\n| └ | safe96 | Internal 🔒 |   | |\n| └ | add96 | Internal 🔒 |   | |\n| └ | sub96 | Internal 🔒 |   | |\n| └ | getChainId | Internal 🔒 |   | |\n\n\n## Legend\n\n|  Symbol  |  Meaning  |\n|:--------:|-----------|\n|    🛑    | Function can modify state |\n|    💵    | Function is payable |\n","tableRows":[{"type":"contract","name":"SafeMath","spec":"Library","mutating":null,"payable":null},{"type":"func","name":"add","spec":"Internal 🔒","mutating":"","payable":""},{"type":"func","name":"add","spec":"Internal 🔒","mutating":"","payable":""},{"type":"func","name":"sub","spec":"Internal 🔒","mutating":"","payable":""},{"type":"func","name":"sub","spec":"Internal 🔒","mutating":"","payable":""},{"type":"func","name":"mul","spec":"Internal 🔒","mutating":"","payable":""},{"type":"func","name":"mul","spec":"Internal 🔒","mutating":"","payable":""},{"type":"func","name":"div","spec":"Internal 🔒","mutating":"","payable":""},{"type":"func","name":"div","spec":"Internal 🔒","mutating":"","payable":""},{"type":"func","name":"mod","spec":"Internal 🔒","mutating":"","payable":""},{"type":"func","name":"mod","spec":"Internal 🔒","mutating":"","payable":""},{"type":"contract","name":"Uni","spec":"Implementation","mutating":null,"payable":null},{"type":"func","name":"<Constructor>","spec":"Public ❗️","mutating":"🛑","payable":""},{"type":"func","name":"setMinter","spec":"External ❗️","mutating":"🛑","payable":""},{"type":"func","name":"mint","spec":"External ❗️","mutating":"🛑","payable":""},{"type":"func","name":"allowance","spec":"External ❗️","mutating":"","payable":""},{"type":"func","name":"approve","spec":"External ❗️","mutating":"🛑","payable":""},{"type":"func","name":"permit","spec":"External ❗️","mutating":"🛑","payable":""},{"type":"func","name":"balanceOf","spec":"External ❗️","mutating":"","payable":""},{"type":"func","name":"transfer","spec":"External ❗️","mutating":"🛑","payable":""},{"type":"func","name":"transferFrom","spec":"External ❗️","mutating":"🛑","payable":""},{"type":"func","name":"delegate","spec":"Public ❗️","mutating":"🛑","payable":""},{"type":"func","name":"delegateBySig","spec":"Public ❗️","mutating":"🛑","payable":""},{"type":"func","name":"getCurrentVotes","spec":"External ❗️","mutating":"","payable":""},{"type":"func","name":"getPriorVotes","spec":"Public ❗️","mutating":"","payable":""},{"type":"func","name":"_delegate","spec":"Internal 🔒","mutating":"🛑","payable":""},{"type":"func","name":"_transferTokens","spec":"Internal 🔒","mutating":"🛑","payable":""},{"type":"func","name":"_moveDelegates","spec":"Internal 🔒","mutating":"🛑","payable":""},{"type":"func","name":"_writeCheckpoint","spec":"Internal 🔒","mutating":"🛑","payable":""},{"type":"func","name":"safe32","spec":"Internal 🔒","mutating":"","payable":""},{"type":"func","name":"safe96","spec":"Internal 🔒","mutating":"","payable":""},{"type":"func","name":"add96","spec":"Internal 🔒","mutating":"","payable":""},{"type":"func","name":"sub96","spec":"Internal 🔒","mutating":"","payable":""},{"type":"func","name":"getChainId","spec":"Internal 🔒","mutating":"","payable":""}]}