{"data":{"tokens":[{"address":"0x1f9840a85d5af5bf1d1762f925bdaddc4201f984","decimals":18,"id":"0x1f9840a85d5af5bf1d1762f925bdaddc4201f984:1","name":"Uniswap","networkId":1,"symbol":"UNI","imageLargeUrl":"https://token-media.defined.fi/1_0x1f9840a85d5af5bf1d1762f925bdaddc4201f984_large.png","imageSmallUrl":"https://token-media.defined.fi/1_0x1f9840a85d5af5bf1d1762f925bdaddc4201f984_small.png","imageThumbUrl":"https://token-media.defined.fi/1_0x1f9840a85d5af5bf1d1762f925bdaddc4201f984_thumb.png","explorerData":{"id":"0x1f9840a85d5af5bf1d1762f925bdaddc4201f984:1","blueCheckmark":false,"description":null,"divisor":null,"tokenPriceUSD":null,"tokenType":null,"__typename":"ExplorerTokenData"},"info":{"address":"0x1f9840a85d5af5bf1d1762f925bdaddc4201f984","circulatingSupply":"753766667","id":"0x1f9840a85d5af5bf1d1762f925bdaddc4201f984:1","imageLargeUrl":"https://token-media.defined.fi/1_0x1f9840a85d5af5bf1d1762f925bdaddc4201f984_large.png","imageSmallUrl":"https://token-media.defined.fi/1_0x1f9840a85d5af5bf1d1762f925bdaddc4201f984_small.png","imageThumbUrl":"https://token-media.defined.fi/1_0x1f9840a85d5af5bf1d1762f925bdaddc4201f984_thumb.png","isScam":null,"name":"Uniswap","networkId":1,"symbol":"UNI","totalSupply":"1000000000","__typename":"TokenInfo"},"socialLinks":{"bitcointalk":null,"blog":null,"coingecko":"https://www.coingecko.com/en/coins/uniswap","coinmarketcap":"https://coinmarketcap.com/currencies/uniswap/","discord":null,"email":null,"facebook":null,"github":null,"instagram":null,"linkedin":null,"reddit":null,"slack":null,"telegram":null,"twitch":null,"twitter":null,"website":null,"wechat":null,"whitepaper":null,"youtube":null,"__typename":"SocialLinks"},"__typename":"EnhancedToken"}]}}