{"time":1702662298442,"data":{"code":1,"message":"OK","result":{"0x1f9840a85d5af5bf1d1762f925bdaddc4201f984":{"anti_whale_modifiable":"0","buy_tax":"0.0001","can_take_back_ownership":"0","cannot_buy":"0","cannot_sell_all":"0","creator_address":"0x41653c7d61609d856f29355e404f310ec4142cfb","creator_balance":"0.002758162612694493","creator_percent":"0.000000","dex":[{"liquidity_type":"UniV3","name":"UniswapV3","liquidity":"9370968.75834389","pair":"0x1d42064fc4beb5f8aaf85f4617ae8b3b5b8bd801"},{"liquidity_type":"UniV2","name":"UniswapV2","liquidity":"2089867.91967631","pair":"0xd3d2e2692501a5c9ca623199d38826e513033a17"},{"liquidity_type":"UniV2","name":"SushiSwapV2","liquidity":"135447.06099867","pair":"0xdafd66636e2561b0284edde37e42d192f2844d40"},{"liquidity_type":"UniV2","name":"UniswapV2","liquidity":"8826.85866188","pair":"0xf00e80f0de9aea0b33aa229a4014572777e422ee"},{"liquidity_type":"UniV2","name":"UniswapV2","liquidity":"4286.22383690","pair":"0xebfb684dd2b01e698ca6c14f10e4f289934a54d6"},{"liquidity_type":"UniV3","name":"UniswapV3","liquidity":"4071.80386439","pair":"0x360b9726186c0f62cc719450685ce70280774dc8"},{"liquidity_type":"UniV2","name":"UniswapV2","liquidity":"2679.40236200","pair":"0x5ac13261c181a9c3938bfe1b649e65d10f98566b"},{"liquidity_type":"UniV3","name":"UniswapV3","liquidity":"487.41835247","pair":"0x7cf70ed6213f08b70316bd80f7c2dddc94e41ac5"},{"liquidity_type":"UniV2","name":"SushiSwapV2","liquidity":"164.27070528","pair":"0xb8b3662413d35a3f2cd1ebe069873f69ce5cfa8b"},{"liquidity_type":"UniV2","name":"UniswapV2","liquidity":"61.53782882","pair":"0x6580e58ded2b562cf5dfa361956f6854f5cab507"},{"liquidity_type":"UniV2","name":"SushiSwapV2","liquidity":"29.10019952","pair":"0xd9cedc999be891d7fc65996c708fd827959f4c8a"},{"liquidity_type":"UniV2","name":"SushiSwapV2","liquidity":"8.72506800","pair":"0x8b79c78f7aa289a7e9bde311a21ffdba4ab493e3"}],"external_call":"0","hidden_owner":"0","holder_count":"374267","holders":[{"address":"0x1a9c8182c09f50c8318d769245bea52c32be35bc","tag":"","is_contract":1,"balance":"367280514.128914256732475899","percent":"0.367280514128914256","is_locked":0},{"address":"0x3d30b1ab88d487b0f3061f40de76845bec3f1e94","tag":"","is_contract":1,"balance":"34532470.1610857432775241","percent":"0.034532470161085743","is_locked":0},{"address":"0x47173b170c64d16393a52e6c480b3ad8c302ba1e","tag":"","is_contract":0,"balance":"23047480.513198522","percent":"0.023047480513198522","is_locked":0},{"address":"0xf977814e90da44bfa03b6295a0616a897441acec","tag":"","is_contract":0,"balance":"20281270.379","percent":"0.020281270379000000","is_locked":0},{"address":"0x6cc5f688a315f3dc28a7781717a9a798a59fda7b","tag":"","is_contract":0,"balance":"13477308.749903297678149589","percent":"0.013477308749903297","is_locked":0},{"address":"0x7d2d43e63666f45b40316b44212325625dbaeb40","tag":"","is_contract":0,"balance":"13254688.0051544","percent":"0.013254688005154400","is_locked":0},{"address":"0x090d4613473dee047c3f2706764f49e0821d256e","tag":"","is_contract":1,"balance":"13151183.370642843","percent":"0.013151183370642843","is_locked":0},{"address":"0x0ec9e8aa56e0425b60dee347c8efbad959579d0f","tag":"","is_contract":0,"balance":"13109691.35566091","percent":"0.013109691355660910","is_locked":0},{"address":"0x878f0822a9e77c1dd7883e543747147be8d63c3b","tag":"","is_contract":0,"balance":"11674069.64405189","percent":"0.011674069644051890","is_locked":0},{"address":"0xa4c9492d5f1578911756a4f8463b45482deae37a","tag":"","is_contract":0,"balance":"9479924.874401289","percent":"0.009479924874401289","is_locked":0}],"honeypot_with_same_creator":"0","is_anti_whale":"1","is_blacklisted":"0","is_honeypot":"0","is_in_dex":"1","is_mintable":"0","is_open_source":"1","is_proxy":"0","is_whitelisted":"0","lp_holder_count":"24","lp_holders":[{"address":"0xff943bbba24d941792bd6399c963b2e65c266043","tag":"","value":"0.0","is_contract":0,"balance":"2854.473122397462837771","percent":"0.836686344650604417","NFT_list":[{"value":"0.0","NFT_id":"10122","amount":"2854.473122397462837771","in_effect":"0","NFT_percentage":"0.836686344650604417"}],"is_locked":0},{"address":"0x5f79e2f0b60f70de1c3e337ba6fa8476a8ae2249","tag":"","value":"0.0","is_contract":0,"balance":"256.647943646281308198","percent":"0.075227133212992794","NFT_list":[{"value":"0.0","NFT_id":"10205","amount":"256.647943646281308198","in_effect":"0","NFT_percentage":"0.075227133212992794"}],"is_locked":0},{"address":"0x5f0d36f022f8d62ea58bb08c0aba234466436296","tag":"","value":"0.0","is_contract":0,"balance":"209.732320839030542316","percent":"0.061475502256791621","NFT_list":[{"value":"0.0","NFT_id":"10085","amount":"209.732320839030542316","in_effect":"0","NFT_percentage":"0.061475502256791621"}],"is_locked":0},{"address":"0xd14c1f97eda84a43c7e8e4deed31d8b0ccff7100","tag":"","value":"0.0","is_contract":0,"balance":"26.235075938168668732","percent":"0.007689870896349933","NFT_list":[{"value":"0.0","NFT_id":"10181","amount":"26.235075938168668732","in_effect":"0","NFT_percentage":"0.007689870896349933"}],"is_locked":0},{"address":"0x1f7f45c9f9b06fbdce26a0d02fd72a72daefb7d3","tag":"","value":"0.0","is_contract":0,"balance":"22.556865120692253234","percent":"0.006611735411527479","NFT_list":[{"value":"0.0","NFT_id":"1007","amount":"22.556865120692253234","in_effect":"0","NFT_percentage":"0.006611735411527479"}],"is_locked":0},{"address":"0xf6108a6e240f64167f86c1b399da89066adbfb0b","tag":"","value":"0.0","is_contract":0,"balance":"14.282388154640564245","percent":"0.004186369471908231","NFT_list":[{"value":"0.0","NFT_id":"1009","amount":"14.282388154640564245","in_effect":"0","NFT_percentage":"0.004186369471908231"}],"is_locked":0},{"address":"0x1dde3555f61fb2d9ef2eb1b98927145aed8a721c","tag":"","value":"0.0","is_contract":0,"balance":"7.722662257079040248","percent":"0.002263621263114119","NFT_list":[{"value":"0.0","NFT_id":"10060","amount":"7.722662257079040248","in_effect":"0","NFT_percentage":"0.002263621263114119"}],"is_locked":0},{"address":"0x7927ed16f987645f2ae8d3b9115455ed70b1d543","tag":"","value":"0.0","is_contract":0,"balance":"7.621989899326750078","percent":"0.002234112774715960","NFT_list":[{"value":"0.0","NFT_id":"102315","amount":"7.621989899326750078","in_effect":"0","NFT_percentage":"0.002234112774715960"}],"is_locked":0},{"address":"0x78019afaa3c9b577370dae4fa4d27ba4dd7df63f","tag":"","value":"0.0","is_contract":0,"balance":"4.752426311184394941","percent":"0.001393003201650942","NFT_list":[{"value":"0.0","NFT_id":"100765","amount":"4.752426311184394941","in_effect":"0","NFT_percentage":"0.001393003201650942"}],"is_locked":0},{"address":"0x70645bd59f28eba04f26db617fd41a8bed204066","tag":"","value":"0.0","is_contract":0,"balance":"2.770329564394967804","percent":"0.000812022680656503","NFT_list":[{"value":"0.0","NFT_id":"100154","amount":"2.770329564394967804","in_effect":"0","NFT_percentage":"0.000812022680656503"}],"is_locked":0},{"address":"0x1d668ee59822fa98ce20d9f3204ce11e294590db","tag":"","value":"0.0","is_contract":0,"balance":"1.245414981859156027","percent":"0.000365048702182084","NFT_list":[{"value":"0.0","NFT_id":"10219","amount":"1.245414981859156027","in_effect":"0","NFT_percentage":"0.000365048702182084"}],"is_locked":0},{"address":"0x06470574d73fa9df2ac94953926ce852c662d38a","tag":"","value":"0.0","is_contract":0,"balance":"1.145238081049569307","percent":"0.000335685439204011","NFT_list":[{"value":"0.0","NFT_id":"101519","amount":"1.145238081049569307","in_effect":"0","NFT_percentage":"0.000335685439204011"}],"is_locked":0},{"address":"0x952c7b49a1ed86dd6fdaf883675402d652c6ecfb","tag":"","value":"0.0","is_contract":0,"balance":"0.53669844557263705","percent":"0.000157313886434032","NFT_list":[{"value":"0.0","NFT_id":"10187","amount":"0.53669844557263705","in_effect":"0","NFT_percentage":"0.000157313886434032"}],"is_locked":0},{"address":"0x50ec05ade8280758e2077fcbc08d878d4aef79c3","tag":"","value":"0.0","is_contract":0,"balance":"0.383995753785830744","percent":"0.000112554573057803","NFT_list":[{"value":"0.0","NFT_id":"1","amount":"0.383995753785830744","in_effect":"0","NFT_percentage":"0.000112554573057803"}],"is_locked":0},{"address":"0xb4bdd7c63df904743a8b1beabd05c0e2be32b27f","tag":"","value":"0.0","is_contract":0,"balance":"0.317036777221328884","percent":"0.000092927952332699","NFT_list":[{"value":"0.0","NFT_id":"100628","amount":"0.317036777221328884","in_effect":"0","NFT_percentage":"0.000092927952332699"}],"is_locked":0},{"address":"0xdbbd6c1434524342aa0ed410ead129ba0f08ddfb","tag":"","value":"12.6972626465810795106","is_contract":0,"balance":"0.299639527792036434","percent":"0.000087828573075015","NFT_list":[{"value":"12.6972626465810795106","NFT_id":"10002","amount":"0.299639527792036434","in_effect":"0","NFT_percentage":"0.000087828573075015"}],"is_locked":0},{"address":"0xead16b1ccf53a8fec9b04388db5f0ab4d6867bdf","tag":"","value":"0.0","is_contract":0,"balance":"0.160832493683641448","percent":"0.000047142273011905","NFT_list":[{"value":"0.0","NFT_id":"10003","amount":"0.160832493683641448","in_effect":"0","NFT_percentage":"0.000047142273011905"}],"is_locked":0},{"address":"0x34191fb0925f866e40fbececf5bbbfd5e5186f0d","tag":"","value":"0.0","is_contract":0,"balance":"0.158024299215735831","percent":"0.000046319151593811","NFT_list":[{"value":"0.0","NFT_id":"100678","amount":"0.158024299215735831","in_effect":"0","NFT_percentage":"0.000046319151593811"}],"is_locked":0},{"address":"0xf1ff481ee833785f6386d8a65af39cccd2285327","tag":"","value":"5.5821349499477972566","is_contract":0,"balance":"0.138402895201008941","percent":"0.000040567841247541","NFT_list":[{"value":"5.5821349499477972566","NFT_id":"10161","amount":"0.138402895201008941","in_effect":"0","NFT_percentage":"0.000040567841247541"}],"is_locked":0},{"address":"0xf01878f18efe98808b94a9a7206645cd79316176","tag":"","value":"5.3017603130835031217","is_contract":0,"balance":"0.127139409511076881","percent":"0.000037266354680374","NFT_list":[{"value":"5.3017603130835031217","NFT_id":"10200","amount":"0.127139409511076881","in_effect":"0","NFT_percentage":"0.000037266354680374"}],"is_locked":0},{"address":"0x65eac6aa92ff49a27b3e73a1fe8fae9e5a2a726f","tag":"","value":"0.0","is_contract":0,"balance":"0.126253283633974956","percent":"0.000037006618683845","NFT_list":[{"value":"0.0","NFT_id":"102473","amount":"0.126253283633974956","in_effect":"0","NFT_percentage":"0.000037006618683845"}],"is_locked":0},{"address":"0x9b7f3219d9e6625b010cd8f73abeb93bb0fbcfea","tag":"","value":"0.0","is_contract":0,"balance":"0.094915794901296308","percent":"0.000027821158609779","NFT_list":[{"value":"0.0","NFT_id":"101014","amount":"0.094915794901296308","in_effect":"0","NFT_percentage":"0.000027821158609779"}],"is_locked":0},{"address":"0x899a0b324a560010d700dbb376640336e02132aa","tag":"","value":"0.0","is_contract":0,"balance":"0.08502191374094957","percent":"0.000024921122453368","NFT_list":[{"value":"0.0","NFT_id":"10041","amount":"0.08502191374094957","in_effect":"0","NFT_percentage":"0.000024921122453368"}],"is_locked":0},{"address":"0xfc1d225191bc5f574609e3ccec97d33c30e0ee6e","tag":"","value":"1.2447629922060809357","is_contract":0,"balance":"0.02688554693161695","percent":"0.000007880533121732","NFT_list":[{"value":"1.2447629922060809357","NFT_id":"10006","amount":"0.02688554693161695","in_effect":"0","NFT_percentage":"0.000007880533121732"}],"is_locked":0}],"lp_total_supply":"3411.640623332361186898","owner_address":"0x1a9c8182c09f50c8318d769245bea52c32be35bc","owner_balance":"367280514.128914256732475899","owner_change_balance":"0","owner_percent":"0.367281","personal_slippage_modifiable":"0","selfdestruct":"0","sell_tax":"0","slippage_modifiable":"0","token_name":"Uniswap","token_symbol":"UNI","total_supply":"1000000000","trading_cooldown":"0","transfer_pausable":"0","trust_list":"1"}}}}