{"text":"In concluding the audit of the Uniswap cryptocurrency asset, labeled as UNI, several key findings are noted. This cryptocurrency demonstrates several standard features prevalent in this market while also boasting some more favourable attributes. One of the primary appeals of UNI is that there are no sell taxes imposed, an advantage for many potential investors. In combination with a routine buy tax of 0.01%, the trade environment surrounding this token is considered normal.\n\nIn terms of security measures, Uniswap is not a honeypot scheme and also features antiwhale systems, reinforcing fairness and stability within the market. Furthermore, it's not mintable, which effectively retains the scarcity of the token and consequently its value. This allows any trading to take place unrestrictedly with no blacklisting procedures installed, broadening its accessibility for potential investors.\n\nThe presence of Uniswap on a decentralized exchange (dex) adds credibility to its status, which is further bolstered by its expansive community of over 374, 267 holders. This widespread adoption, in tandem with more than 24 Liquidity Provider (LP) holders, paints a positive picture for the currency’s acceptability and use.\n\nHowever, amidst these positives, the audit did reveal some areas of concern; two issues of medium severity were detected. While no high or low severity issues surfaced, these findings call for increased vigilance to boost the security and trustworthiness of the codebase. This audit therefore underscores the potential of Uniswap (UNI), whilst highlighting the importance of ongoing scrutiny in ensuring this token’s integrity and investor protection.","table":{"token_name":"Uniswap","token_symbol":"UNI","is_honeypot":"0","blacklisted":"0","external_functions":4,"internal_functions":19,"private_functions":0,"view_functions":19,"pure_functions":0,"payable_functions":0,"total_functions":32,"number_of_medium_severity_issues":2,"number_of_high_severity_issues":0,"number_of_low_severity_issues":0,"is_antiwhale":"1","buy_tax":"0.0001","holder_count":"374267","is_mintable":"0","is_in_dex":"1","is_open_source":"1","lp_holder_count":"24","total_supply":"1000000000","sell_tax":"0"}}