[{"type":"contract","name":"SafeMath","bases":"","specs":"[Lib]","line":28,"functions":[{"type":"func","name":"add","spec":"[Int]","payable":"","modifiers":"","line":37},{"type":"func","name":"add","spec":"[Int]","payable":"","modifiers":"","line":52},{"type":"func","name":"sub","spec":"[Int]","payable":"","modifiers":"","line":67},{"type":"func","name":"sub","spec":"[Int]","payable":"","modifiers":"","line":79},{"type":"func","name":"mul","spec":"[Int]","payable":"","modifiers":"","line":94},{"type":"func","name":"mul","spec":"[Int]","payable":"","modifiers":"","line":116},{"type":"func","name":"div","spec":"[Int]","payable":"","modifiers":"","line":141},{"type":"func","name":"div","spec":"[Int]","payable":"","modifiers":"","line":156},{"type":"func","name":"mod","spec":"[Int]","payable":"","modifiers":"","line":176},{"type":"func","name":"mod","spec":"[Int]","payable":"","modifiers":"","line":191}]},{"type":"contract","name":"Uni","bases":"","specs":"","line":197,"functions":[{"type":"func","name":"<Constructor>","spec":"[Pub]","payable":"","modifiers":"","line":276},{"type":"func","name":"setMinter","spec":"[Ext]","payable":"","modifiers":"","line":290},{"type":"func","name":"mint","spec":"[Ext]","payable":"","modifiers":"","line":301},{"type":"func","name":"allowance","spec":"[Ext]","payable":"","modifiers":"","line":328},{"type":"func","name":"approve","spec":"[Ext]","payable":"","modifiers":"","line":340},{"type":"func","name":"permit","spec":"[Ext]","payable":"","modifiers":"","line":364},{"type":"func","name":"balanceOf","spec":"[Ext]","payable":"","modifiers":"","line":390},{"type":"func","name":"transfer","spec":"[Ext]","payable":"","modifiers":"","line":400},{"type":"func","name":"transferFrom","spec":"[Ext]","payable":"","modifiers":"","line":413},{"type":"func","name":"delegate","spec":"[Pub]","payable":"","modifiers":"","line":433},{"type":"func","name":"delegateBySig","spec":"[Pub]","payable":"","modifiers":"","line":446},{"type":"func","name":"getCurrentVotes","spec":"[Ext]","payable":"","modifiers":"","line":462},{"type":"func","name":"getPriorVotes","spec":"[Pub]","payable":"","modifiers":"","line":474},{"type":"func","name":"_delegate","spec":"[Int]","payable":"","modifiers":"","line":508},{"type":"func","name":"_transferTokens","spec":"[Int]","payable":"","modifiers":"","line":518},{"type":"func","name":"_moveDelegates","spec":"[Int]","payable":"","modifiers":"","line":529},{"type":"func","name":"_writeCheckpoint","spec":"[Int]","payable":"","modifiers":"","line":547},{"type":"func","name":"safe32","spec":"[Int]","payable":"","modifiers":"","line":560},{"type":"func","name":"safe96","spec":"[Int]","payable":"","modifiers":"","line":565},{"type":"func","name":"add96","spec":"[Int]","payable":"","modifiers":"","line":570},{"type":"func","name":"sub96","spec":"[Int]","payable":"","modifiers":"","line":576},{"type":"func","name":"getChainId","spec":"[Int]","payable":"","modifiers":"","line":581}]}]