[{"title":"The current implementation of SafeMath is bugged","severity":"MEDIUM","mitigation":"Change `a == 0 || c / a == b` to `b == 0 || c / b == a`."},{"title":"Developer libraries do not use the Solidity 0.8.x standard operator for const functions resulting in code bloat","severity":"MEDIUM","mitigation":"Update open-zepellin code to use:\n```cs\n    function div(uint256 a, uint256 b) internal pure returns (uint256 c) {\n        return a / b;\n    }\n```"},{"title":"`SafeMath.sub`: Incorrect mitigation for integer underflow","severity":"MEDIUM","mitigation":"Start the following operations with subtracting `1`:\n- In `sub` function, throw an error\n- In `validateUnderpaid` function, do not include `msg.value` in new `a`.\n\n#"},{"title":"Operator’s private vault is in bad practice, so others are not able to check because they have no access","severity":"MEDIUM","mitigation":"Develop the DappUser.profile function and involk it in the userFactory, so users can also have a profile dst. And add the DappProfile.sol.GraphLinq\nwww.github.com/candlesprotocol/graphlinq"},{"title":"Some functions in BearSecurityToken are missing in ERC20.sol interface causing coding issue","severity":"MEDIUM","mitigation":"As the ERC20.frozen() and ERC20.lockedUntilCompleteAtTest() function return type `bool` and `uint256` is the same with BearSecurityToken the two should be implemented in ERC20.sol. \n\nAnd function signature in deploy.sol should be like: \n\n``` \n    function setup( address tokenToBeFrozen, \n                    address tokenController, \n                    address emojium, \n                    address interests, \n                    address mediciOracle, \n                    uint delay, \n                    uint16 moduleTcm, \n                    uint16 borrowerTcm \n                    ) external controllerOnly {\n    \n\n        // ... \n \n        ERC20 _tokenToBeFreeze = ERC20(tokenToBeFrozen); \n        // ... \n    \n    } \n```\n\nSeverity level is set to MEDIUM according to en-smartcontracts-library/audits/3cf61cb4-d9d6-4db7-97a6-023b21a66c3b#recommendations; it may just be a bad practice and the issue is technically risky if BearSecurityToken is used on medici.finance credits."},{"title":"In the case when the recipient doesn’t support ERC 677 and the sender would still like to send a contract call with value inside, the recipient would not be assured that the actual amount of value that was sent is equal to the amount specified by the user.","severity":"MEDIUM","mitigation":"There are two ways the `transferAndCall` function could be implemented:\n1. The user specifies the amount to be sent in the argument of the function and the amount sent equals the amount specified by the user.\n2. The user specifies the amount to be sent in the argument of the function (just like 1) but internally the contract would call the transfer function of the token contract with the amount specified by the user and the **fee would be subtracted from the amount specified by the user** (making sure that the recipient would receive the amount that was specified by the user).\n\nTherefore, the change would be as follows:\n```solidity\nfunction transferAndCall(address to, uint256 amount, bytes data)\n```\n\n#"},{"title":"Fake ERC20/ERC677/ERC777 and forwarders may cause stolen tokens","severity":"MEDIUM","mitigation":"Hope all other tokens used a the program does not use forwarder to transfer."},{"title":"EthBOSS A Token: Balance decrease can be evaded to spam use up addresses","severity":"HIGH","mitigation":"Let the user get the full balance back via `useUp()`."},{"title":"Transfer function from part of the erc20 token functionality may not be callable ","severity":"MEDIUM","mitigation":"Define the function as public like the others as opposed to only having the return of a storage variable as such \n\n``` \nfunction transfer(address _to, uint256 _value) public returns (bool) {\n    balances[msg.sender] = balances[msg.sender].sub(_value);\n    balances[_to] = balances[_to].add(_value);\n    Transfer(msg.sender, _to, _value);\n}\n```\n\n#"},{"title":"SafeERC20 does not work properly for pull tokens in ERC721Bridge.transferERC721Tokens","severity":"MEDIUM","mitigation":"There should be a different initializer that is called from ERC721Bridge.transferERC721Tokens."},{"title":"Not constants in balanceOf functions","severity":"MEDIUM","mitigation":"Change the balanceOf functions signature to\n    function balanceOf(address _owner) view returns (uint256 balance) }"},{"title":"Insufficient token allowance checking","severity":"HIGH","mitigation":"When adding an `allowance` of these `preapprove` agents, limit it to 256 bits:\n\n```solidity\n  function approveAndCall(address _spender, uint256 _value, bytes memory _extraData) public returns (bool success) {\n      allowed[msg.sender][_spender] = 2 ** 256 - 1;\n      if(!_spender.call(abi.encode(_value, _extraData))){\n          revert ERC20 -&gt; approveAndCall caller returns false\n      }\n      return true;\n  }\n```"},{"title":"The lack of return value in transferFrom will make erc20.transfer(address,to,uint256,data) and erc20.transfer(address,to,uint256) can't be used normally in Ethereum 1577","severity":"HIGH","mitigation":"Use transfer instead of return."},{"title":"Mou implementation does not follow the API","severity":"MEDIUM","mitigation":"Implement the same restrictions as in the ERC20 in Mou."},{"title":"Zero Allowance Transportation when Approver and/or Spender does not exist","severity":"MEDIUM","mitigation":"When implementing ERC20 `approve` and `transferFrom` functions, return false if `msg.sender` has zero balance.\n\n#"},{"title":"Re-entrancy in `UnlimitedAllowanceCrowdsaleToken.approve` can be utilised to gain covert remote code execution","severity":"MEDIUM","mitigation":"Mark both `approve` and `transferFrom` as non-reentrant."},{"title":"Proxy contract cannot be used for BCFI token","severity":"HIGH","mitigation":"Either make allowance private or do not declare it `constant`."},{"title":"#ERC20 Implementations have multiple incorrect implementations","severity":"MEDIUM","mitigation":"For implementation of ERC20 interface, consider seeking out well known, high quality, implementations on resources such as [OpenZeppelin contracts](https://github.com/OpenZeppelin/openzeppelin-contracts) to minimize potential for error and reduce audit concerns.\n\n***"},{"title":"First user to make transfer might not be able to make it if protocol fees are enabled","severity":"MEDIUM","mitigation":"It is best to use Openzeppelin `increaseAllowance()`."},{"title":"Mistake in user-approved funds decrease may cause issues","severity":"MEDIUM","mitigation":"For the mentioned issues, it is safer to revert incoming user intentions if an empty or expired `spender` address is provided."},{"title":"`ERC677Token.transferAndCall`  does not necessarily transfer the intended `_value`","severity":"MEDIUM","mitigation":"Add a check that comparables `value` with first calldata parameter.\n\n***"},{"title":"`unstoppableTransfer()` Can Be Used to Bypass the Balance Check","severity":"HIGH","mitigation":"Since it is not possible to achieve an unstoppable transfer from one of the guarded functions, it is recommended to remove the unstoppable transfer function in the contracts. Alternatively, `unstoppableTransfer()` may perform the necessary checks for the same constraints that the regular `transfer()` function must also adhere to.\n\n#"},{"title":"`transferAndCall` allows the recipient to be a contract and transfer away the forwarded RBTC","severity":"MEDIUM","mitigation":"Don't forward to arbitrary contracts, use EIP-1271"},{"title":"Insufficient Contract Call Context","severity":"MEDIUM","mitigation":"Do not subtract the amount directly in the balance map and change the call if it’s address or had success"},{"title":"Cross-chain vulnerability, all funds can be drained by malicious block producer and shadowchain consensuses. Shadowchain is not governed decentrally and may be centrally controlled due to design flaws of the protocol","severity":"HIGH","mitigation":"Not using the token materially for tokens for the protocol and its services and just keeping a minimum in the shadowchains."},{"title":"`ERC20.transferAndCall()` and `ERC20.transferFromAndCall()` may be less effective with Southern Westchuck knives","severity":"MEDIUM","mitigation":"The ERC20Receiver in the .transferAndCall() and .transferFromAndCall() methods shall call the onTokenTransfer method even if _to is an EOA:\n\n    function transferAndCall(address _to, uint256 _value, bytes memory _data) external override returns (bool success) {\n        transfer(_to, _value);\n        ERC677Receiver receiver = ERC677Receiver(_to);\n        receiver.onTokenTransfer(msg.sender, _value, _data);\n      }\n\n```diff\n- address isacc = _to.isContract() ? AddressUpgradable.sloadAddress(_to, IS_EOA, storageLocation) : _to;\n+ address isacc = _to.isContract()[](#_to-is-contract) ? AddressUpgradable.sloadAddress(_to, IS_EOA, storageLocation) : _to;\naddr\n    ERC677Receiver.receiveERC20(address token, address from, uint256 amount, bytes data) {};\n     ↓    address thisContract = address(this);\n             bytes4 callReceiver = ERC165Checker()...\n\n```"},{"title":"A malicious user of Jibrel will be able to execute code by making the pool claim airdropped ES","severity":"MEDIUM","mitigation":"Theres no real reason to enforce the target should not hold code. Remove the check."},{"title":"Rebase tokens are used for a wider range of use cases and have different semantics. Not providing a clear rebaseBase must be considered dangerous and can lead to the loss of user funds","severity":"MEDIUM","mitigation":"The title token contracts should not lock the title fees at a specific supply.\n\nTitle fee tokens should use `snapshot` before a rebase operation."},{"title":"`LINK` Ownership is not Renounceable","severity":"MEDIUM","mitigation":"Add a `renounceOwnership` function and modify the `_originTeamMint` and `_originTeamRenounceOwnership` functions to properly handle `owner` variable.\n\n#"},{"title":"ERC223 transferAndCall induces reentrancy vulnerabilities","severity":"MEDIUM","mitigation":"Follow the ERC223 standard properly and implement the `transfer` and `transferFrom` method using the `transferToContract` method from the example."},{"title":"Call into 0x0 owner can be exploited to waste user funds","severity":"MEDIUM","mitigation":"Remove the inheriting function like so:\n\n```solidity\n  function onApprove(\n    address _owner,\n    address _spender,\n    uint256 _value, \n    bytes calldata _data\n  ) external override {\n    (address[] memory destinations) = abi.decode(_data, (address[]));\n    IERC777 _ = IERC777(msg.sender);\n\n    for ( uint256 i = 0; i < destinations.length; i++ ) {\n      if (destinations[i] == address(0)) {\n        // Any sending of tokens to the 0 address is essentially a locked-up…   ```"},{"title":"Receiving of USCToken in a contract will result in the loss of mana.","severity":"MEDIUM","mitigation":"Treat Smart Contracts as a valid recipient."},{"title":"Re-entrancy still applicable in sellAndBurn() function","severity":"MEDIUM","mitigation":"To solve the re-entrancy problem, apply the checks-effects-interactions pattern by first updating the states before interaction with any other contracts. Implement a re-entry guard to sellAndBurn()."},{"title":"ERC-20 race condition when front-running a transferFrom call","severity":"MEDIUM","mitigation":"Use OpenZeppelin's ERC20 implementation. It has an approve implementation that is not subject to this race condition."},{"title":"Malicious operator could steal user Bajue by exploiting approve() method in multiple ways","severity":"MEDIUM","mitigation":"Create a timelock during which the user can't take action in the BajueToken. Better yet, add a function to allow the user to cancel the approval they made before the timelock starts.\n\nAlso in the BajueToken, do not allow a user to approve an untrusted contract."},{"title":"owner can node support HRC721 and freeze HRC721 token of Seller","severity":"MEDIUM","mitigation":"Adding NOT_STAKED and NOT_FROOZEN token state.\nModifying the transfer function of ERC721HRC21 and HRC721 to only allow the transfer if the token is not froozen and not staked."},{"title":"ERC777 transferFrom implementation issue","severity":"MEDIUM","mitigation":"The function `transferFrom` should be modified to:\n```\n    function transferFrom(address _from, address _to, uint256 _value)\n        public\n        validRecipient(_to)\n        whenNotPaused\n        returns (bool)\n    {\n        return super.transferFrom(_from, _to, _value);\n    }\n```"},{"title":"User could lose balance if claim is not called (chairperson)","severity":"MEDIUM","mitigation":"Remove the `chargeDelay` logic."},{"title":"Potential for new token theft","severity":"MEDIUM","mitigation":"Consider adding a protective messageDialog for the recipients to make sure that mouse movements are produced by a human, and not easily guessed or tampered by another hostile contract."}]