{"reportContents":"# Function Description Report\n\n## Files Description Table\n\n\n|  File Name  |  SHA-1 Hash  |\n|-------------|--------------|\n\n\n## Contracts Description Table\n\n\n|  Contract  |         Type        |       Bases      |                  |                 |\n|:----------:|:-------------------:|:----------------:|:----------------:|:---------------:|\n|     └      |  **Function Name**  |  **Visibility**  |  **Mutability**  |  **Modifiers**  |\n||||||\n| **SafeMath** | Library |  |||\n| └ | mul | Internal 🔒 |   | |\n| └ | div | Internal 🔒 |   | |\n| └ | sub | Internal 🔒 |   | |\n| └ | add | Internal 🔒 |   | |\n||||||\n| **ERC20Basic** | Implementation |  |||\n| └ | balanceOf | Public ❗️ |   |NO❗️ |\n| └ | transfer | Public ❗️ | 🛑  |NO❗️ |\n||||||\n| **ERC20** | Implementation | ERC20Basic |||\n| └ | allowance | Public ❗️ |   |NO❗️ |\n| └ | transferFrom | Public ❗️ | 🛑  |NO❗️ |\n| └ | approve | Public ❗️ | 🛑  |NO❗️ |\n||||||\n| **ERC677** | Implementation | ERC20 |||\n| └ | transferAndCall | Public ❗️ | 🛑  |NO❗️ |\n||||||\n| **ERC677Receiver** | Implementation |  |||\n| └ | onTokenTransfer | Public ❗️ | 🛑  |NO❗️ |\n||||||\n| **BasicToken** | Implementation | ERC20Basic |||\n| └ | transfer | Public ❗️ | 🛑  |NO❗️ |\n| └ | balanceOf | Public ❗️ |   |NO❗️ |\n||||||\n| **StandardToken** | Implementation | ERC20, BasicToken |||\n| └ | transferFrom | Public ❗️ | 🛑  |NO❗️ |\n| └ | approve | Public ❗️ | 🛑  |NO❗️ |\n| └ | allowance | Public ❗️ |   |NO❗️ |\n| └ | increaseApproval | Public ❗️ | 🛑  |NO❗️ |\n| └ | decreaseApproval | Public ❗️ | 🛑  |NO❗️ |\n||||||\n| **ERC677Token** | Implementation | ERC677 |||\n| └ | transferAndCall | Public ❗️ | 🛑  |NO❗️ |\n| └ | contractFallback | Private 🔐 | 🛑  | |\n| └ | isContract | Private 🔐 | 🛑  | |\n||||||\n| **LinkToken** | Implementation | StandardToken, ERC677Token |||\n| └ | <Constructor> | Public ❗️ | 🛑  |NO❗️ |\n| └ | transferAndCall | Public ❗️ | 🛑  | validRecipient |\n| └ | transfer | Public ❗️ | 🛑  | validRecipient |\n| └ | approve | Public ❗️ | 🛑  | validRecipient |\n| └ | transferFrom | Public ❗️ | 🛑  | validRecipient |\n\n\n## Legend\n\n|  Symbol  |  Meaning  |\n|:--------:|-----------|\n|    🛑    | Function can modify state |\n|    💵    | Function is payable |\n","tableRows":[{"type":"contract","name":"SafeMath","spec":"Library","mutating":null,"payable":null},{"type":"func","name":"mul","spec":"Internal 🔒","mutating":"","payable":""},{"type":"func","name":"div","spec":"Internal 🔒","mutating":"","payable":""},{"type":"func","name":"sub","spec":"Internal 🔒","mutating":"","payable":""},{"type":"func","name":"add","spec":"Internal 🔒","mutating":"","payable":""},{"type":"contract","name":"ERC20Basic","spec":"Implementation","mutating":null,"payable":null},{"type":"func","name":"balanceOf","spec":"Public ❗️","mutating":"","payable":""},{"type":"func","name":"transfer","spec":"Public ❗️","mutating":"🛑","payable":""},{"type":"contract","name":"ERC20","spec":"Implementation","mutating":null,"payable":null},{"type":"func","name":"allowance","spec":"Public ❗️","mutating":"","payable":""},{"type":"func","name":"transferFrom","spec":"Public ❗️","mutating":"🛑","payable":""},{"type":"func","name":"approve","spec":"Public ❗️","mutating":"🛑","payable":""},{"type":"contract","name":"ERC677","spec":"Implementation","mutating":null,"payable":null},{"type":"func","name":"transferAndCall","spec":"Public ❗️","mutating":"🛑","payable":""},{"type":"contract","name":"ERC677Receiver","spec":"Implementation","mutating":null,"payable":null},{"type":"func","name":"onTokenTransfer","spec":"Public ❗️","mutating":"🛑","payable":""},{"type":"contract","name":"BasicToken","spec":"Implementation","mutating":null,"payable":null},{"type":"func","name":"transfer","spec":"Public ❗️","mutating":"🛑","payable":""},{"type":"func","name":"balanceOf","spec":"Public ❗️","mutating":"","payable":""},{"type":"contract","name":"StandardToken","spec":"Implementation","mutating":null,"payable":null},{"type":"func","name":"transferFrom","spec":"Public ❗️","mutating":"🛑","payable":""},{"type":"func","name":"approve","spec":"Public ❗️","mutating":"🛑","payable":""},{"type":"func","name":"allowance","spec":"Public ❗️","mutating":"","payable":""},{"type":"func","name":"increaseApproval","spec":"Public ❗️","mutating":"🛑","payable":""},{"type":"func","name":"decreaseApproval","spec":"Public ❗️","mutating":"🛑","payable":""},{"type":"contract","name":"ERC677Token","spec":"Implementation","mutating":null,"payable":null},{"type":"func","name":"transferAndCall","spec":"Public ❗️","mutating":"🛑","payable":""},{"type":"func","name":"contractFallback","spec":"Private 🔐","mutating":"🛑","payable":""},{"type":"func","name":"isContract","spec":"Private 🔐","mutating":"🛑","payable":""},{"type":"contract","name":"LinkToken","spec":"Implementation","mutating":null,"payable":null},{"type":"func","name":"<Constructor>","spec":"Public ❗️","mutating":"🛑","payable":""},{"type":"func","name":"transferAndCall","spec":"Public ❗️","mutating":"🛑","payable":""},{"type":"func","name":"transfer","spec":"Public ❗️","mutating":"🛑","payable":""},{"type":"func","name":"approve","spec":"Public ❗️","mutating":"🛑","payable":""},{"type":"func","name":"transferFrom","spec":"Public ❗️","mutating":"🛑","payable":""}]}