{"time":1701877546426,"data":{"code":1,"message":"OK","result":{"0x514910771af9ca656af840dff83e8264ecf986ca":{"anti_whale_modifiable":"0","buy_tax":"0","can_take_back_ownership":"0","cannot_buy":"0","cannot_sell_all":"0","creator_address":"0xf55037738604fddfc4043d12f25124e94d7d1780","creator_balance":"0","creator_percent":"0.000000","dex":[{"liquidity_type":"UniV3","name":"UniswapV3","liquidity":"60694119.66062430034621064892006942","pair":"0xa6cc3c2531fdaa6ae1a3ca84c2855806728693e8"},{"liquidity_type":"UniV3","name":"UniswapV3","liquidity":"1609626.496724857062217927815599238","pair":"0xfad57d2039c21811c8f2b5d5b65308aa99d31559"},{"liquidity_type":"UniV2","name":"UniswapV2","liquidity":"1287262.31603725","pair":"0xa2107fa5b38d9bbd2c461d6edf11b11a50f6b974"},{"liquidity_type":"UniV2","name":"SushiSwapV2","liquidity":"1112499.39725999","pair":"0xc40d16476380e4037e6b1a2594caf6a6cc8da967"},{"liquidity_type":"UniV3","name":"UniswapV3","liquidity":"308972.1277893493543133870410796792","pair":"0x9f178e86e42ddf2379cb3d2acf9ed67a1ed2550a"},{"liquidity_type":"UniV2","name":"UniswapV2","liquidity":"8871.19933213","pair":"0x9b2662dc8b80b0fe79310ad316b943cb5bb15e8b"},{"liquidity_type":"UniV2","name":"UniswapV2","liquidity":"2006.74381674","pair":"0x6d4fd456edeca58cf53a8b586cd50754547dbdb2"},{"liquidity_type":"UniV2","name":"UniswapV2","liquidity":"962.73702728","pair":"0xd8c8a2b125527bf97c8e4845b25de7e964468f77"},{"liquidity_type":"UniV2","name":"SushiSwapV2","liquidity":"399.74421897","pair":"0x665daa5e280edd60b81c67d583ed85b9a5cc45a6"},{"liquidity_type":"UniV2","name":"UniswapV2","liquidity":"356.91783451","pair":"0x9db10c305c671153662119d453c4d2c123725566"},{"liquidity_type":"UniV2","name":"SushiSwapV2","liquidity":"18.84619379","pair":"0x2101072e369761435a532a83369984ec3950aef2"},{"liquidity_type":"UniV2","name":"SushiSwapV2","liquidity":"8.14327636","pair":"0x23a1081bad58465e30a0a5083fbc8409c3d76960"},{"liquidity_type":"UniV2","name":"SushiSwapV2","liquidity":"3.19539256","pair":"0xcf789e7f539151b18e442dc183e7c454edfb69aa"}],"external_call":"0","hidden_owner":"0","holder_count":"702489","holders":[{"address":"0xf977814e90da44bfa03b6295a0616a897441acec","tag":"","is_contract":0,"balance":"38000000","percent":"0.038000000000000000","is_locked":0},{"address":"0xe0b66bfc7344a80152bfec954942e2926a6fca80","tag":"","is_contract":1,"balance":"30000000","percent":"0.030000000000000000","is_locked":0},{"address":"0xd48133c96c5fe8d41d0cbd598f65bf4548941e27","tag":"","is_contract":1,"balance":"30000000","percent":"0.030000000000000000","is_locked":0},{"address":"0xa42d0a18b834f52e41beddeaa2940165db3da9a3","tag":"","is_contract":1,"balance":"30000000","percent":"0.030000000000000000","is_locked":0},{"address":"0x9c17f630dbde24eece8fd248faa2e51f690ff79b","tag":"","is_contract":1,"balance":"30000000","percent":"0.030000000000000000","is_locked":0},{"address":"0x9bbb46637a1df7cadec2afca19c2920cddcc8db8","tag":"","is_contract":1,"balance":"30000000","percent":"0.030000000000000000","is_locked":0},{"address":"0x8652fb672253607c0061677bdcafb77a324de081","tag":"","is_contract":1,"balance":"30000000","percent":"0.030000000000000000","is_locked":0},{"address":"0x76287e0f7b107d1c9f8f01d5afac314ea8461a04","tag":"","is_contract":1,"balance":"30000000","percent":"0.030000000000000000","is_locked":0},{"address":"0x7594eb0ca0a7f313befd59afe9e95c2201a443e4","tag":"","is_contract":1,"balance":"30000000","percent":"0.030000000000000000","is_locked":0},{"address":"0x5a8e77bc30948cc9a51ae4e042d96e145648bb4c","tag":"","is_contract":1,"balance":"30000000","percent":"0.030000000000000000","is_locked":0}],"honeypot_with_same_creator":"0","is_anti_whale":"0","is_blacklisted":"0","is_honeypot":"0","is_in_dex":"1","is_mintable":"0","is_open_source":"1","is_proxy":"0","is_whitelisted":"0","lp_holder_count":"4","lp_holders":[{"address":"0x1d197fd4e7975efd21add0ce3128c488bbd70b83","tag":"","value":"5044.8216437424057397089","is_contract":0,"balance":"132.506790343816855423","percent":"0.889462906726530991","NFT_list":[{"value":"5044.8216437424057397089","NFT_id":"101889","amount":"132.506790343816855423","in_effect":"0","NFT_percentage":"0.889462906726530991"}],"is_locked":0},{"address":"0x7927ed16f987645f2ae8d3b9115455ed70b1d543","tag":"","value":"413.8453019357322691025","is_contract":0,"balance":"10.497809808886571865","percent":"0.070467425877924069","NFT_list":[{"value":"413.8453019357322691025","NFT_id":"102280","amount":"10.497809808886571865","in_effect":"0","NFT_percentage":"0.070467425877924069"}],"is_locked":0},{"address":"0xca0d64bb6e3e48593214ba29aeda56bd54e5afa3","tag":"","value":"198.8748937050549983582","is_contract":0,"balance":"4.879185593908592892","percent":"0.032751941161320737","NFT_list":[{"value":"198.8748937050549983582","NFT_id":"102361","amount":"4.879185593908592892","in_effect":"0","NFT_percentage":"0.032751941161320737"}],"is_locked":0},{"address":"0x3a312b71aae6e71a3a58652bc2436c50dfca1354","tag":"","value":"41.0109223853775971595","is_contract":0,"balance":"1.090150481351008525","percent":"0.007317726234224203","NFT_list":[{"value":"41.0109223853775971595","NFT_id":"101124","amount":"1.090150481351008525","in_effect":"0","NFT_percentage":"0.007317726234224203"}],"is_locked":0}],"lp_total_supply":"148.973936227963028705","owner_address":"","owner_balance":"0","owner_change_balance":"0","owner_percent":"0","personal_slippage_modifiable":"0","selfdestruct":"0","sell_tax":"0","slippage_modifiable":"0","token_name":"ChainLink Token","token_symbol":"LINK","total_supply":"1000000000","trading_cooldown":"0","transfer_pausable":"0","trust_list":"1"}}}}