{"nodes":[{"id":"EnumerableSet"},{"id":"Address"},{"id":"Context"},{"id":"AccessControl"},{"id":"IERC20"},{"id":"SafeMath"},{"id":"ERC20"},{"id":"Pausable"},{"id":"ERC20Pausable"},{"id":"ERC20Burnable"},{"id":"FetchToken"}],"links":[{"source":"Context","target":"AccessControl"},{"source":"IERC20","target":"ERC20"},{"source":"Context","target":"ERC20"},{"source":"Context","target":"Pausable"},{"source":"Pausable","target":"ERC20Pausable"},{"source":"ERC20","target":"ERC20Pausable"},{"source":"IERC20","target":"ERC20Pausable"},{"source":"Context","target":"ERC20Pausable"},{"source":"ERC20","target":"ERC20Burnable"},{"source":"IERC20","target":"ERC20Burnable"},{"source":"Context","target":"ERC20Burnable"},{"source":"ERC20Pausable","target":"FetchToken"},{"source":"Pausable","target":"FetchToken"},{"source":"ERC20Burnable","target":"FetchToken"},{"source":"ERC20","target":"FetchToken"},{"source":"IERC20","target":"FetchToken"},{"source":"AccessControl","target":"FetchToken"},{"source":"Context","target":"FetchToken"}]}