{"reportContents":"# Function Description Report\n\n## Files Description Table\n\n\n|  File Name  |  SHA-1 Hash  |\n|-------------|--------------|\n\n\n## Contracts Description Table\n\n\n|  Contract  |         Type        |       Bases      |                  |                 |\n|:----------:|:-------------------:|:----------------:|:----------------:|:---------------:|\n|     └      |  **Function Name**  |  **Visibility**  |  **Mutability**  |  **Modifiers**  |\n||||||\n| **EnumerableSet** | Library |  |||\n| └ | _add | Private 🔐 | 🛑  | |\n| └ | _remove | Private 🔐 | 🛑  | |\n| └ | _contains | Private 🔐 |   | |\n| └ | _length | Private 🔐 |   | |\n| └ | _at | Private 🔐 |   | |\n| └ | add | Internal 🔒 | 🛑  | |\n| └ | remove | Internal 🔒 | 🛑  | |\n| └ | contains | Internal 🔒 |   | |\n| └ | length | Internal 🔒 |   | |\n| └ | at | Internal 🔒 |   | |\n| └ | add | Internal 🔒 | 🛑  | |\n| └ | remove | Internal 🔒 | 🛑  | |\n| └ | contains | Internal 🔒 |   | |\n| └ | length | Internal 🔒 |   | |\n| └ | at | Internal 🔒 |   | |\n||||||\n| **Address** | Library |  |||\n| └ | isContract | Internal 🔒 |   | |\n| └ | sendValue | Internal 🔒 | 🛑  | |\n||||||\n| **Context** | Implementation |  |||\n| └ | <Constructor> | Internal 🔒 | 🛑  | |\n| └ | _msgSender | Internal 🔒 |   | |\n| └ | _msgData | Internal 🔒 |   | |\n||||||\n| **AccessControl** | Implementation | Context |||\n| └ | hasRole | Public ❗️ |   |NO❗️ |\n| └ | getRoleMemberCount | Public ❗️ |   |NO❗️ |\n| └ | getRoleMember | Public ❗️ |   |NO❗️ |\n| └ | getRoleAdmin | Public ❗️ |   |NO❗️ |\n| └ | grantRole | Public ❗️ | 🛑  |NO❗️ |\n| └ | revokeRole | Public ❗️ | 🛑  |NO❗️ |\n| └ | renounceRole | Public ❗️ | 🛑  |NO❗️ |\n| └ | _setupRole | Internal 🔒 | 🛑  | |\n| └ | _setRoleAdmin | Internal 🔒 | 🛑  | |\n| └ | _grantRole | Private 🔐 | 🛑  | |\n| └ | _revokeRole | Private 🔐 | 🛑  | |\n||||||\n| **IERC20** | Interface |  |||\n| └ | totalSupply | External ❗️ |   |NO❗️ |\n| └ | balanceOf | External ❗️ |   |NO❗️ |\n| └ | transfer | External ❗️ | 🛑  |NO❗️ |\n| └ | allowance | External ❗️ |   |NO❗️ |\n| └ | approve | External ❗️ | 🛑  |NO❗️ |\n| └ | transferFrom | External ❗️ | 🛑  |NO❗️ |\n||||||\n| **SafeMath** | Library |  |||\n| └ | add | Internal 🔒 |   | |\n| └ | sub | Internal 🔒 |   | |\n| └ | sub | Internal 🔒 |   | |\n| └ | mul | Internal 🔒 |   | |\n| └ | div | Internal 🔒 |   | |\n| └ | div | Internal 🔒 |   | |\n| └ | mod | Internal 🔒 |   | |\n| └ | mod | Internal 🔒 |   | |\n||||||\n| **ERC20** | Implementation | Context, IERC20 |||\n| └ | <Constructor> | Public ❗️ | 🛑  |NO❗️ |\n| └ | name | Public ❗️ |   |NO❗️ |\n| └ | symbol | Public ❗️ |   |NO❗️ |\n| └ | decimals | Public ❗️ |   |NO❗️ |\n| └ | totalSupply | Public ❗️ |   |NO❗️ |\n| └ | balanceOf | Public ❗️ |   |NO❗️ |\n| └ | transfer | Public ❗️ | 🛑  |NO❗️ |\n| └ | allowance | Public ❗️ |   |NO❗️ |\n| └ | approve | Public ❗️ | 🛑  |NO❗️ |\n| └ | transferFrom | Public ❗️ | 🛑  |NO❗️ |\n| └ | increaseAllowance | Public ❗️ | 🛑  |NO❗️ |\n| └ | decreaseAllowance | Public ❗️ | 🛑  |NO❗️ |\n| └ | _transfer | Internal 🔒 | 🛑  | |\n| └ | _mint | Internal 🔒 | 🛑  | |\n| └ | _burn | Internal 🔒 | 🛑  | |\n| └ | _approve | Internal 🔒 | 🛑  | |\n| └ | _setupDecimals | Internal 🔒 | 🛑  | |\n| └ | _beforeTokenTransfer | Internal 🔒 | 🛑  | |\n||||||\n| **Pausable** | Implementation | Context |||\n| └ | <Constructor> | Internal 🔒 | 🛑  | |\n| └ | paused | Public ❗️ |   |NO❗️ |\n| └ | _pause | Internal 🔒 | 🛑  | whenNotPaused |\n| └ | _unpause | Internal 🔒 | 🛑  | whenPaused |\n||||||\n| **ERC20Pausable** | Implementation | ERC20, Pausable |||\n| └ | _beforeTokenTransfer | Internal 🔒 | 🛑  | |\n||||||\n| **ERC20Burnable** | Implementation | Context, ERC20 |||\n| └ | burn | External ❗️ | 🛑  |NO❗️ |\n| └ | burnFrom | External ❗️ | 🛑  |NO❗️ |\n||||||\n| **FetchToken** | Implementation | Context, AccessControl, ERC20Burnable, ERC20Pausable |||\n| └ | <Constructor> | Public ❗️ | 🛑  | ERC20 |\n| └ | mint | External ❗️ | 🛑  | onlyMinter |\n| └ | pause | External ❗️ | 🛑  | onlyPauser |\n| └ | unpause | External ❗️ | 🛑  | onlyPauser |\n| └ | _beforeTokenTransfer | Internal 🔒 | 🛑  | |\n\n\n## Legend\n\n|  Symbol  |  Meaning  |\n|:--------:|-----------|\n|    🛑    | Function can modify state |\n|    💵    | Function is payable |\n","tableRows":[{"type":"contract","name":"EnumerableSet","spec":"Library","mutating":null,"payable":null},{"type":"func","name":"_add","spec":"Private 🔐","mutating":"🛑","payable":""},{"type":"func","name":"_remove","spec":"Private 🔐","mutating":"🛑","payable":""},{"type":"func","name":"_contains","spec":"Private 🔐","mutating":"","payable":""},{"type":"func","name":"_length","spec":"Private 🔐","mutating":"","payable":""},{"type":"func","name":"_at","spec":"Private 🔐","mutating":"","payable":""},{"type":"func","name":"add","spec":"Internal 🔒","mutating":"🛑","payable":""},{"type":"func","name":"remove","spec":"Internal 🔒","mutating":"🛑","payable":""},{"type":"func","name":"contains","spec":"Internal 🔒","mutating":"","payable":""},{"type":"func","name":"length","spec":"Internal 🔒","mutating":"","payable":""},{"type":"func","name":"at","spec":"Internal 🔒","mutating":"","payable":""},{"type":"func","name":"add","spec":"Internal 🔒","mutating":"🛑","payable":""},{"type":"func","name":"remove","spec":"Internal 🔒","mutating":"🛑","payable":""},{"type":"func","name":"contains","spec":"Internal 🔒","mutating":"","payable":""},{"type":"func","name":"length","spec":"Internal 🔒","mutating":"","payable":""},{"type":"func","name":"at","spec":"Internal 🔒","mutating":"","payable":""},{"type":"contract","name":"Address","spec":"Library","mutating":null,"payable":null},{"type":"func","name":"isContract","spec":"Internal 🔒","mutating":"","payable":""},{"type":"func","name":"sendValue","spec":"Internal 🔒","mutating":"🛑","payable":""},{"type":"contract","name":"Context","spec":"Implementation","mutating":null,"payable":null},{"type":"func","name":"<Constructor>","spec":"Internal 🔒","mutating":"🛑","payable":""},{"type":"func","name":"_msgSender","spec":"Internal 🔒","mutating":"","payable":""},{"type":"func","name":"_msgData","spec":"Internal 🔒","mutating":"","payable":""},{"type":"contract","name":"AccessControl","spec":"Implementation","mutating":null,"payable":null},{"type":"func","name":"hasRole","spec":"Public ❗️","mutating":"","payable":""},{"type":"func","name":"getRoleMemberCount","spec":"Public ❗️","mutating":"","payable":""},{"type":"func","name":"getRoleMember","spec":"Public ❗️","mutating":"","payable":""},{"type":"func","name":"getRoleAdmin","spec":"Public ❗️","mutating":"","payable":""},{"type":"func","name":"grantRole","spec":"Public ❗️","mutating":"🛑","payable":""},{"type":"func","name":"revokeRole","spec":"Public ❗️","mutating":"🛑","payable":""},{"type":"func","name":"renounceRole","spec":"Public ❗️","mutating":"🛑","payable":""},{"type":"func","name":"_setupRole","spec":"Internal 🔒","mutating":"🛑","payable":""},{"type":"func","name":"_setRoleAdmin","spec":"Internal 🔒","mutating":"🛑","payable":""},{"type":"func","name":"_grantRole","spec":"Private 🔐","mutating":"🛑","payable":""},{"type":"func","name":"_revokeRole","spec":"Private 🔐","mutating":"🛑","payable":""},{"type":"contract","name":"IERC20","spec":"Interface","mutating":null,"payable":null},{"type":"func","name":"totalSupply","spec":"External ❗️","mutating":"","payable":""},{"type":"func","name":"balanceOf","spec":"External ❗️","mutating":"","payable":""},{"type":"func","name":"transfer","spec":"External ❗️","mutating":"🛑","payable":""},{"type":"func","name":"allowance","spec":"External ❗️","mutating":"","payable":""},{"type":"func","name":"approve","spec":"External ❗️","mutating":"🛑","payable":""},{"type":"func","name":"transferFrom","spec":"External ❗️","mutating":"🛑","payable":""},{"type":"contract","name":"SafeMath","spec":"Library","mutating":null,"payable":null},{"type":"func","name":"add","spec":"Internal 🔒","mutating":"","payable":""},{"type":"func","name":"sub","spec":"Internal 🔒","mutating":"","payable":""},{"type":"func","name":"sub","spec":"Internal 🔒","mutating":"","payable":""},{"type":"func","name":"mul","spec":"Internal 🔒","mutating":"","payable":""},{"type":"func","name":"div","spec":"Internal 🔒","mutating":"","payable":""},{"type":"func","name":"div","spec":"Internal 🔒","mutating":"","payable":""},{"type":"func","name":"mod","spec":"Internal 🔒","mutating":"","payable":""},{"type":"func","name":"mod","spec":"Internal 🔒","mutating":"","payable":""},{"type":"contract","name":"ERC20","spec":"Implementation","mutating":null,"payable":null},{"type":"func","name":"<Constructor>","spec":"Public ❗️","mutating":"🛑","payable":""},{"type":"func","name":"name","spec":"Public ❗️","mutating":"","payable":""},{"type":"func","name":"symbol","spec":"Public ❗️","mutating":"","payable":""},{"type":"func","name":"decimals","spec":"Public ❗️","mutating":"","payable":""},{"type":"func","name":"totalSupply","spec":"Public ❗️","mutating":"","payable":""},{"type":"func","name":"balanceOf","spec":"Public ❗️","mutating":"","payable":""},{"type":"func","name":"transfer","spec":"Public ❗️","mutating":"🛑","payable":""},{"type":"func","name":"allowance","spec":"Public ❗️","mutating":"","payable":""},{"type":"func","name":"approve","spec":"Public ❗️","mutating":"🛑","payable":""},{"type":"func","name":"transferFrom","spec":"Public ❗️","mutating":"🛑","payable":""},{"type":"func","name":"increaseAllowance","spec":"Public ❗️","mutating":"🛑","payable":""},{"type":"func","name":"decreaseAllowance","spec":"Public ❗️","mutating":"🛑","payable":""},{"type":"func","name":"_transfer","spec":"Internal 🔒","mutating":"🛑","payable":""},{"type":"func","name":"_mint","spec":"Internal 🔒","mutating":"🛑","payable":""},{"type":"func","name":"_burn","spec":"Internal 🔒","mutating":"🛑","payable":""},{"type":"func","name":"_approve","spec":"Internal 🔒","mutating":"🛑","payable":""},{"type":"func","name":"_setupDecimals","spec":"Internal 🔒","mutating":"🛑","payable":""},{"type":"func","name":"_beforeTokenTransfer","spec":"Internal 🔒","mutating":"🛑","payable":""},{"type":"contract","name":"Pausable","spec":"Implementation","mutating":null,"payable":null},{"type":"func","name":"<Constructor>","spec":"Internal 🔒","mutating":"🛑","payable":""},{"type":"func","name":"paused","spec":"Public ❗️","mutating":"","payable":""},{"type":"func","name":"_pause","spec":"Internal 🔒","mutating":"🛑","payable":""},{"type":"func","name":"_unpause","spec":"Internal 🔒","mutating":"🛑","payable":""},{"type":"contract","name":"ERC20Pausable","spec":"Implementation","mutating":null,"payable":null},{"type":"func","name":"_beforeTokenTransfer","spec":"Internal 🔒","mutating":"🛑","payable":""},{"type":"contract","name":"ERC20Burnable","spec":"Implementation","mutating":null,"payable":null},{"type":"func","name":"burn","spec":"External ❗️","mutating":"🛑","payable":""},{"type":"func","name":"burnFrom","spec":"External ❗️","mutating":"🛑","payable":""},{"type":"contract","name":"FetchToken","spec":"Implementation","mutating":null,"payable":null},{"type":"func","name":"<Constructor>","spec":"Public ❗️","mutating":"🛑","payable":""},{"type":"func","name":"mint","spec":"External ❗️","mutating":"🛑","payable":""},{"type":"func","name":"pause","spec":"External ❗️","mutating":"🛑","payable":""},{"type":"func","name":"unpause","spec":"External ❗️","mutating":"🛑","payable":""},{"type":"func","name":"_beforeTokenTransfer","spec":"Internal 🔒","mutating":"🛑","payable":""}]}