{"data":{"tokens":[{"address":"0xaea46a60368a7bd060eec7df8cba43b7ef41ad85","decimals":18,"id":"0xaea46a60368a7bd060eec7df8cba43b7ef41ad85:1","name":"Fetch","networkId":1,"symbol":"FET","imageLargeUrl":"https://token-media.defined.fi/1_0xaea46a60368a7bd060eec7df8cba43b7ef41ad85_large.png","imageSmallUrl":"https://token-media.defined.fi/1_0xaea46a60368a7bd060eec7df8cba43b7ef41ad85_small.png","imageThumbUrl":"https://token-media.defined.fi/1_0xaea46a60368a7bd060eec7df8cba43b7ef41ad85_thumb.png","explorerData":{"id":"0xaea46a60368a7bd060eec7df8cba43b7ef41ad85:1","blueCheckmark":true,"description":"Fetch.ai is building tools and infrastructure to enable a decentralized digital economy by combining AI, multi-agent systems and advanced cryptography.","divisor":"18","tokenPriceUSD":"0.717564000000000000","tokenType":"ERC20","__typename":"ExplorerTokenData"},"info":{"address":"0xaea46a60368a7bd060eec7df8cba43b7ef41ad85","circulatingSupply":"1043462805","id":"0xaea46a60368a7bd060eec7df8cba43b7ef41ad85:1","imageLargeUrl":"https://token-media.defined.fi/1_0xaea46a60368a7bd060eec7df8cba43b7ef41ad85_large.png","imageSmallUrl":"https://token-media.defined.fi/1_0xaea46a60368a7bd060eec7df8cba43b7ef41ad85_small.png","imageThumbUrl":"https://token-media.defined.fi/1_0xaea46a60368a7bd060eec7df8cba43b7ef41ad85_thumb.png","isScam":null,"name":"Fetch","networkId":1,"symbol":"FET","totalSupply":"1152997574.999999999999656122","__typename":"TokenInfo"},"socialLinks":{"bitcointalk":"","blog":"https://medium.com/fetch-ai","coingecko":null,"coinmarketcap":null,"discord":"","email":"","facebook":"","github":"https://github.com/fetchai","instagram":null,"linkedin":"","reddit":"https://www.reddit.com/r/FetchAI_Community","slack":"","telegram":"https://t.me/fetch_ai","twitch":null,"twitter":"https://twitter.com/fetch_ai","website":"https://fetch.ai/","wechat":"","whitepaper":"https://fetch.ai/uploads/technical-introduction.pdf","youtube":null,"__typename":"SocialLinks"},"__typename":"EnhancedToken"}]}}