{"time":1702662102905,"data":{"code":1,"message":"OK","result":{"0xaea46a60368a7bd060eec7df8cba43b7ef41ad85":{"anti_whale_modifiable":"0","buy_tax":"0","can_take_back_ownership":"0","cannot_buy":"0","cannot_sell_all":"0","creator_address":"0xa47c0bd4874f788ee9831bd1c8d1e8d439be7ac5","creator_balance":"0","creator_percent":"0.000000","dex":[{"liquidity_type":"UniV3","name":"UniswapV3","liquidity":"1031617.04088108","pair":"0x948b54a93f5ad1df6b8bff6dc249d99ca2eca052"},{"liquidity_type":"UniV2","name":"UniswapV2","liquidity":"35963.57322502","pair":"0x4042a04c54ef133ac2a3c93db69d43c6c02a330b"},{"liquidity_type":"UniV3","name":"UniswapV3","liquidity":"10439.44600167","pair":"0x744159757cac173a7a3ecf5e97adb10d1a725377"},{"liquidity_type":"UniV3","name":"UniswapV3","liquidity":"994.26692400","pair":"0xc931d9fefd06a8361d8057501f1ec522cf69c573"},{"liquidity_type":"UniV2","name":"SushiSwapV2","liquidity":"0.03051985","pair":"0xee2075ccaceb41d54c513073a26f940328f7e0df"},{"liquidity_type":"UniV2","name":"UniswapV2","liquidity":"0.00000100","pair":"0x61b4666a6b85aabde1a60e69a1e7e5caf659dfdd"}],"external_call":"0","hidden_owner":"1","holder_count":"55173","holders":[{"address":"0x947872ad4d95e89e513d7202550a810ac1b626cc","tag":"","is_contract":1,"balance":"121117553.908333948019005737","percent":"0.105045801079272823","is_locked":0},{"address":"0x8400ac235ed4f139a3e05670a9a3c724e448129b","tag":"","is_contract":1,"balance":"82193798.094688174366108892","percent":"0.071287052008490281","is_locked":0},{"address":"0x351bac612b50e87b46e4b10a282f632d41397de2","tag":"","is_contract":1,"balance":"80616475.991676767023462315","percent":"0.069919033430470803","is_locked":0},{"address":"0xf977814e90da44bfa03b6295a0616a897441acec","tag":"","is_contract":0,"balance":"50000000","percent":"0.043365225638050452","is_locked":0},{"address":"0xbe0eb53f46cd790cd13851d5eff43d12404d33e8","tag":"","is_contract":0,"balance":"49333112.01144364","percent":"0.042786830676069409","is_locked":0},{"address":"0x5a8de252ea228dece61638c336fe43ac8166166a","tag":"","is_contract":1,"balance":"45001000","percent":"0.039029570378758168","is_locked":0},{"address":"0xd6216fc19db775df9774a6e33526131da7d19a2c","tag":"","is_contract":0,"balance":"27355041.883547164439371236","percent":"0.023725151272366868","is_locked":0},{"address":"0x46f80018211d5cbbc988e853a8683501fca4ee9b","tag":"","is_contract":0,"balance":"19634640.2210384655","percent":"0.017029212070145477","is_locked":0},{"address":"0x58817c729d869a629792de5308e020ae97b25e94","tag":"","is_contract":0,"balance":"18361420.723892411134318003","percent":"0.015924943054535401","is_locked":0},{"address":"0x18ce431e2aabff6d3336e7c13f9b35e42c8c496f","tag":"","is_contract":0,"balance":"18115925.6770652742793969","percent":"0.015712024092561750","is_locked":0}],"honeypot_with_same_creator":"0","is_anti_whale":"0","is_blacklisted":"0","is_honeypot":"0","is_in_dex":"1","is_mintable":"1","is_open_source":"1","is_proxy":"0","is_whitelisted":"0","lp_holder_count":"1","lp_holders":[{"address":"0x08ab0b0158c034a6adbcca7266472d64c26ebaae","tag":"","value":"5031.18917816211657103520","is_contract":0,"balance":"262.846816041772609968","percent":"1.000000000000000000","NFT_list":[{"value":"5031.18917816211657103520","NFT_id":"424193","amount":"262.846816041772609968","in_effect":"0","NFT_percentage":"1.000000000000000000"}],"is_locked":0}],"lp_total_supply":"262.846816041772609968","owner_address":"","owner_balance":"0","owner_change_balance":"0","owner_percent":"0","personal_slippage_modifiable":"0","selfdestruct":"0","sell_tax":"0","slippage_modifiable":"0","token_name":"Fetch","token_symbol":"FET","total_supply":"1152997574.999999999999656122","trading_cooldown":"0","transfer_pausable":"1"}}}}