{"text":"In conclusion, the audit for the Fetch token, abbreviated as FET, yields mostly positive results. Being a token with no sell tax and no buy tax, it provides a trader-friendly environment, making it an appealing choice. Moreover, FET freely allows unrestricted trading as it does not engage in any blacklisting activities. \n\nAlong the same optimistic note, FET is also not a honeypot, a fairly typical advantage. With impressively broad appeal, it already has over 55,173 holders signifying robust adoption. On top of that, it's listed in a decentralized exchange (dex), which is a standard practice, and there are more than one liquidity providers (LP) holders, adding an additional positive note to our findings. \n\nHowever, a few potential issues are noteworthy. The token is mintable, suggesting there could be an increase in token supply that can, to some extent, dilute the token's value. Additionally, the token isn't antiwhale, a somewhat troubling factor that could leave it susceptible to market manipulation by large token holders.\n\nFrom the security perspective, the audit reveals no high severity issues – a commendable point. However, it does present two medium severity issues. These highlight areas where attention is strongly advised in order to enhance the security and the dependability of the token's codebase. Though no major red flags are present, it's always wise for potential investors to tread lightly, carefully taking these factors into account. \n\nTo sum up, Fetch token has displayed several positive attributes, along with a few areas of concern noted in the audit. Prospective investors and current holders are advised to pay attention to these points for a safe trading and investment environment.","table":{"token_name":"Fetch","token_symbol":"FET","is_honeypot":"0","blacklisted":"0","external_functions":21,"internal_functions":36,"private_functions":7,"view_functions":14,"pure_functions":0,"payable_functions":0,"total_functions":75,"number_of_medium_severity_issues":2,"number_of_high_severity_issues":0,"number_of_low_severity_issues":0,"is_antiwhale":"0","buy_tax":"0","holder_count":"55173","is_mintable":"1","is_in_dex":"1","is_open_source":"1","lp_holder_count":"1","total_supply":"1152997574.999999999999656122","sell_tax":"0"}}