[{"type":"contract","name":"EnumerableSet","bases":"","specs":"[Lib]","line":28,"functions":[{"type":"func","name":"_add","spec":"[Prv]","payable":"","modifiers":"","line":53},{"type":"func","name":"_remove","spec":"[Prv]","payable":"","modifiers":"","line":71},{"type":"func","name":"_contains","spec":"[Prv]","payable":"","modifiers":"","line":108},{"type":"func","name":"_length","spec":"[Prv]","payable":"","modifiers":"","line":115},{"type":"func","name":"_at","spec":"[Prv]","payable":"","modifiers":"","line":129},{"type":"func","name":"add","spec":"[Int]","payable":"","modifiers":"","line":146},{"type":"func","name":"remove","spec":"[Int]","payable":"","modifiers":"","line":156},{"type":"func","name":"contains","spec":"[Int]","payable":"","modifiers":"","line":163},{"type":"func","name":"length","spec":"[Int]","payable":"","modifiers":"","line":170},{"type":"func","name":"at","spec":"[Int]","payable":"","modifiers":"","line":184},{"type":"func","name":"add","spec":"[Int]","payable":"","modifiers":"","line":201},{"type":"func","name":"remove","spec":"[Int]","payable":"","modifiers":"","line":211},{"type":"func","name":"contains","spec":"[Int]","payable":"","modifiers":"","line":218},{"type":"func","name":"length","spec":"[Int]","payable":"","modifiers":"","line":225},{"type":"func","name":"at","spec":"[Int]","payable":"","modifiers":"","line":239}]},{"type":"contract","name":"Address","bases":"","specs":"[Lib]","line":247,"functions":[{"type":"func","name":"isContract","spec":"[Int]","payable":"","modifiers":"","line":265},{"type":"func","name":"sendValue","spec":"[Int]","payable":"","modifiers":"","line":292}]},{"type":"contract","name":"Context","bases":"","specs":"","line":311,"functions":[{"type":"func","name":"<Constructor>","spec":"[Int]","payable":"","modifiers":"","line":314},{"type":"func","name":"_msgSender","spec":"[Int]","payable":"","modifiers":"","line":316},{"type":"func","name":"_msgData","spec":"[Int]","payable":"","modifiers":"","line":320}]},{"type":"contract","name":"AccessControl","bases":"(Context)","specs":"","line":357,"functions":[{"type":"func","name":"hasRole","spec":"[Pub]","payable":"","modifiers":"","line":390},{"type":"func","name":"getRoleMemberCount","spec":"[Pub]","payable":"","modifiers":"","line":398},{"type":"func","name":"getRoleMember","spec":"[Pub]","payable":"","modifiers":"","line":414},{"type":"func","name":"getRoleAdmin","spec":"[Pub]","payable":"","modifiers":"","line":424},{"type":"func","name":"grantRole","spec":"[Pub]","payable":"","modifiers":"","line":438},{"type":"func","name":"revokeRole","spec":"[Pub]","payable":"","modifiers":"","line":453},{"type":"func","name":"renounceRole","spec":"[Pub]","payable":"","modifiers":"","line":473},{"type":"func","name":"_setupRole","spec":"[Int]","payable":"","modifiers":"","line":495},{"type":"func","name":"_setRoleAdmin","spec":"[Int]","payable":"","modifiers":"","line":502},{"type":"func","name":"_grantRole","spec":"[Prv]","payable":"","modifiers":"","line":506},{"type":"func","name":"_revokeRole","spec":"[Prv]","payable":"","modifiers":"","line":512}]},{"type":"contract","name":"IERC20","bases":"","specs":"[Int]","line":524,"functions":[{"type":"func","name":"totalSupply","spec":"[Ext]","payable":"","modifiers":"","line":528},{"type":"func","name":"balanceOf","spec":"[Ext]","payable":"","modifiers":"","line":533},{"type":"func","name":"transfer","spec":"[Ext]","payable":"","modifiers":"","line":542},{"type":"func","name":"allowance","spec":"[Ext]","payable":"","modifiers":"","line":551},{"type":"func","name":"approve","spec":"[Ext]","payable":"","modifiers":"","line":567},{"type":"func","name":"transferFrom","spec":"[Ext]","payable":"","modifiers":"","line":578}]},{"type":"contract","name":"SafeMath","bases":"","specs":"[Lib]","line":608,"functions":[{"type":"func","name":"add","spec":"[Int]","payable":"","modifiers":"","line":618},{"type":"func","name":"sub","spec":"[Int]","payable":"","modifiers":"","line":634},{"type":"func","name":"sub","spec":"[Int]","payable":"","modifiers":"","line":647},{"type":"func","name":"mul","spec":"[Int]","payable":"","modifiers":"","line":663},{"type":"func","name":"div","spec":"[Int]","payable":"","modifiers":"","line":688},{"type":"func","name":"div","spec":"[Int]","payable":"","modifiers":"","line":703},{"type":"func","name":"mod","spec":"[Int]","payable":"","modifiers":"","line":723},{"type":"func","name":"mod","spec":"[Int]","payable":"","modifiers":"","line":738}]},{"type":"contract","name":"ERC20","bases":"(Context, IERC20)","specs":"","line":768,"functions":[{"type":"func","name":"<Constructor>","spec":"[Pub]","payable":"","modifiers":"","line":791},{"type":"func","name":"name","spec":"[Pub]","payable":"","modifiers":"","line":800},{"type":"func","name":"symbol","spec":"[Pub]","payable":"","modifiers":"","line":808},{"type":"func","name":"decimals","spec":"[Pub]","payable":"","modifiers":"","line":825},{"type":"func","name":"totalSupply","spec":"[Pub]","payable":"","modifiers":"","line":832},{"type":"func","name":"balanceOf","spec":"[Pub]","payable":"","modifiers":"","line":839},{"type":"func","name":"transfer","spec":"[Pub]","payable":"","modifiers":"","line":851},{"type":"func","name":"allowance","spec":"[Pub]","payable":"","modifiers":"","line":859},{"type":"func","name":"approve","spec":"[Pub]","payable":"","modifiers":"","line":870},{"type":"func","name":"transferFrom","spec":"[Pub]","payable":"","modifiers":"","line":887},{"type":"func","name":"increaseAllowance","spec":"[Pub]","payable":"","modifiers":"","line":905},{"type":"func","name":"decreaseAllowance","spec":"[Pub]","payable":"","modifiers":"","line":924},{"type":"func","name":"_transfer","spec":"[Int]","payable":"","modifiers":"","line":943},{"type":"func","name":"_mint","spec":"[Int]","payable":"","modifiers":"","line":963},{"type":"func","name":"_burn","spec":"[Int]","payable":"","modifiers":"","line":984},{"type":"func","name":"_approve","spec":"[Int]","payable":"","modifiers":"","line":1007},{"type":"func","name":"_setupDecimals","spec":"[Int]","payable":"","modifiers":"","line":1022},{"type":"func","name":"_beforeTokenTransfer","spec":"[Int]","payable":"","modifiers":"","line":1040}]},{"type":"contract","name":"Pausable","bases":"(Context)","specs":"","line":1053,"functions":[{"type":"func","name":"<Constructor>","spec":"[Int]","payable":"","modifiers":"","line":1069},{"type":"func","name":"paused","spec":"[Pub]","payable":"","modifiers":"","line":1076},{"type":"func","name":"_pause","spec":"[Int]","payable":"","modifiers":"whenNotPaused","line":1099},{"type":"func","name":"_unpause","spec":"[Int]","payable":"","modifiers":"whenPaused","line":1107}]},{"type":"contract","name":"ERC20Pausable","bases":"(ERC20, Pausable)","specs":"","line":1120,"functions":[{"type":"func","name":"_beforeTokenTransfer","spec":"[Int]","payable":"","modifiers":"","line":1128}]},{"type":"contract","name":"ERC20Burnable","bases":"(Context, ERC20)","specs":"","line":1141,"functions":[{"type":"func","name":"burn","spec":"[Ext]","payable":"","modifiers":"","line":1147},{"type":"func","name":"burnFrom","spec":"[Ext]","payable":"","modifiers":"","line":1162}]},{"type":"contract","name":"FetchToken","bases":"(Context, AccessControl, ERC20Burnable, ERC20Pausable)","specs":"","line":1184,"functions":[{"type":"func","name":"<Constructor>","spec":"[Pub]","payable":"","modifiers":"ERC20","line":1207},{"type":"func","name":"mint","spec":"[Ext]","payable":"","modifiers":"onlyMinter","line":1226},{"type":"func","name":"pause","spec":"[Ext]","payable":"","modifiers":"onlyPauser","line":1239},{"type":"func","name":"unpause","spec":"[Ext]","payable":"","modifiers":"onlyPauser","line":1252},{"type":"func","name":"_beforeTokenTransfer","spec":"[Int]","payable":"","modifiers":"","line":1256}]}]