{"nodes":[{"id":"SafeMath"},{"id":"ERC20Basic"},{"id":"ERC20"},{"id":"ERC677"},{"id":"ERC677Receiver"},{"id":"BasicToken"},{"id":"StandardToken"},{"id":"ERC677Token"},{"id":"LinkToken"}],"links":[{"source":"ERC20Basic","target":"ERC20"},{"source":"ERC20","target":"ERC677"},{"source":"ERC20Basic","target":"ERC677"},{"source":"ERC20Basic","target":"BasicToken"},{"source":"BasicToken","target":"StandardToken"},{"source":"ERC20","target":"StandardToken"},{"source":"ERC20Basic","target":"StandardToken"},{"source":"ERC677","target":"ERC677Token"},{"source":"ERC20","target":"ERC677Token"},{"source":"ERC20Basic","target":"ERC677Token"},{"source":"ERC677Token","target":"LinkToken"},{"source":"ERC677","target":"LinkToken"},{"source":"StandardToken","target":"LinkToken"},{"source":"BasicToken","target":"LinkToken"},{"source":"ERC20","target":"LinkToken"},{"source":"ERC20Basic","target":"LinkToken"}]}