{"data":{"tokens":[{"address":"0x514910771af9ca656af840dff83e8264ecf986ca","decimals":18,"id":"0x514910771af9ca656af840dff83e8264ecf986ca:1","name":"ChainLink Token","networkId":1,"symbol":"LINK","imageLargeUrl":"https://token-media.defined.fi/1_0x514910771af9ca656af840dff83e8264ecf986ca_large.png","imageSmallUrl":"https://token-media.defined.fi/1_0x514910771af9ca656af840dff83e8264ecf986ca_small.png","imageThumbUrl":"https://token-media.defined.fi/1_0x514910771af9ca656af840dff83e8264ecf986ca_thumb.png","explorerData":{"id":"0x514910771af9ca656af840dff83e8264ecf986ca:1","blueCheckmark":false,"description":null,"divisor":null,"tokenPriceUSD":null,"tokenType":null,"__typename":"ExplorerTokenData"},"info":{"address":"0x514910771af9ca656af840dff83e8264ecf986ca","circulatingSupply":"556849971","id":"0x514910771af9ca656af840dff83e8264ecf986ca:1","imageLargeUrl":"https://token-media.defined.fi/1_0x514910771af9ca656af840dff83e8264ecf986ca_large.png","imageSmallUrl":"https://token-media.defined.fi/1_0x514910771af9ca656af840dff83e8264ecf986ca_small.png","imageThumbUrl":"https://token-media.defined.fi/1_0x514910771af9ca656af840dff83e8264ecf986ca_thumb.png","isScam":null,"name":"ChainLink Token","networkId":1,"symbol":"LINK","totalSupply":"1000000000","__typename":"TokenInfo"},"socialLinks":{"bitcointalk":null,"blog":null,"coingecko":"https://www.coingecko.com/en/coins/chainlink","coinmarketcap":"https://coinmarketcap.com/currencies/chainlink/","discord":null,"email":null,"facebook":null,"github":null,"instagram":null,"linkedin":null,"reddit":null,"slack":null,"telegram":null,"twitch":null,"twitter":null,"website":null,"wechat":null,"whitepaper":null,"youtube":"https://www.youtube.com/channel/UCnjkrlqaWEBSnKZQ71gdyFA","__typename":"SocialLinks"},"__typename":"EnhancedToken"}]}}