{"text":"The ChainLink Token (LINK), as audited, has several positive attributes that indicate sound potential for involvement in the ERC20 market. Excelling in aspects of credibility, LINK is notably not a honeypot, nor blacklisted, and doesn't implement user blacklisting. Its open-source nature enhances this transparency. While not antiwhale or mintable, indicating suboptimal measures to prevent price manipulation and limit supply, its presence on the DEX and zero buy and sell tax brackets offer feasibility to holders. A vast holder base underscores wide adoption but a comparatively small number of LP holders raises liquidity dispersion concerns. LINK also contains a balanced mixture of function types within the smart contract, but having a single medium severity issue need to be mitigated promptly. Despite these mixed attributes, LINK delivers a combination of utility, transparency and wide use which makes this token an intriguing consideration.","table":{"token_name":"ChainLink Token","token_symbol":"LINK","is_honeypot":"0","blacklisted":"0","external_functions":20,"internal_functions":4,"private_functions":2,"view_functions":6,"pure_functions":0,"payable_functions":0,"total_functions":26,"number_of_medium_severity_issues":1,"number_of_high_severity_issues":0,"number_of_low_severity_issues":0,"is_antiwhale":"0","buy_tax":"0","holder_count":"704376","is_mintable":"0","is_in_dex":"1","is_open_source":"1","lp_holder_count":"4","total_supply":"1000000000","sell_tax":"0"}}