[{"type":"contract","name":"SafeMath","bases":"","specs":"[Lib]","line":8,"functions":[{"type":"func","name":"mul","spec":"[Int]","payable":"","modifiers":"","line":9},{"type":"func","name":"div","spec":"[Int]","payable":"","modifiers":"","line":15},{"type":"func","name":"sub","spec":"[Int]","payable":"","modifiers":"","line":22},{"type":"func","name":"add","spec":"[Int]","payable":"","modifiers":"","line":27}]},{"type":"contract","name":"ERC20Basic","bases":"","specs":"","line":40,"functions":[{"type":"func","name":"balanceOf","spec":"[Pub]","payable":"","modifiers":"","line":42},{"type":"func","name":"transfer","spec":"[Pub]","payable":"","modifiers":"","line":43}]},{"type":"contract","name":"ERC20","bases":"(ERC20Basic)","specs":"","line":50,"functions":[{"type":"func","name":"allowance","spec":"[Pub]","payable":"","modifiers":"","line":51},{"type":"func","name":"transferFrom","spec":"[Pub]","payable":"","modifiers":"","line":52},{"type":"func","name":"approve","spec":"[Pub]","payable":"","modifiers":"","line":53}]},{"type":"contract","name":"ERC677","bases":"(ERC20)","specs":"","line":57,"functions":[{"type":"func","name":"transferAndCall","spec":"[Pub]","payable":"","modifiers":"","line":58}]},{"type":"contract","name":"ERC677Receiver","bases":"","specs":"","line":63,"functions":[{"type":"func","name":"onTokenTransfer","spec":"[Pub]","payable":"","modifiers":"","line":64}]},{"type":"contract","name":"BasicToken","bases":"(ERC20Basic)","specs":"","line":71,"functions":[{"type":"func","name":"transfer","spec":"[Pub]","payable":"","modifiers":"","line":81},{"type":"func","name":"balanceOf","spec":"[Pub]","payable":"","modifiers":"","line":93}]},{"type":"contract","name":"StandardToken","bases":"(ERC20, BasicToken)","specs":"","line":107,"functions":[{"type":"func","name":"transferFrom","spec":"[Pub]","payable":"","modifiers":"","line":118},{"type":"func","name":"approve","spec":"[Pub]","payable":"","modifiers":"","line":136},{"type":"func","name":"allowance","spec":"[Pub]","payable":"","modifiers":"","line":148},{"type":"func","name":"increaseApproval","spec":"[Pub]","payable":"","modifiers":"","line":158},{"type":"func","name":"decreaseApproval","spec":"[Pub]","payable":"","modifiers":"","line":165}]},{"type":"contract","name":"ERC677Token","bases":"(ERC677)","specs":"","line":179,"functions":[{"type":"func","name":"transferAndCall","spec":"[Pub]","payable":"","modifiers":"","line":187},{"type":"func","name":"contractFallback","spec":"[Prv]","payable":"","modifiers":"","line":202},{"type":"func","name":"isContract","spec":"[Prv]","payable":"","modifiers":"","line":209}]},{"type":"contract","name":"LinkToken","bases":"(StandardToken, ERC677Token)","specs":"","line":220,"functions":[{"type":"func","name":"<Constructor>","spec":"[Pub]","payable":"","modifiers":"","line":227},{"type":"func","name":"transferAndCall","spec":"[Pub]","payable":"","modifiers":"validRecipient","line":239},{"type":"func","name":"transfer","spec":"[Pub]","payable":"","modifiers":"validRecipient","line":252},{"type":"func","name":"approve","spec":"[Pub]","payable":"","modifiers":"validRecipient","line":265},{"type":"func","name":"transferFrom","spec":"[Pub]","payable":"","modifiers":"validRecipient","line":279}]}]