{"nodes":[{"id":"IERC20"},{"id":"IERC20Metadata"},{"id":"IUniswapV2Router01"},{"id":"IUniswapV2Router02"},{"id":"Context"},{"id":"EnumerableSet"},{"id":"IUniswapV2Factory"},{"id":"IERC20ConfigByMetadrop"},{"id":"IConfigStructures"},{"id":"IERC20ByMetadrop"},{"id":"IErrors"},{"id":"IERC20FactoryByMetadrop"},{"id":"Revert"},{"id":"Ownable"},{"id":"Ownable2Step"},{"id":"IERC20Permit"},{"id":"Address"},{"id":"SafeERC20"},{"id":"IERCBurn"},{"id":"IMigrator"},{"id":"IUniswapV2Locker"},{"id":"IWETH"},{"id":"ERC20ByMetadrop"}],"links":[{"source":"IERC20","target":"IERC20Metadata"},{"source":"IUniswapV2Router01","target":"IUniswapV2Router02"},{"source":"IERC20Metadata","target":"IERC20ByMetadrop"},{"source":"IERC20","target":"IERC20ByMetadrop"},{"source":"IERC20ConfigByMetadrop","target":"IERC20ByMetadrop"},{"source":"IConfigStructures","target":"IERC20ByMetadrop"},{"source":"IERC20ConfigByMetadrop","target":"IERC20FactoryByMetadrop"},{"source":"IErrors","target":"IERC20FactoryByMetadrop"},{"source":"IConfigStructures","target":"IERC20FactoryByMetadrop"},{"source":"Context","target":"Ownable"},{"source":"Revert","target":"Ownable"},{"source":"IErrors","target":"Ownable"},{"source":"Ownable","target":"Ownable2Step"},{"source":"Context","target":"Ownable2Step"},{"source":"Revert","target":"Ownable2Step"},{"source":"IErrors","target":"Ownable2Step"},{"source":"IERC20","target":"IWETH"},{"source":"Ownable2Step","target":"ERC20ByMetadrop"},{"source":"Ownable","target":"ERC20ByMetadrop"},{"source":"Context","target":"ERC20ByMetadrop"},{"source":"Revert","target":"ERC20ByMetadrop"},{"source":"IErrors","target":"ERC20ByMetadrop"},{"source":"IERC20ByMetadrop","target":"ERC20ByMetadrop"},{"source":"IERC20Metadata","target":"ERC20ByMetadrop"},{"source":"IERC20","target":"ERC20ByMetadrop"},{"source":"IERC20ConfigByMetadrop","target":"ERC20ByMetadrop"},{"source":"IConfigStructures","target":"ERC20ByMetadrop"}]}