[
    {
        "title": "Reentrancy",
        "severity": "LOW",
        "mitigation": "The 'addInitialLiquidity' function is vulnerable to reentrancy attacks. The function is marked as 'external payable' and calls an external contract ('_uniswapRouter.addLiquidityETH') without setting the '_autoSwapInProgress' flag to true before. This could potentially allow reentrancy if the external contract is malicious or has a fallback function."
    },
    {
        "title": "Unchecked External Call Return Value",
        "severity": "LOW",
        "mitigation": "The '_swapTaxForNative' function executes a swap operation via an external contract call to '_uniswapRouter.swapExactTokensForETHSupportingFeeOnTransferTokens'. However, it does not check the return value of this call. This could lead to a loss of funds if the swap fails and the contract state is not correctly updated."
    }
]