{"data":{"tokens":[{"address":"0x144805be43c48ef85435c94e0da4cb4efb1ab4f3","decimals":18,"id":"0x144805be43c48ef85435c94e0da4cb4efb1ab4f3:1","name":"MetaBlox","networkId":1,"symbol":"MBX","imageLargeUrl":"https://token-media.defined.fi/1_0x144805be43c48ef85435c94e0da4cb4efb1ab4f3_large.png","imageSmallUrl":"https://token-media.defined.fi/1_0x144805be43c48ef85435c94e0da4cb4efb1ab4f3_small.png","imageThumbUrl":"https://token-media.defined.fi/1_0x144805be43c48ef85435c94e0da4cb4efb1ab4f3_thumb.png","explorerData":{"id":"0x144805be43c48ef85435c94e0da4cb4efb1ab4f3:1","blueCheckmark":true,"description":"The future of user-generated content meets blockchain technology. Backed by a proven team of expert Roblox developers in the top 10% for revenue generation, MetaBlox is bringing together the power of cryptocurrency and game monetization, with real revenue streams already established.","divisor":"18","tokenPriceUSD":"0.000000000000000000","tokenType":"ERC20","__typename":"ExplorerTokenData"},"info":{"address":"0x144805be43c48ef85435c94e0da4cb4efb1ab4f3","circulatingSupply":"50000000","id":"0x144805be43c48ef85435c94e0da4cb4efb1ab4f3:1","imageLargeUrl":"https://token-media.defined.fi/1_0x144805be43c48ef85435c94e0da4cb4efb1ab4f3_large.png","imageSmallUrl":"https://token-media.defined.fi/1_0x144805be43c48ef85435c94e0da4cb4efb1ab4f3_small.png","imageThumbUrl":"https://token-media.defined.fi/1_0x144805be43c48ef85435c94e0da4cb4efb1ab4f3_thumb.png","isScam":null,"name":"MetaBlox","networkId":1,"symbol":"MBX","totalSupply":"50000000","__typename":"TokenInfo"},"socialLinks":{"bitcointalk":"","blog":"","coingecko":null,"coinmarketcap":null,"discord":"","email":"contact@metablox.games","facebook":"","github":"","instagram":null,"linkedin":"","reddit":"","slack":"","telegram":"https://t.me/themetablox","twitch":null,"twitter":"https://twitter.com/metabloxgames","website":"https://metablox.games/","wechat":"","whitepaper":"https://whitepaper.metablox.games/","youtube":null,"__typename":"SocialLinks"},"__typename":"EnhancedToken"}]}}