{"time":1702634059449,"data":{"code":1,"message":"OK","result":{"0x144805be43c48ef85435c94e0da4cb4efb1ab4f3":{"anti_whale_modifiable":"0","buy_tax":"0.05","can_take_back_ownership":"0","cannot_buy":"0","cannot_sell_all":"0","creator_address":"0xf54bf88420ca9ac3b4eeba8c1d96a17ed66fd26f","creator_balance":"434383.897006635346768509","creator_percent":"0.008688","dex":[{"liquidity_type":"UniV2","name":"UniswapV2","liquidity":"132275.69134430","pair":"0x8a70b86153d2293400df87ac328aa9b0304d7e90"}],"external_call":"0","hidden_owner":"0","holder_count":"1729","holders":[{"address":"0x000000000000000000000000000000000000dead","tag":"","is_contract":0,"balance":"7500000","percent":"0.150000000000000000","is_locked":1},{"address":"0x8a70b86153d2293400df87ac328aa9b0304d7e90","tag":"UniswapV2","is_contract":1,"balance":"1668698.821212756564406113","percent":"0.033373976424255131","is_locked":0},{"address":"0xfc9a16827e49af1ec55aabe850fe58ec0b19cd84","tag":"","is_contract":0,"balance":"958000.32633882565984145","percent":"0.019160006526776513","is_locked":0},{"address":"0xa9adda56845662af63a16a02afe2512e0babe4f0","tag":"","is_contract":0,"balance":"795394.947849240548266281","percent":"0.015907898956984810","is_locked":0},{"address":"0x80e4c0eb798162500c6d0280629a3baa7eb8f2e9","tag":"","is_contract":0,"balance":"576249.206593269410393441","percent":"0.011524984131865388","is_locked":0},{"address":"0xa556f623c5009158c6d96c64729c52a24702c8d9","tag":"","is_contract":0,"balance":"544180.697489427551433555","percent":"0.010883613949788551","is_locked":0},{"address":"0x0c5a2c72c009252f0e7312f5a1ab87de02be6fbe","tag":"","is_contract":0,"balance":"529307.001996881733622004","percent":"0.010586140039937634","is_locked":0},{"address":"0x995c0e91e46d1074ce72e37f4f5d65adacc54a61","tag":"","is_contract":0,"balance":"526502.198241107850500343","percent":"0.010530043964822157","is_locked":0},{"address":"0xa7bc241983c1e083776d5a13c63c9600349c689c","tag":"","is_contract":0,"balance":"500050","percent":"0.010001000000000000","is_locked":0},{"address":"0xab6ab4b31876fece623cd9a21302d51a44366a2f","tag":"","is_contract":0,"balance":"500000","percent":"0.010000000000000000","is_locked":0}],"honeypot_with_same_creator":"0","is_anti_whale":"1","is_blacklisted":"0","is_honeypot":"0","is_in_dex":"1","is_mintable":"0","is_open_source":"1","is_proxy":"0","is_whitelisted":"0","lp_holder_count":"3","lp_holders":[{"address":"0x663a5c229c09b049e36dcc11a9b0d4a8eb9db214","tag":"UniCrypt","value":null,"is_contract":1,"balance":"7958.476679869097511587","percent":"0.999704457564273539","NFT_list":null,"is_locked":1,"locked_detail":[{"amount":"6198.696669462057165605","end_time":"2024-04-30T16:00:00+00:00","opt_time":"2023-10-30T21:46:59+00:00"},{"amount":"1526.856480938369643188","end_time":"2024-05-01T22:38:14+00:00","opt_time":"2023-11-01T22:55:47+00:00"},{"amount":"232.923529468670702794","end_time":"2024-06-04T01:18:53+00:00","opt_time":"2023-12-04T02:20:35+00:00"}]},{"address":"0x04bda42de3bc32abb00df46004204424d4cf8287","tag":"","value":null,"is_contract":0,"balance":"2.352762923925966694","percent":"0.000295542435726459","NFT_list":null,"is_locked":0},{"address":"0x0000000000000000000000000000000000000000","tag":"Null Address","value":null,"is_contract":0,"balance":"0.000000000000001","percent":"0.000000000000000000","NFT_list":null,"is_locked":1}],"lp_total_supply":"7960.829442793023479281","owner_address":"0xf54bf88420ca9ac3b4eeba8c1d96a17ed66fd26f","owner_balance":"434383.897006635346768509","owner_change_balance":"0","owner_percent":"0.008688","personal_slippage_modifiable":"0","selfdestruct":"0","sell_tax":"0.05","slippage_modifiable":"0","token_name":"MetaBlox","token_symbol":"MBX","total_supply":"50000000","trading_cooldown":"0","transfer_pausable":"0"}}}}