{"text":"The audit of MetaBlox (MBX) closes with mixed results, presenting a combination of positive aspects and areas for improvement. Valuable strengths include antiwhale measures and non-mintability, both safeguarding token value. Additionally, the absence of a blacklist encourages unrestricted trading within its growing community of 1729 holders, and its listing on a decentralized exchange (dex) aligns with typical expectations in the crypto space. \n\nHowever, the audit also reveals potential concerns. The sell and buy taxes of 5% are considered slightly above average, potentially impacting transaction costs for investors. As well, caution must be exercised due to one high-severity issue identified as highly risky and warrants immediate action. Another medium-severity issue also calls for attention to ensure the safety and trustworthiness of the MBX codebase.\n\nOverall, while MetaBlox exhibits aspects that support its adoption and utility in the crypto market, there is a conspicuous need for critical improvements. Addressing these issues could enhance its security, foster trust among its holders, and bolster its overall value for both present and potential investors. \n\nConclusively, more proactive steps, particularly regarding the flagged issues, may substantially propel MetaBlox forward. Provided the necessary amendments are made, the token should continue to appeal to its base of Bitcoin enthusiasts, establishing a more definitive place in the cryptocurrency market.\n","table":{"token_name":"MetaBlox","token_symbol":"MBX","is_honeypot":"0","blacklisted":"0","external_functions":30,"internal_functions":63,"private_functions":9,"view_functions":44,"pure_functions":0,"payable_functions":0,"total_functions":231,"number_of_medium_severity_issues":1,"number_of_high_severity_issues":1,"number_of_low_severity_issues":0,"is_antiwhale":"1","buy_tax":"0.05","holder_count":"1729","is_mintable":"0","is_in_dex":"1","is_open_source":"1","lp_holder_count":"3","total_supply":"50000000","sell_tax":"0.05"}}