[{"type":"contract","name":"IERC20","bases":"","specs":"[Int]","line":44,"functions":[{"type":"func","name":"totalSupply","spec":"[Ext]","payable":"","modifiers":"","line":62},{"type":"func","name":"balanceOf","spec":"[Ext]","payable":"","modifiers":"","line":67},{"type":"func","name":"transfer","spec":"[Ext]","payable":"","modifiers":"","line":76},{"type":"func","name":"allowance","spec":"[Ext]","payable":"","modifiers":"","line":85},{"type":"func","name":"approve","spec":"[Ext]","payable":"","modifiers":"","line":101},{"type":"func","name":"transferFrom","spec":"[Ext]","payable":"","modifiers":"","line":112}]},{"type":"contract","name":"IERC20Metadata","bases":"(IERC20)","specs":"[Int]","line":126,"functions":[{"type":"func","name":"name","spec":"[Ext]","payable":"","modifiers":"","line":130},{"type":"func","name":"symbol","spec":"[Ext]","payable":"","modifiers":"","line":135},{"type":"func","name":"decimals","spec":"[Ext]","payable":"","modifiers":"","line":140}]},{"type":"contract","name":"IUniswapV2Router01","bases":"","specs":"[Int]","line":147,"functions":[{"type":"func","name":"factory","spec":"[Ext]","payable":"","modifiers":"","line":148},{"type":"func","name":"WETH","spec":"[Ext]","payable":"","modifiers":"","line":149},{"type":"func","name":"addLiquidity","spec":"[Ext]","payable":"","modifiers":"","line":151},{"type":"func","name":"addLiquidityETH","spec":"[Ext]","payable":" ($)","modifiers":"","line":161},{"type":"func","name":"removeLiquidity","spec":"[Ext]","payable":"","modifiers":"","line":169},{"type":"func","name":"removeLiquidityETH","spec":"[Ext]","payable":"","modifiers":"","line":178},{"type":"func","name":"removeLiquidityWithPermit","spec":"[Ext]","payable":"","modifiers":"","line":186},{"type":"func","name":"removeLiquidityETHWithPermit","spec":"[Ext]","payable":"","modifiers":"","line":196},{"type":"func","name":"swapExactTokensForTokens","spec":"[Ext]","payable":"","modifiers":"","line":205},{"type":"func","name":"swapTokensForExactTokens","spec":"[Ext]","payable":"","modifiers":"","line":212},{"type":"func","name":"swapExactETHForTokens","spec":"[Ext]","payable":" ($)","modifiers":"","line":219},{"type":"func","name":"swapTokensForExactETH","spec":"[Ext]","payable":"","modifiers":"","line":223},{"type":"func","name":"swapExactTokensForETH","spec":"[Ext]","payable":"","modifiers":"","line":226},{"type":"func","name":"swapETHForExactTokens","spec":"[Ext]","payable":" ($)","modifiers":"","line":229},{"type":"func","name":"quote","spec":"[Ext]","payable":"","modifiers":"","line":234},{"type":"func","name":"getAmountOut","spec":"[Ext]","payable":"","modifiers":"","line":235},{"type":"func","name":"getAmountIn","spec":"[Ext]","payable":"","modifiers":"","line":236},{"type":"func","name":"getAmountsOut","spec":"[Ext]","payable":"","modifiers":"","line":237},{"type":"func","name":"getAmountsIn","spec":"[Ext]","payable":"","modifiers":"","line":238}]},{"type":"contract","name":"IUniswapV2Router02","bases":"(IUniswapV2Router01)","specs":"[Int]","line":245,"functions":[{"type":"func","name":"removeLiquidityETHSupportingFeeOnTransferTokens","spec":"[Ext]","payable":"","modifiers":"","line":246},{"type":"func","name":"removeLiquidityETHWithPermitSupportingFeeOnTransferTokens","spec":"[Ext]","payable":"","modifiers":"","line":254},{"type":"func","name":"swapExactTokensForTokensSupportingFeeOnTransferTokens","spec":"[Ext]","payable":"","modifiers":"","line":264},{"type":"func","name":"swapExactETHForTokensSupportingFeeOnTransferTokens","spec":"[Ext]","payable":" ($)","modifiers":"","line":271},{"type":"func","name":"swapExactTokensForETHSupportingFeeOnTransferTokens","spec":"[Ext]","payable":"","modifiers":"","line":277}]},{"type":"contract","name":"Context","bases":"","specs":"","line":302,"functions":[{"type":"func","name":"_msgSender","spec":"[Int]","payable":"","modifiers":"","line":303},{"type":"func","name":"_msgData","spec":"[Int]","payable":"","modifiers":"","line":307}]},{"type":"contract","name":"EnumerableSet","bases":"","specs":"[Lib]","line":353,"functions":[{"type":"func","name":"_add","spec":"[Prv]","payable":"","modifiers":"","line":377},{"type":"func","name":"_remove","spec":"[Prv]","payable":"","modifiers":"","line":395},{"type":"func","name":"_contains","spec":"[Prv]","payable":"","modifiers":"","line":432},{"type":"func","name":"_length","spec":"[Prv]","payable":"","modifiers":"","line":439},{"type":"func","name":"_at","spec":"[Prv]","payable":"","modifiers":"","line":453},{"type":"func","name":"_values","spec":"[Prv]","payable":"","modifiers":"","line":465},{"type":"func","name":"add","spec":"[Int]","payable":"","modifiers":"","line":481},{"type":"func","name":"remove","spec":"[Int]","payable":"","modifiers":"","line":491},{"type":"func","name":"contains","spec":"[Int]","payable":"","modifiers":"","line":498},{"type":"func","name":"length","spec":"[Int]","payable":"","modifiers":"","line":505},{"type":"func","name":"at","spec":"[Int]","payable":"","modifiers":"","line":519},{"type":"func","name":"values","spec":"[Int]","payable":"","modifiers":"","line":531},{"type":"func","name":"add","spec":"[Int]","payable":"","modifiers":"","line":555},{"type":"func","name":"remove","spec":"[Int]","payable":"","modifiers":"","line":565},{"type":"func","name":"contains","spec":"[Int]","payable":"","modifiers":"","line":572},{"type":"func","name":"length","spec":"[Int]","payable":"","modifiers":"","line":579},{"type":"func","name":"at","spec":"[Int]","payable":"","modifiers":"","line":593},{"type":"func","name":"values","spec":"[Int]","payable":"","modifiers":"","line":605},{"type":"func","name":"add","spec":"[Int]","payable":"","modifiers":"","line":629},{"type":"func","name":"remove","spec":"[Int]","payable":"","modifiers":"","line":639},{"type":"func","name":"contains","spec":"[Int]","payable":"","modifiers":"","line":646},{"type":"func","name":"length","spec":"[Int]","payable":"","modifiers":"","line":653},{"type":"func","name":"at","spec":"[Int]","payable":"","modifiers":"","line":667},{"type":"func","name":"values","spec":"[Int]","payable":"","modifiers":"","line":679}]},{"type":"contract","name":"IUniswapV2Factory","bases":"","specs":"[Int]","line":696,"functions":[{"type":"func","name":"feeTo","spec":"[Ext]","payable":"","modifiers":"","line":699},{"type":"func","name":"feeToSetter","spec":"[Ext]","payable":"","modifiers":"","line":700},{"type":"func","name":"getPair","spec":"[Ext]","payable":"","modifiers":"","line":702},{"type":"func","name":"allPairs","spec":"[Ext]","payable":"","modifiers":"","line":703},{"type":"func","name":"allPairsLength","spec":"[Ext]","payable":"","modifiers":"","line":704},{"type":"func","name":"createPair","spec":"[Ext]","payable":"","modifiers":"","line":706},{"type":"func","name":"setFeeTo","spec":"[Ext]","payable":"","modifiers":"","line":708},{"type":"func","name":"setFeeToSetter","spec":"[Ext]","payable":"","modifiers":"","line":709}]},{"type":"contract","name":"IERC20ConfigByMetadrop","bases":"","specs":"[Int]","line":726,"functions":[]},{"type":"contract","name":"IConfigStructures","bases":"","specs":"[Int]","line":791,"functions":[]},{"type":"contract","name":"IERC20ByMetadrop","bases":"(IConfigStructures, IERC20, IERC20ConfigByMetadrop, IERC20Metadata)","specs":"[Int]","line":907,"functions":[{"type":"func","name":"addInitialLiquidity","spec":"[Ext]","payable":" ($)","modifiers":"","line":994},{"type":"func","name":"isLiquidityPool","spec":"[Ext]","payable":"","modifiers":"","line":1008},{"type":"func","name":"liquidityPools","spec":"[Ext]","payable":"","modifiers":"","line":1017},{"type":"func","name":"addLiquidityPool","spec":"[Ext]","payable":"","modifiers":"","line":1029},{"type":"func","name":"removeLiquidityPool","spec":"[Ext]","payable":"","modifiers":"","line":1038},{"type":"func","name":"isUnlimited","spec":"[Ext]","payable":"","modifiers":"","line":1048},{"type":"func","name":"unlimitedAddresses","spec":"[Ext]","payable":"","modifiers":"","line":1057},{"type":"func","name":"addUnlimited","spec":"[Ext]","payable":"","modifiers":"","line":1069},{"type":"func","name":"removeUnlimited","spec":"[Ext]","payable":"","modifiers":"","line":1078},{"type":"func","name":"isValidCaller","spec":"[Ext]","payable":"","modifiers":"","line":1088},{"type":"func","name":"validCallers","spec":"[Ext]","payable":"","modifiers":"","line":1097},{"type":"func","name":"addValidCaller","spec":"[Ext]","payable":"","modifiers":"","line":1109},{"type":"func","name":"removeValidCaller","spec":"[Ext]","payable":"","modifiers":"","line":1118},{"type":"func","name":"setProjectTaxRecipient","spec":"[Ext]","payable":"","modifiers":"","line":1127},{"type":"func","name":"setSwapThresholdBasisPoints","spec":"[Ext]","payable":"","modifiers":"","line":1136},{"type":"func","name":"setProjectTaxRates","spec":"[Ext]","payable":"","modifiers":"","line":1148},{"type":"func","name":"setLimits","spec":"[Ext]","payable":"","modifiers":"","line":1161},{"type":"func","name":"limitsEnforced","spec":"[Ext]","payable":"","modifiers":"","line":1173},{"type":"func","name":"getMetadropBuyTaxBasisPoints","spec":"[Ext]","payable":"","modifiers":"","line":1180},{"type":"func","name":"getMetadropSellTaxBasisPoints","spec":"[Ext]","payable":"","modifiers":"","line":1187},{"type":"func","name":"totalBuyTaxBasisPoints","spec":"[Ext]","payable":"","modifiers":"","line":1194},{"type":"func","name":"totalSellTaxBasisPoints","spec":"[Ext]","payable":"","modifiers":"","line":1201},{"type":"func","name":"distributeTaxTokens","spec":"[Ext]","payable":"","modifiers":"","line":1223},{"type":"func","name":"withdrawETH","spec":"[Ext]","payable":"","modifiers":"","line":1239},{"type":"func","name":"withdrawERC20","spec":"[Ext]","payable":"","modifiers":"","line":1257},{"type":"func","name":"burn","spec":"[Ext]","payable":"","modifiers":"","line":1264},{"type":"func","name":"burnFrom","spec":"[Ext]","payable":"","modifiers":"","line":1277}]},{"type":"contract","name":"IErrors","bases":"","specs":"[Int]","line":1294,"functions":[]},{"type":"contract","name":"IERC20FactoryByMetadrop","bases":"(IConfigStructures, IErrors, IERC20ConfigByMetadrop)","specs":"[Int]","line":1620,"functions":[{"type":"func","name":"initialiseMachineAddress","spec":"[Ext]","payable":"","modifiers":"","line":1658},{"type":"func","name":"decommissionFactory","spec":"[Ext]","payable":"","modifiers":"","line":1666},{"type":"func","name":"setMetadropOracleAddress","spec":"[Ext]","payable":"","modifiers":"","line":1675},{"type":"func","name":"setMessageValidityInSeconds","spec":"[Ext]","payable":"","modifiers":"","line":1684},{"type":"func","name":"setPlatformTreasury","spec":"[Ext]","payable":"","modifiers":"","line":1699},{"type":"func","name":"setMachineAddress","spec":"[Ext]","payable":"","modifiers":"","line":1708},{"type":"func","name":"setDriPoolAddress","spec":"[Ext]","payable":"","modifiers":"","line":1717},{"type":"func","name":"withdrawETH","spec":"[Ext]","payable":"","modifiers":"","line":1726},{"type":"func","name":"withdrawERC20","spec":"[Ext]","payable":"","modifiers":"","line":1736},{"type":"func","name":"createERC20","spec":"[Ext]","payable":" ($)","modifiers":"","line":1751},{"type":"func","name":"createConfigHash","spec":"[Ext]","payable":"","modifiers":"","line":1774}]},{"type":"contract","name":"Revert","bases":"","specs":"","line":1799,"functions":[{"type":"func","name":"_revert","spec":"[Int]","payable":"","modifiers":"","line":1803}]},{"type":"contract","name":"Ownable","bases":"(IErrors, Revert, Context)","specs":"","line":1830,"functions":[{"type":"func","name":"<Constructor>","spec":"[Pub]","payable":"","modifiers":"","line":1841},{"type":"func","name":"owner","spec":"[Pub]","payable":"","modifiers":"","line":1856},{"type":"func","name":"_checkOwner","spec":"[Int]","payable":"","modifiers":"","line":1863},{"type":"func","name":"renounceOwnership","spec":"[Pub]","payable":"","modifiers":"onlyOwner","line":1876},{"type":"func","name":"transferOwnership","spec":"[Pub]","payable":"","modifiers":"onlyOwner","line":1884},{"type":"func","name":"_transferOwnership","spec":"[Int]","payable":"","modifiers":"","line":1895}]},{"type":"contract","name":"Ownable2Step","bases":"(Ownable)","specs":"","line":1920,"functions":[{"type":"func","name":"pendingOwner","spec":"[Pub]","payable":"","modifiers":"","line":1931},{"type":"func","name":"transferOwnership","spec":"[Pub]","payable":"","modifiers":"onlyOwner","line":1939},{"type":"func","name":"_transferOwnership","spec":"[Int]","payable":"","modifiers":"","line":1950},{"type":"func","name":"acceptOwnership","spec":"[Pub]","payable":"","modifiers":"","line":1958}]},{"type":"contract","name":"IERC20Permit","bases":"","specs":"[Int]","line":1981,"functions":[{"type":"func","name":"permit","spec":"[Ext]","payable":"","modifiers":"","line":2003},{"type":"func","name":"nonces","spec":"[Ext]","payable":"","modifiers":"","line":2020},{"type":"func","name":"DOMAIN_SEPARATOR","spec":"[Ext]","payable":"","modifiers":"","line":2026}]},{"type":"contract","name":"Address","bases":"","specs":"[Lib]","line":2038,"functions":[{"type":"func","name":"isContract","spec":"[Int]","payable":"","modifiers":"","line":2069},{"type":"func","name":"sendValue","spec":"[Int]","payable":"","modifiers":"","line":2093},{"type":"func","name":"functionCall","spec":"[Int]","payable":"","modifiers":"","line":2118},{"type":"func","name":"functionCall","spec":"[Int]","payable":"","modifiers":"","line":2128},{"type":"func","name":"functionCallWithValue","spec":"[Int]","payable":"","modifiers":"","line":2147},{"type":"func","name":"functionCallWithValue","spec":"[Int]","payable":"","modifiers":"","line":2157},{"type":"func","name":"functionStaticCall","spec":"[Int]","payable":"","modifiers":"","line":2174},{"type":"func","name":"functionStaticCall","spec":"[Int]","payable":"","modifiers":"","line":2184},{"type":"func","name":"functionDelegateCall","spec":"[Int]","payable":"","modifiers":"","line":2199},{"type":"func","name":"functionDelegateCall","spec":"[Int]","payable":"","modifiers":"","line":2209},{"type":"func","name":"verifyCallResultFromTarget","spec":"[Int]","payable":"","modifiers":"","line":2224},{"type":"func","name":"verifyCallResult","spec":"[Int]","payable":"","modifiers":"","line":2248},{"type":"func","name":"_revert","spec":"[Prv]","payable":"","modifiers":"","line":2260}]},{"type":"contract","name":"SafeERC20","bases":"","specs":"[Lib]","line":2291,"functions":[{"type":"func","name":"safeTransfer","spec":"[Int]","payable":"","modifiers":"","line":2298},{"type":"func","name":"safeTransferFrom","spec":"[Int]","payable":"","modifiers":"","line":2306},{"type":"func","name":"safeIncreaseAllowance","spec":"[Int]","payable":"","modifiers":"","line":2322},{"type":"func","name":"safeDecreaseAllowance","spec":"[Int]","payable":"","modifiers":"","line":2335},{"type":"func","name":"forceApprove","spec":"[Int]","payable":"","modifiers":"","line":2354},{"type":"func","name":"safePermit","spec":"[Int]","payable":"","modifiers":"","line":2367},{"type":"func","name":"_callOptionalReturn","spec":"[Prv]","payable":"","modifiers":"","line":2391},{"type":"func","name":"_callOptionalReturnBool","spec":"[Prv]","payable":"","modifiers":"","line":2410}]},{"type":"contract","name":"IERCBurn","bases":"","specs":"[Int]","line":2432,"functions":[{"type":"func","name":"burn","spec":"[Ext]","payable":"","modifiers":"","line":2433},{"type":"func","name":"approve","spec":"[Ext]","payable":"","modifiers":"","line":2435},{"type":"func","name":"allowance","spec":"[Ext]","payable":"","modifiers":"","line":2437},{"type":"func","name":"balanceOf","spec":"[Ext]","payable":"","modifiers":"","line":2439}]},{"type":"contract","name":"IMigrator","bases":"","specs":"[Int]","line":2442,"functions":[{"type":"func","name":"migrate","spec":"[Ext]","payable":"","modifiers":"","line":2443}]},{"type":"contract","name":"IUniswapV2Locker","bases":"","specs":"[Int]","line":2451,"functions":[{"type":"func","name":"setDev","spec":"[Ext]","payable":"","modifiers":"","line":2478},{"type":"func","name":"setMigrator","spec":"[Ext]","payable":"","modifiers":"","line":2483},{"type":"func","name":"setSecondaryFeeToken","spec":"[Ext]","payable":"","modifiers":"","line":2485},{"type":"func","name":"setReferralTokenAndHold","spec":"[Ext]","payable":"","modifiers":"","line":2490},{"type":"func","name":"setFees","spec":"[Ext]","payable":"","modifiers":"","line":2495},{"type":"func","name":"whitelistFeeAccount","spec":"[Ext]","payable":"","modifiers":"","line":2507},{"type":"func","name":"lockLPToken","spec":"[Ext]","payable":" ($)","modifiers":"","line":2518},{"type":"func","name":"relock","spec":"[Ext]","payable":"","modifiers":"","line":2531},{"type":"func","name":"withdraw","spec":"[Ext]","payable":"","modifiers":"","line":2542},{"type":"func","name":"incrementLock","spec":"[Ext]","payable":"","modifiers":"","line":2552},{"type":"func","name":"splitLock","spec":"[Ext]","payable":" ($)","modifiers":"","line":2563},{"type":"func","name":"transferLockOwnership","spec":"[Ext]","payable":"","modifiers":"","line":2573},{"type":"func","name":"migrate","spec":"[Ext]","payable":"","modifiers":"","line":2583},{"type":"func","name":"getNumLocksForToken","spec":"[Ext]","payable":"","modifiers":"","line":2590},{"type":"func","name":"getNumLockedTokens","spec":"[Ext]","payable":"","modifiers":"","line":2594},{"type":"func","name":"getLockedTokenAtIndex","spec":"[Ext]","payable":"","modifiers":"","line":2596},{"type":"func","name":"getUserNumLockedTokens","spec":"[Ext]","payable":"","modifiers":"","line":2601},{"type":"func","name":"getUserLockedTokenAtIndex","spec":"[Ext]","payable":"","modifiers":"","line":2605},{"type":"func","name":"getUserNumLocksForToken","spec":"[Ext]","payable":"","modifiers":"","line":2610},{"type":"func","name":"getUserLockForTokenAtIndex","spec":"[Ext]","payable":"","modifiers":"","line":2615},{"type":"func","name":"getWhitelistedUsersLength","spec":"[Ext]","payable":"","modifiers":"","line":2625},{"type":"func","name":"getWhitelistedUserAtIndex","spec":"[Ext]","payable":"","modifiers":"","line":2627},{"type":"func","name":"getUserWhitelistStatus","spec":"[Ext]","payable":"","modifiers":"","line":2631}]},{"type":"contract","name":"IWETH","bases":"(IERC20)","specs":"[Int]","line":2638,"functions":[{"type":"func","name":"deposit","spec":"[Ext]","payable":" ($)","modifiers":"","line":2639},{"type":"func","name":"withdraw","spec":"[Ext]","payable":"","modifiers":"","line":2641}]},{"type":"contract","name":"ERC20ByMetadrop","bases":"(Context, IERC20ByMetadrop, Ownable2Step)","specs":"","line":2656,"functions":[{"type":"func","name":"<Constructor>","spec":"[Pub]","payable":"","modifiers":"","line":2769},{"type":"func","name":"_decodeBaseParams","spec":"[Int]","payable":"","modifiers":"","line":2854},{"type":"func","name":"_processSupplyParams","spec":"[Int]","payable":"","modifiers":"","line":2871},{"type":"func","name":"_processTaxParams","spec":"[Int]","payable":"","modifiers":"","line":2904},{"type":"func","name":"_mintBalances","spec":"[Int]","payable":"","modifiers":"","line":2945},{"type":"func","name":"_createPair","spec":"[Int]","payable":"","modifiers":"","line":2970},{"type":"func","name":"addInitialLiquidity","spec":"[Ext]","payable":" ($)","modifiers":"onlyOwnerFactoryOrPool","line":3017},{"type":"func","name":"_addInitialLiquidity","spec":"[Int]","payable":"","modifiers":"","line":3056},{"type":"func","name":"_addLiquidityToVault","spec":"[Int]","payable":"","modifiers":"","line":3112},{"type":"func","name":"_burnLiquidity","spec":"[Int]","payable":"","modifiers":"","line":3134},{"type":"func","name":"isLiquidityPool","spec":"[Pub]","payable":"","modifiers":"","line":3148},{"type":"func","name":"liquidityPools","spec":"[Ext]","payable":"","modifiers":"","line":3165},{"type":"func","name":"addLiquidityPool","spec":"[Pub]","payable":"","modifiers":"onlyOwner","line":3180},{"type":"func","name":"removeLiquidityPool","spec":"[Ext]","payable":"","modifiers":"onlyOwner","line":3201},{"type":"func","name":"isUnlimited","spec":"[Pub]","payable":"","modifiers":"","line":3217},{"type":"func","name":"unlimitedAddresses","spec":"[Ext]","payable":"","modifiers":"","line":3228},{"type":"func","name":"addUnlimited","spec":"[Ext]","payable":"","modifiers":"onlyOwner","line":3243},{"type":"func","name":"removeUnlimited","spec":"[Ext]","payable":"","modifiers":"onlyOwner","line":3256},{"type":"func","name":"isValidCaller","spec":"[Pub]","payable":"","modifiers":"","line":3270},{"type":"func","name":"validCallers","spec":"[Ext]","payable":"","modifiers":"","line":3281},{"type":"func","name":"addValidCaller","spec":"[Ext]","payable":"","modifiers":"onlyOwner","line":3296},{"type":"func","name":"removeValidCaller","spec":"[Ext]","payable":"","modifiers":"onlyOwner","line":3308},{"type":"func","name":"setProjectTaxRecipient","spec":"[Ext]","payable":"","modifiers":"onlyOwner","line":3323},{"type":"func","name":"setSwapThresholdBasisPoints","spec":"[Ext]","payable":"","modifiers":"onlyOwner","line":3337},{"type":"func","name":"setProjectTaxRates","spec":"[Ext]","payable":"","modifiers":"onlyOwner","line":3356},{"type":"func","name":"setLimits","spec":"[Ext]","payable":"","modifiers":"onlyOwner","line":3418},{"type":"func","name":"limitsEnforced","spec":"[Pub]","payable":"","modifiers":"","line":3458},{"type":"func","name":"name","spec":"[Pub]","payable":"","modifiers":"","line":3485},{"type":"func","name":"symbol","spec":"[Pub]","payable":"","modifiers":"","line":3493},{"type":"func","name":"decimals","spec":"[Pub]","payable":"","modifiers":"","line":3510},{"type":"func","name":"totalSupply","spec":"[Pub]","payable":"","modifiers":"","line":3517},{"type":"func","name":"getMetadropBuyTaxBasisPoints","spec":"[Pub]","payable":"","modifiers":"","line":3526},{"type":"func","name":"getMetadropSellTaxBasisPoints","spec":"[Pub]","payable":"","modifiers":"","line":3540},{"type":"func","name":"totalBuyTaxBasisPoints","spec":"[Pub]","payable":"","modifiers":"","line":3554},{"type":"func","name":"totalSellTaxBasisPoints","spec":"[Pub]","payable":"","modifiers":"","line":3563},{"type":"func","name":"balanceOf","spec":"[Pub]","payable":"","modifiers":"","line":3570},{"type":"func","name":"transfer","spec":"[Pub]","payable":"","modifiers":"","line":3584},{"type":"func","name":"allowance","spec":"[Pub]","payable":"","modifiers":"","line":3601},{"type":"func","name":"approve","spec":"[Pub]","payable":"","modifiers":"","line":3618},{"type":"func","name":"transferFrom","spec":"[Pub]","payable":"","modifiers":"","line":3643},{"type":"func","name":"increaseAllowance","spec":"[Pub]","payable":"","modifiers":"","line":3666},{"type":"func","name":"decreaseAllowance","spec":"[Pub]","payable":"","modifiers":"","line":3689},{"type":"func","name":"_transfer","spec":"[Int]","payable":"","modifiers":"","line":3719},{"type":"func","name":"_pretaxValidationAndLimits","spec":"[Int]","payable":"","modifiers":"","line":3756},{"type":"func","name":"_posttaxValidationAndLimits","spec":"[Int]","payable":"","modifiers":"","line":3822},{"type":"func","name":"_taxProcessing","spec":"[Int]","payable":"","modifiers":"","line":3864},{"type":"func","name":"_autoSwap","spec":"[Int]","payable":"","modifiers":"","line":3924},{"type":"func","name":"_eligibleForSwap","spec":"[Int]","payable":"","modifiers":"","line":3957},{"type":"func","name":"_swapTaxForNative","spec":"[Int]","payable":"","modifiers":"","line":3978},{"type":"func","name":"distributeTaxTokens","spec":"[Ext]","payable":"","modifiers":"","line":4145},{"type":"func","name":"withdrawETH","spec":"[Ext]","payable":"","modifiers":"onlyOwner","line":4178},{"type":"func","name":"withdrawERC20","spec":"[Ext]","payable":"","modifiers":"onlyOwner","line":4201},{"type":"func","name":"_mint","spec":"[Int]","payable":"","modifiers":"","line":4217},{"type":"func","name":"_burn","spec":"[Int]","payable":"","modifiers":"","line":4245},{"type":"func","name":"_approve","spec":"[Int]","payable":"","modifiers":"","line":4281},{"type":"func","name":"_spendAllowance","spec":"[Int]","payable":"","modifiers":"","line":4306},{"type":"func","name":"burn","spec":"[Pub]","payable":"","modifiers":"","line":4328},{"type":"func","name":"burnFrom","spec":"[Pub]","payable":"","modifiers":"","line":4343},{"type":"func","name":"_beforeTokenTransfer","spec":"[Int]","payable":"","modifiers":"","line":4362},{"type":"func","name":"_afterTokenTransfer","spec":"[Int]","payable":"","modifiers":"","line":4382},{"type":"func","name":"<Receive Ether>","spec":"[Ext]","payable":" ($)","modifiers":"","line":4388}]}]