[
    {
        "title": "Ownership Takeover",
        "severity": "LOW",
        "mitigation": "The '_transfer' function uses the expression '_allowances[sender][_msgSender()] - amount' without checking if '_allowances[sender][_msgSender()]' is greater than 'amount' which could lead to an integer underflow if 'amount' is larger than the allowance. This could be exploited by an attacker to allow for large, unauthorized transfers."
    },
    {
        "title": "Reentrancy on token transfer",
        "severity": "LOW",
        "mitigation": "The '_transfer' function is vulnerable to reentrancy attacks because it makes an external call to 'uniswapV2Router.swapExactTokensForETHSupportingFeeOnTransferTokens' before setting 'inSwapAndLiquify' back to 0. An attacker can take advantage of the reentrancy in the external call to re-enter the contract before 'inSwapAndLiquify' is set to 0, potentially enabling the attacker to drain contract funds or manipulate contract state."
    }
]