{"data":{"tokens":[{"address":"0x8dbd1331b1de57835b24657ed21d0691e2e7362a","decimals":18,"id":"0x8dbd1331b1de57835b24657ed21d0691e2e7362a:1","name":"SentimentAI","networkId":1,"symbol":"SENT","imageLargeUrl":null,"imageSmallUrl":null,"imageThumbUrl":null,"explorerData":{"id":"0x8dbd1331b1de57835b24657ed21d0691e2e7362a:1","blueCheckmark":true,"description":"","divisor":"18","tokenPriceUSD":"0.000000000000000000","tokenType":"ERC20","__typename":"ExplorerTokenData"},"info":{"address":"0x8dbd1331b1de57835b24657ed21d0691e2e7362a","circulatingSupply":null,"id":"0x8dbd1331b1de57835b24657ed21d0691e2e7362a:1","imageLargeUrl":null,"imageSmallUrl":null,"imageThumbUrl":null,"isScam":null,"name":"SentimentAI","networkId":1,"symbol":"SENT","totalSupply":"1000000000","__typename":"TokenInfo"},"socialLinks":{"bitcointalk":"","blog":"","coingecko":null,"coinmarketcap":null,"discord":"","email":"","facebook":"","github":"","instagram":null,"linkedin":"","reddit":"","slack":"","telegram":"","twitch":null,"twitter":"","website":"","wechat":"","whitepaper":"","youtube":null,"__typename":"SocialLinks"},"__typename":"EnhancedToken"}]}}