{"text":"The audit of SentimentAI (SENT), has been conducted and the results are noteworthy. The tokens have specific tax rates in place for both selling and buying activities, set at 5% which is slightly higher than average. Despite the higher tax rates, there are no signs of it being a honeypot, a common deception in the crypto space, which is encouraging.\n\nMoreover, the token has implemented anti-whale measures, which are designed to prevent any individual or entity from owning a large portion of the circulating supply, enabling a fairer distribution of tokens. Additionally, the non-mintable nature of SENT also ensures token scarcity, preserving its value over time. There is also no blacklisting present, which is reassuring as it allows unrestricted trading. \n\nThe SentimentAI token is listed in a decentralized exchange (dex), a standard practice in this space. Despite being less than a year old, the token's adoption rate appears relatively low with fewer than 1000 holders. Nonetheless, the token has more than four liquidity providers, a positive indication of the token's liquidity and stability. \n\nFrom a security perspective, no high severity issues have been identified in the audit, an excellent testimony to the security of the code base. However, two medium severity issues have been highlighted, suggesting areas where the token could strengthen its security and reputation. These findings underscore the need for ongoing attention to enhance both the safety and dependability of SENT. \n\nIn conclusion, while the SentimentAI token audit has revealed several positive aspects such as the implementation of anti-whale measures and no high severity security issues, further development is needed to address the medium severity issues and to boost adoption among buyers. It is advised for potential buyers to tread with caution and for the developers to focus on these improvements moving forward.","table":{"token_name":"SentimentAI","token_symbol":"SENT","is_honeypot":"0","blacklisted":"0","external_functions":14,"internal_functions":2,"private_functions":2,"view_functions":6,"pure_functions":0,"payable_functions":0,"total_functions":33,"number_of_medium_severity_issues":2,"number_of_high_severity_issues":0,"number_of_low_severity_issues":0,"is_antiwhale":"1","buy_tax":"0.05","holder_count":"471","is_mintable":"0","is_in_dex":"1","is_open_source":"1","lp_holder_count":"4","total_supply":"1000000000","sell_tax":"0.05"}}