[{"type":"contract","name":"Context","bases":"","specs":"","line":13,"functions":[{"type":"func","name":"_msgSender","spec":"[Int]","payable":"","modifiers":"","line":14}]},{"type":"contract","name":"IERC20","bases":"","specs":"[Int]","line":19,"functions":[{"type":"func","name":"totalSupply","spec":"[Ext]","payable":"","modifiers":"","line":20},{"type":"func","name":"balanceOf","spec":"[Ext]","payable":"","modifiers":"","line":22},{"type":"func","name":"transfer","spec":"[Ext]","payable":"","modifiers":"","line":24},{"type":"func","name":"allowance","spec":"[Ext]","payable":"","modifiers":"","line":28},{"type":"func","name":"approve","spec":"[Ext]","payable":"","modifiers":"","line":33},{"type":"func","name":"transferFrom","spec":"[Ext]","payable":"","modifiers":"","line":35}]},{"type":"contract","name":"Ownable","bases":"(Context)","specs":"","line":49,"functions":[{"type":"func","name":"<Constructor>","spec":"[Pub]","payable":"","modifiers":"","line":57},{"type":"func","name":"owner","spec":"[Pub]","payable":"","modifiers":"","line":63},{"type":"func","name":"transferOwnership","spec":"[Pub]","payable":"","modifiers":"onlyOwner","line":72},{"type":"func","name":"_transferOwnership","spec":"[Int]","payable":"","modifiers":"","line":76},{"type":"func","name":"renounceOwnership","spec":"[Pub]","payable":"","modifiers":"onlyOwner","line":85}]},{"type":"contract","name":"IUniswapV2Factory","bases":"","specs":"[Int]","line":91,"functions":[{"type":"func","name":"createPair","spec":"[Ext]","payable":"","modifiers":"","line":92}]},{"type":"contract","name":"IUniswapV2Router02","bases":"","specs":"[Int]","line":97,"functions":[{"type":"func","name":"swapExactTokensForETHSupportingFeeOnTransferTokens","spec":"[Ext]","payable":"","modifiers":"","line":98},{"type":"func","name":"factory","spec":"[Ext]","payable":"","modifiers":"","line":106},{"type":"func","name":"WETH","spec":"[Ext]","payable":"","modifiers":"","line":108}]},{"type":"contract","name":"SentimentAI","bases":"(Context, IERC20, Ownable)","specs":"","line":111,"functions":[{"type":"func","name":"<Constructor>","spec":"[Pub]","payable":"","modifiers":"","line":138},{"type":"func","name":"name","spec":"[Pub]","payable":"","modifiers":"","line":165},{"type":"func","name":"symbol","spec":"[Pub]","payable":"","modifiers":"","line":169},{"type":"func","name":"decimals","spec":"[Pub]","payable":"","modifiers":"","line":173},{"type":"func","name":"totalSupply","spec":"[Pub]","payable":"","modifiers":"","line":177},{"type":"func","name":"balanceOf","spec":"[Pub]","payable":"","modifiers":"","line":181},{"type":"func","name":"transfer","spec":"[Pub]","payable":"","modifiers":"","line":185},{"type":"func","name":"allowance","spec":"[Pub]","payable":"","modifiers":"","line":194},{"type":"func","name":"approve","spec":"[Pub]","payable":"","modifiers":"","line":203},{"type":"func","name":"transferFrom","spec":"[Pub]","payable":"","modifiers":"","line":212},{"type":"func","name":"_approve","spec":"[Prv]","payable":"","modifiers":"","line":226},{"type":"func","name":"openTrading","spec":"[Ext]","payable":"","modifiers":"onlyOwner","line":237},{"type":"func","name":"addExcludedWallet","spec":"[Ext]","payable":"","modifiers":"onlyOwner","line":242},{"type":"func","name":"removeLimits","spec":"[Ext]","payable":"","modifiers":"onlyOwner","line":246},{"type":"func","name":"changeTax","spec":"[Ext]","payable":"","modifiers":"onlyOwner","line":250},{"type":"func","name":"_transfer","spec":"[Prv]","payable":"","modifiers":"","line":255},{"type":"func","name":"<Receive Ether>","spec":"[Ext]","payable":" ($)","modifiers":"","line":329}]}]