{"nodes":[{"id":"IERC20"},{"id":"Context"},{"id":"ERC20"},{"id":"ERC20Capped"},{"id":"IERC165"},{"id":"ERC165"},{"id":"IAccessControl"},{"id":"AccessControl"},{"id":"IMXToken"}],"links":[{"source":"IERC20","target":"ERC20"},{"source":"Context","target":"ERC20"},{"source":"ERC20","target":"ERC20Capped"},{"source":"IERC20","target":"ERC20Capped"},{"source":"Context","target":"ERC20Capped"},{"source":"IERC165","target":"ERC165"},{"source":"ERC165","target":"AccessControl"},{"source":"IERC165","target":"AccessControl"},{"source":"IAccessControl","target":"AccessControl"},{"source":"Context","target":"AccessControl"},{"source":"AccessControl","target":"IMXToken"},{"source":"ERC165","target":"IMXToken"},{"source":"IERC165","target":"IMXToken"},{"source":"IAccessControl","target":"IMXToken"},{"source":"ERC20Capped","target":"IMXToken"},{"source":"ERC20","target":"IMXToken"},{"source":"IERC20","target":"IMXToken"},{"source":"Context","target":"IMXToken"}]}