[{"title":"Owner can change the flow of refinery at any time","severity":"MEDIUM","mitigation":"Add a delay, similar to how the staking rewards refactoring is implemented:\n    ...\n    function updateRefinery(address _ths, address _refinery) external onlyOwner whenNotPaused {\n        ...\n        uint256 upcomingThsRefineryDelay = RefineryStorages()...;\n        RefineryStorages().set_delayed_upcoming_ths_refinery(increaseDelayedUntil(upcThs, upcomingThsRefineryDelay), ...);\n        RefineryStorages().set_pending_upcoming_ths_refinery(_ths, _refinery);\n    }\n    ...\n    function applyDelayedTHSRefinery() public whenNotPaused {\n      (address unimpaired_ths,   \n        uint256 delayedUntil) = RefineryStorages().find_delayed_unimpaired_ths_refinery();\n      require(delayedUntil != 0 && delayedUntil <= block.timestamp, \"THS Refinery Delay not completed\");\n      ..."},{"title":"Substantial breach of user privacy resulting in the coin becoming less user friendly","severity":"HIGH","mitigation":"Cache data client side for a certain time, do a lengthconstntime comparision and then call the contract. Tricking the cache can still be possibly done in theory, but only on the users device. It would make things SIGNIFICANTLY harder to pull of. Then user can control his privacy based on where he feels like he wants to interact with the cached data.\n\nMain conclusion however should be that the cache should be transient and destroyed at user's command, but extended while the user navigates whatever platform the coin resides."}]