{"reportContents":"# Function Description Report\n\n## Files Description Table\n\n\n|  File Name  |  SHA-1 Hash  |\n|-------------|--------------|\n\n\n## Contracts Description Table\n\n\n|  Contract  |         Type        |       Bases      |                  |                 |\n|:----------:|:-------------------:|:----------------:|:----------------:|:---------------:|\n|     └      |  **Function Name**  |  **Visibility**  |  **Mutability**  |  **Modifiers**  |\n||||||\n| **IERC20** | Interface |  |||\n| └ | totalSupply | External ❗️ |   |NO❗️ |\n| └ | balanceOf | External ❗️ |   |NO❗️ |\n| └ | transfer | External ❗️ | 🛑  |NO❗️ |\n| └ | allowance | External ❗️ |   |NO❗️ |\n| └ | approve | External ❗️ | 🛑  |NO❗️ |\n| └ | transferFrom | External ❗️ | 🛑  |NO❗️ |\n||||||\n| **Context** | Implementation |  |||\n| └ | _msgSender | Internal 🔒 |   | |\n| └ | _msgData | Internal 🔒 |   | |\n||||||\n| **ERC20** | Implementation | Context, IERC20 |||\n| └ | <Constructor> | Public ❗️ | 🛑  |NO❗️ |\n| └ | name | Public ❗️ |   |NO❗️ |\n| └ | symbol | Public ❗️ |   |NO❗️ |\n| └ | decimals | Public ❗️ |   |NO❗️ |\n| └ | totalSupply | Public ❗️ |   |NO❗️ |\n| └ | balanceOf | Public ❗️ |   |NO❗️ |\n| └ | transfer | Public ❗️ | 🛑  |NO❗️ |\n| └ | allowance | Public ❗️ |   |NO❗️ |\n| └ | approve | Public ❗️ | 🛑  |NO❗️ |\n| └ | transferFrom | Public ❗️ | 🛑  |NO❗️ |\n| └ | increaseAllowance | Public ❗️ | 🛑  |NO❗️ |\n| └ | decreaseAllowance | Public ❗️ | 🛑  |NO❗️ |\n| └ | _transfer | Internal 🔒 | 🛑  | |\n| └ | _mint | Internal 🔒 | 🛑  | |\n| └ | _burn | Internal 🔒 | 🛑  | |\n| └ | _approve | Internal 🔒 | 🛑  | |\n| └ | _beforeTokenTransfer | Internal 🔒 | 🛑  | |\n||||||\n| **ERC20Capped** | Implementation | ERC20 |||\n| └ | <Constructor> | Public ❗️ | 🛑  |NO❗️ |\n| └ | cap | Public ❗️ |   |NO❗️ |\n| └ | _mint | Internal 🔒 | 🛑  | |\n||||||\n| **IERC165** | Interface |  |||\n| └ | supportsInterface | External ❗️ |   |NO❗️ |\n||||||\n| **ERC165** | Implementation | IERC165 |||\n| └ | supportsInterface | Public ❗️ |   |NO❗️ |\n||||||\n| **IAccessControl** | Interface |  |||\n| └ | hasRole | External ❗️ |   |NO❗️ |\n| └ | getRoleAdmin | External ❗️ |   |NO❗️ |\n| └ | grantRole | External ❗️ | 🛑  |NO❗️ |\n| └ | revokeRole | External ❗️ | 🛑  |NO❗️ |\n| └ | renounceRole | External ❗️ | 🛑  |NO❗️ |\n||||||\n| **AccessControl** | Implementation | Context, IAccessControl, ERC165 |||\n| └ | supportsInterface | Public ❗️ |   |NO❗️ |\n| └ | hasRole | Public ❗️ |   |NO❗️ |\n| └ | getRoleAdmin | Public ❗️ |   |NO❗️ |\n| └ | grantRole | Public ❗️ | 🛑  |NO❗️ |\n| └ | revokeRole | Public ❗️ | 🛑  |NO❗️ |\n| └ | renounceRole | Public ❗️ | 🛑  |NO❗️ |\n| └ | _setupRole | Internal 🔒 | 🛑  | |\n| └ | _setRoleAdmin | Internal 🔒 | 🛑  | |\n| └ | _grantRole | Private 🔐 | 🛑  | |\n| └ | _revokeRole | Private 🔐 | 🛑  | |\n||||||\n| **IMXToken** | Implementation | ERC20Capped, AccessControl |||\n| └ | <Constructor> | Public ❗️ | 🛑  | ERC20 ERC20Capped |\n| └ | mint | External ❗️ | 🛑  | checkRole |\n\n\n## Legend\n\n|  Symbol  |  Meaning  |\n|:--------:|-----------|\n|    🛑    | Function can modify state |\n|    💵    | Function is payable |\n","tableRows":[{"type":"contract","name":"IERC20","spec":"Interface","mutating":null,"payable":null},{"type":"func","name":"totalSupply","spec":"External ❗️","mutating":"","payable":""},{"type":"func","name":"balanceOf","spec":"External ❗️","mutating":"","payable":""},{"type":"func","name":"transfer","spec":"External ❗️","mutating":"🛑","payable":""},{"type":"func","name":"allowance","spec":"External ❗️","mutating":"","payable":""},{"type":"func","name":"approve","spec":"External ❗️","mutating":"🛑","payable":""},{"type":"func","name":"transferFrom","spec":"External ❗️","mutating":"🛑","payable":""},{"type":"contract","name":"Context","spec":"Implementation","mutating":null,"payable":null},{"type":"func","name":"_msgSender","spec":"Internal 🔒","mutating":"","payable":""},{"type":"func","name":"_msgData","spec":"Internal 🔒","mutating":"","payable":""},{"type":"contract","name":"ERC20","spec":"Implementation","mutating":null,"payable":null},{"type":"func","name":"<Constructor>","spec":"Public ❗️","mutating":"🛑","payable":""},{"type":"func","name":"name","spec":"Public ❗️","mutating":"","payable":""},{"type":"func","name":"symbol","spec":"Public ❗️","mutating":"","payable":""},{"type":"func","name":"decimals","spec":"Public ❗️","mutating":"","payable":""},{"type":"func","name":"totalSupply","spec":"Public ❗️","mutating":"","payable":""},{"type":"func","name":"balanceOf","spec":"Public ❗️","mutating":"","payable":""},{"type":"func","name":"transfer","spec":"Public ❗️","mutating":"🛑","payable":""},{"type":"func","name":"allowance","spec":"Public ❗️","mutating":"","payable":""},{"type":"func","name":"approve","spec":"Public ❗️","mutating":"🛑","payable":""},{"type":"func","name":"transferFrom","spec":"Public ❗️","mutating":"🛑","payable":""},{"type":"func","name":"increaseAllowance","spec":"Public ❗️","mutating":"🛑","payable":""},{"type":"func","name":"decreaseAllowance","spec":"Public ❗️","mutating":"🛑","payable":""},{"type":"func","name":"_transfer","spec":"Internal 🔒","mutating":"🛑","payable":""},{"type":"func","name":"_mint","spec":"Internal 🔒","mutating":"🛑","payable":""},{"type":"func","name":"_burn","spec":"Internal 🔒","mutating":"🛑","payable":""},{"type":"func","name":"_approve","spec":"Internal 🔒","mutating":"🛑","payable":""},{"type":"func","name":"_beforeTokenTransfer","spec":"Internal 🔒","mutating":"🛑","payable":""},{"type":"contract","name":"ERC20Capped","spec":"Implementation","mutating":null,"payable":null},{"type":"func","name":"<Constructor>","spec":"Public ❗️","mutating":"🛑","payable":""},{"type":"func","name":"cap","spec":"Public ❗️","mutating":"","payable":""},{"type":"func","name":"_mint","spec":"Internal 🔒","mutating":"🛑","payable":""},{"type":"contract","name":"IERC165","spec":"Interface","mutating":null,"payable":null},{"type":"func","name":"supportsInterface","spec":"External ❗️","mutating":"","payable":""},{"type":"contract","name":"ERC165","spec":"Implementation","mutating":null,"payable":null},{"type":"func","name":"supportsInterface","spec":"Public ❗️","mutating":"","payable":""},{"type":"contract","name":"IAccessControl","spec":"Interface","mutating":null,"payable":null},{"type":"func","name":"hasRole","spec":"External ❗️","mutating":"","payable":""},{"type":"func","name":"getRoleAdmin","spec":"External ❗️","mutating":"","payable":""},{"type":"func","name":"grantRole","spec":"External ❗️","mutating":"🛑","payable":""},{"type":"func","name":"revokeRole","spec":"External ❗️","mutating":"🛑","payable":""},{"type":"func","name":"renounceRole","spec":"External ❗️","mutating":"🛑","payable":""},{"type":"contract","name":"AccessControl","spec":"Implementation","mutating":null,"payable":null},{"type":"func","name":"supportsInterface","spec":"Public ❗️","mutating":"","payable":""},{"type":"func","name":"hasRole","spec":"Public ❗️","mutating":"","payable":""},{"type":"func","name":"getRoleAdmin","spec":"Public ❗️","mutating":"","payable":""},{"type":"func","name":"grantRole","spec":"Public ❗️","mutating":"🛑","payable":""},{"type":"func","name":"revokeRole","spec":"Public ❗️","mutating":"🛑","payable":""},{"type":"func","name":"renounceRole","spec":"Public ❗️","mutating":"🛑","payable":""},{"type":"func","name":"_setupRole","spec":"Internal 🔒","mutating":"🛑","payable":""},{"type":"func","name":"_setRoleAdmin","spec":"Internal 🔒","mutating":"🛑","payable":""},{"type":"func","name":"_grantRole","spec":"Private 🔐","mutating":"🛑","payable":""},{"type":"func","name":"_revokeRole","spec":"Private 🔐","mutating":"🛑","payable":""},{"type":"contract","name":"IMXToken","spec":"Implementation","mutating":null,"payable":null},{"type":"func","name":"<Constructor>","spec":"Public ❗️","mutating":"🛑","payable":""},{"type":"func","name":"mint","spec":"External ❗️","mutating":"🛑","payable":""}]}