{"data":{"tokens":[{"address":"0xf57e7e7c23978c3caec3c3548e3d615c346e79ff","decimals":18,"id":"0xf57e7e7c23978c3caec3c3548e3d615c346e79ff:1","name":"Immutable X","networkId":1,"symbol":"IMX","imageLargeUrl":"https://token-media.defined.fi/1_0xf57e7e7c23978c3caec3c3548e3d615c346e79ff_large.png","imageSmallUrl":"https://token-media.defined.fi/1_0xf57e7e7c23978c3caec3c3548e3d615c346e79ff_small.png","imageThumbUrl":"https://token-media.defined.fi/1_0xf57e7e7c23978c3caec3c3548e3d615c346e79ff_thumb.png","explorerData":{"id":"0xf57e7e7c23978c3caec3c3548e3d615c346e79ff:1","blueCheckmark":true,"description":"Immutable X is the first layer-2 scaling solution for NFTs on Ethereum, with instant trade confirmation, massive scalability (up to 9,000+ trades per second) and zero gas fees.","divisor":"18","tokenPriceUSD":"2.040000000000000000","tokenType":"ERC20","__typename":"ExplorerTokenData"},"info":{"address":"0xf57e7e7c23978c3caec3c3548e3d615c346e79ff","circulatingSupply":"1288194242","id":"0xf57e7e7c23978c3caec3c3548e3d615c346e79ff:1","imageLargeUrl":"https://token-media.defined.fi/1_0xf57e7e7c23978c3caec3c3548e3d615c346e79ff_large.png","imageSmallUrl":"https://token-media.defined.fi/1_0xf57e7e7c23978c3caec3c3548e3d615c346e79ff_small.png","imageThumbUrl":"https://token-media.defined.fi/1_0xf57e7e7c23978c3caec3c3548e3d615c346e79ff_thumb.png","isScam":null,"name":"Immutable X","networkId":1,"symbol":"IMX","totalSupply":"2000000000","__typename":"TokenInfo"},"socialLinks":{"bitcointalk":"","blog":"","coingecko":null,"coinmarketcap":null,"discord":"https://discord.com/invite/6GjgPkp464","email":"partnerships@immutable.com","facebook":"","github":"","instagram":null,"linkedin":"","reddit":"https://www.reddit.com/r/ImmutableX/","slack":"","telegram":"https://t.me/immutablex","twitch":null,"twitter":"https://twitter.com/Immutable","website":"https://www.immutable.com/","wechat":"","whitepaper":"","youtube":null,"__typename":"SocialLinks"},"__typename":"EnhancedToken"}]}}