{"time":1702565090390,"data":{"code":1,"message":"OK","result":{"0xf57e7e7c23978c3caec3c3548e3d615c346e79ff":{"anti_whale_modifiable":"0","buy_tax":"0","can_take_back_ownership":"0","cannot_buy":"0","cannot_sell_all":"0","creator_address":"0xe9df50db94a4c0b75d0df9a768a37a935c201d05","creator_balance":"0","creator_percent":"0.000000","dex":[{"liquidity_type":"UniV3","name":"UniswapV3","liquidity":"1844407.02297988","pair":"0xfd76be67fff3bac84e3d5444167bbc018f5968b6"},{"liquidity_type":"UniV3","name":"UniswapV3","liquidity":"1275219.57118304","pair":"0x81fbbc40cf075fd7de6afce1bc72eda1bb0e13aa"},{"liquidity_type":"UniV2","name":"SushiSwapV2","liquidity":"212161.30475142","pair":"0x18cd890f4e23422dc4aa8c2d6e0bd3f3bd8873d8"},{"liquidity_type":"UniV2","name":"UniswapV2","liquidity":"4609.67297353","pair":"0x0149ebe930260ccfdaaa8e3081b4c39446b6f491"},{"liquidity_type":"UniV2","name":"SushiSwapV2","liquidity":"339.18512493","pair":"0xc3b20f2e68ef73596b16407c1f5d0ffa5857dcec"},{"liquidity_type":"UniV2","name":"UniswapV2","liquidity":"1.04766681","pair":"0x11b341e478cc5a8739a555d822503a79f05bc2c7"},{"liquidity_type":"UniV2","name":"SushiSwapV2","liquidity":"0.59640056","pair":"0x5bbf1527a287af6c285e8b852a7552e14edf5ff5"},{"liquidity_type":"UniV3","name":"UniswapV3","liquidity":"0.00000200","pair":"0xd9e87e4bb08a791dbc9df4f7e86865eb3553e3c9"}],"external_call":"0","hidden_owner":"0","holder_count":"64892","holders":[{"address":"0x971f723194796dbf04dcfe361ed584cae9bf94a0","tag":"","is_contract":1,"balance":"641686435.24","percent":"0.320843217620000000","is_locked":0},{"address":"0x9ccc2cfc1da5c2623b9ad74dcf01765eae273539","tag":"","is_contract":1,"balance":"365384613.82","percent":"0.182692306910000000","is_locked":0},{"address":"0x237343c10705ae7605850977503e25a8c12851e6","tag":"","is_contract":1,"balance":"346421143.689975847003072","percent":"0.173210571844987923","is_locked":0},{"address":"0x5fdcca53617f4d2b9134b29090c87d01058e27e9","tag":"","is_contract":1,"balance":"107669247.075783621040204962","percent":"0.053834623537891810","is_locked":0},{"address":"0xf977814e90da44bfa03b6295a0616a897441acec","tag":"","is_contract":0,"balance":"49129003.721","percent":"0.024564501860500000","is_locked":0},{"address":"0xe911729d2b1172127ea765b8de12ae02dfcd4c2e","tag":"","is_contract":1,"balance":"45473269","percent":"0.022736634500000000","is_locked":0},{"address":"0x9ac254faaca6e215252430ed5ae14fe1fb2004ac","tag":"","is_contract":1,"balance":"40500000","percent":"0.020250000000000000","is_locked":0},{"address":"0x5e3960a149ddac4baf95bafa4792d54c6ec000de","tag":"","is_contract":1,"balance":"35490084.549107998","percent":"0.017745042274553999","is_locked":0},{"address":"0xe806f01f1ab602c26cc28e75164893359c04b38a","tag":"","is_contract":0,"balance":"19031003.32","percent":"0.009515501660000000","is_locked":0},{"address":"0x6cc5f688a315f3dc28a7781717a9a798a59fda7b","tag":"","is_contract":0,"balance":"16930519.327778614079709449","percent":"0.008465259663889307","is_locked":0}],"honeypot_with_same_creator":"0","is_anti_whale":"0","is_blacklisted":"0","is_honeypot":"0","is_in_dex":"1","is_mintable":"1","is_open_source":"1","is_proxy":"0","is_whitelisted":"0","lp_holder_count":"5","lp_holders":[{"address":"0x4cbcc1eea72acf134cf4b78383cfd3f1c9971153","tag":"","value":"10240.22332985109293656116","is_contract":0,"balance":"1010.53171506572162021","percent":"0.814929801272968745","NFT_list":[{"value":"10240.22332985109293656116","NFT_id":"153131","amount":"1010.53171506572162021","in_effect":"0","NFT_percentage":"0.814929801272968745"}],"is_locked":0},{"address":"0x3a9cdded1f2121dfcb3db2fd43e55e4700f9fd93","tag":"","value":"2384.69325156786898589112","is_contract":0,"balance":"128.068030129895984448","percent":"0.103278751955240773","NFT_list":[{"value":"2384.69325156786898589112","NFT_id":"150159","amount":"128.068030129895984448","in_effect":"0","NFT_percentage":"0.103278751955240773"}],"is_locked":0},{"address":"0x0376423e93006e4d802bc9c42e1356acaedeb2c2","tag":"","value":"1709.10225839591974878138","is_contract":0,"balance":"78.852919829039058117","percent":"0.063589883749361499","NFT_list":[{"value":"1709.10225839591974878138","NFT_id":"152186","amount":"78.852919829039058117","in_effect":"0","NFT_percentage":"0.063589883749361499"}],"is_locked":0},{"address":"0xd39ecf02f161fb9eec13ceeb21ec3c7e18031206","tag":"","value":"294.59564095832268490458","is_contract":0,"balance":"15.821021591595145546","percent":"0.012758651499359879","NFT_list":[{"value":"294.59564095832268490458","NFT_id":"149763","amount":"15.821021591595145546","in_effect":"0","NFT_percentage":"0.012758651499359879"}],"is_locked":0},{"address":"0x139ccd0685c201ca98b84c139ab7e7d0143ae436","tag":"","value":"68.39439357081267254808","is_contract":0,"balance":"6.749335596472613119","percent":"0.005442911523069104","NFT_list":[{"value":"68.39439357081267254808","NFT_id":"153420","amount":"6.749335596472613119","in_effect":"0","NFT_percentage":"0.005442911523069104"}],"is_locked":0}],"lp_total_supply":"1240.023022212724421440","owner_address":"","owner_balance":"0","owner_change_balance":"0","owner_percent":"0","personal_slippage_modifiable":"0","selfdestruct":"0","sell_tax":"0.0001","slippage_modifiable":"0","token_name":"Immutable X","token_symbol":"IMX","total_supply":"2000000000","trading_cooldown":"0","transfer_pausable":"0"}}}}