{"text":"The audit report outlines Immutable X token, designated by IMX, as apart from honeypot and blacklist risks, lending it creditworthiness. Exhibiting a diverse distribution of external, internal, private, and view functions, there are some high & medium-severity issues, warranting attention. Immutability is slightly tarnished with a lack of antiwhale measures which poses an investor risk. An exceptionally low sell tax amplified by the absence of a buy tax, improves attractiveness for holders and bolsters market liquidity. Its widespread adoption is demonstrated by a substantial holder count. However, the LP holder count is less than desirable, suggesting concentration of liquidity ownership. Notably, IMX being mintable could pose dilution risks, but its presence on a Dex and its open-source attribute enhance transparency, making the token more trustworthy. High total supply may potentially dampen the asset's value over time. Conclusively, IMX shows potential with certain risk elements demanding careful evaluation before investment.","table":{"token_name":"Immutable X","token_symbol":"IMX","is_honeypot":"0","blacklisted":"0","external_functions":22,"internal_functions":10,"private_functions":2,"view_functions":12,"pure_functions":0,"payable_functions":0,"total_functions":47,"number_of_medium_severity_issues":1,"number_of_high_severity_issues":1,"number_of_low_severity_issues":0,"is_antiwhale":"0","buy_tax":"0","holder_count":"64892","is_mintable":"1","is_in_dex":"1","is_open_source":"1","lp_holder_count":"5","total_supply":"2000000000","sell_tax":"0.0001"}}