[{"type":"contract","name":"IERC20","bases":"","specs":"[Int]","line":10,"functions":[{"type":"func","name":"totalSupply","spec":"[Ext]","payable":"","modifiers":"","line":14},{"type":"func","name":"balanceOf","spec":"[Ext]","payable":"","modifiers":"","line":19},{"type":"func","name":"transfer","spec":"[Ext]","payable":"","modifiers":"","line":28},{"type":"func","name":"allowance","spec":"[Ext]","payable":"","modifiers":"","line":37},{"type":"func","name":"approve","spec":"[Ext]","payable":"","modifiers":"","line":53},{"type":"func","name":"transferFrom","spec":"[Ext]","payable":"","modifiers":"","line":64}]},{"type":"contract","name":"Context","bases":"","specs":"","line":97,"functions":[{"type":"func","name":"_msgSender","spec":"[Int]","payable":"","modifiers":"","line":98},{"type":"func","name":"_msgData","spec":"[Int]","payable":"","modifiers":"","line":102}]},{"type":"contract","name":"ERC20","bases":"(Context, IERC20)","specs":"","line":140,"functions":[{"type":"func","name":"<Constructor>","spec":"[Pub]","payable":"","modifiers":"","line":159},{"type":"func","name":"name","spec":"[Pub]","payable":"","modifiers":"","line":167},{"type":"func","name":"symbol","spec":"[Pub]","payable":"","modifiers":"","line":175},{"type":"func","name":"decimals","spec":"[Pub]","payable":"","modifiers":"","line":192},{"type":"func","name":"totalSupply","spec":"[Pub]","payable":"","modifiers":"","line":199},{"type":"func","name":"balanceOf","spec":"[Pub]","payable":"","modifiers":"","line":206},{"type":"func","name":"transfer","spec":"[Pub]","payable":"","modifiers":"","line":218},{"type":"func","name":"allowance","spec":"[Pub]","payable":"","modifiers":"","line":226},{"type":"func","name":"approve","spec":"[Pub]","payable":"","modifiers":"","line":237},{"type":"func","name":"transferFrom","spec":"[Pub]","payable":"","modifiers":"","line":255},{"type":"func","name":"increaseAllowance","spec":"[Pub]","payable":"","modifiers":"","line":277},{"type":"func","name":"decreaseAllowance","spec":"[Pub]","payable":"","modifiers":"","line":296},{"type":"func","name":"_transfer","spec":"[Int]","payable":"","modifiers":"","line":318},{"type":"func","name":"_mint","spec":"[Int]","payable":"","modifiers":"","line":341},{"type":"func","name":"_burn","spec":"[Int]","payable":"","modifiers":"","line":362},{"type":"func","name":"_approve","spec":"[Int]","payable":"","modifiers":"","line":388},{"type":"func","name":"_beforeTokenTransfer","spec":"[Int]","payable":"","modifiers":"","line":410}]},{"type":"contract","name":"ERC20Capped","bases":"(ERC20)","specs":"","line":423,"functions":[{"type":"func","name":"<Constructor>","spec":"[Pub]","payable":"","modifiers":"","line":430},{"type":"func","name":"cap","spec":"[Pub]","payable":"","modifiers":"","line":438},{"type":"func","name":"_mint","spec":"[Int]","payable":"","modifiers":"","line":445}]},{"type":"contract","name":"IERC165","bases":"","specs":"[Int]","line":466,"functions":[{"type":"func","name":"supportsInterface","spec":"[Ext]","payable":"","modifiers":"","line":475}]},{"type":"contract","name":"ERC165","bases":"(IERC165)","specs":"","line":499,"functions":[{"type":"func","name":"supportsInterface","spec":"[Pub]","payable":"","modifiers":"","line":503}]},{"type":"contract","name":"IAccessControl","bases":"","specs":"[Int]","line":519,"functions":[{"type":"func","name":"hasRole","spec":"[Ext]","payable":"","modifiers":"","line":520},{"type":"func","name":"getRoleAdmin","spec":"[Ext]","payable":"","modifiers":"","line":521},{"type":"func","name":"grantRole","spec":"[Ext]","payable":"","modifiers":"","line":522},{"type":"func","name":"revokeRole","spec":"[Ext]","payable":"","modifiers":"","line":523},{"type":"func","name":"renounceRole","spec":"[Ext]","payable":"","modifiers":"","line":524}]},{"type":"contract","name":"AccessControl","bases":"(Context, IAccessControl, ERC165)","specs":"","line":565,"functions":[{"type":"func","name":"supportsInterface","spec":"[Pub]","payable":"","modifiers":"","line":605},{"type":"func","name":"hasRole","spec":"[Pub]","payable":"","modifiers":"","line":613},{"type":"func","name":"getRoleAdmin","spec":"[Pub]","payable":"","modifiers":"","line":623},{"type":"func","name":"grantRole","spec":"[Pub]","payable":"","modifiers":"","line":637},{"type":"func","name":"revokeRole","spec":"[Pub]","payable":"","modifiers":"","line":652},{"type":"func","name":"renounceRole","spec":"[Pub]","payable":"","modifiers":"","line":672},{"type":"func","name":"_setupRole","spec":"[Int]","payable":"","modifiers":"","line":694},{"type":"func","name":"_setRoleAdmin","spec":"[Int]","payable":"","modifiers":"","line":703},{"type":"func","name":"_grantRole","spec":"[Prv]","payable":"","modifiers":"","line":708},{"type":"func","name":"_revokeRole","spec":"[Prv]","payable":"","modifiers":"","line":715}]},{"type":"contract","name":"IMXToken","bases":"(ERC20Capped, AccessControl)","specs":"","line":731,"functions":[{"type":"func","name":"<Constructor>","spec":"[Pub]","payable":"","modifiers":"ERC20,ERC20Capped","line":734},{"type":"func","name":"mint","spec":"[Ext]","payable":"","modifiers":"checkRole","line":747}]}]