{"data":{"tokens":[{"address":"0x633037bd1a3bca2c7fc931ee76c2f14e101815da","decimals":18,"id":"0x633037bd1a3bca2c7fc931ee76c2f14e101815da:1","name":"Loyalty Labs","networkId":1,"symbol":"LOYALTY","imageLargeUrl":null,"imageSmallUrl":null,"imageThumbUrl":null,"explorerData":{"id":"0x633037bd1a3bca2c7fc931ee76c2f14e101815da:1","blueCheckmark":true,"description":"","divisor":"18","tokenPriceUSD":"0.000000000000000000","tokenType":"ERC20","__typename":"ExplorerTokenData"},"info":{"address":"0x633037bd1a3bca2c7fc931ee76c2f14e101815da","circulatingSupply":null,"id":"0x633037bd1a3bca2c7fc931ee76c2f14e101815da:1","imageLargeUrl":null,"imageSmallUrl":null,"imageThumbUrl":null,"isScam":null,"name":"Loyalty Labs","networkId":1,"symbol":"LOYALTY","totalSupply":"550000000000","__typename":"TokenInfo"},"socialLinks":{"bitcointalk":"","blog":"","coingecko":null,"coinmarketcap":null,"discord":"","email":"","facebook":"","github":"","instagram":null,"linkedin":"","reddit":"","slack":"","telegram":"","twitch":null,"twitter":"","website":"","wechat":"","whitepaper":"","youtube":null,"__typename":"SocialLinks"},"__typename":"EnhancedToken"}]}}