{"time":1702712626415,"data":{"code":1,"message":"OK","result":{"0x633037bd1a3bca2c7fc931ee76c2f14e101815da":{"anti_whale_modifiable":"0","buy_tax":"0","can_take_back_ownership":"0","cannot_buy":"0","cannot_sell_all":"0","creator_address":"0x292cbb3e5133c8fabf50e981554813aa2b8c40c3","creator_balance":"13412771842.37848847833926232","creator_percent":"0.024387","dex":[{"liquidity_type":"UniV3","name":"UniswapV3","liquidity":"10.64599537","pair":"0x89226e6535ef0631a20d694a91a1a62d335bb0b9"}],"external_call":"0","hidden_owner":"1","holder_count":"155","holders":[{"address":"0xac4c21ba00a44d563cc01afb1b829cb6164b4bf9","tag":"","is_contract":0,"balance":"520485267382","percent":"0.946336849785454545","is_locked":0},{"address":"0x292cbb3e5133c8fabf50e981554813aa2b8c40c3","tag":"","is_contract":0,"balance":"13412771842.37848847833926232","percent":"0.024386857895233615","is_locked":0},{"address":"0x522148ac438a4d68110c259d04daca5b425be0e9","tag":"","is_contract":0,"balance":"2569373984.416364070475793461","percent":"0.004671589062575207","is_locked":0},{"address":"0x587e33a6a3b5e6ab7616d33549c2d3390aa9ea2d","tag":"","is_contract":0,"balance":"1756013411.454339506814373041","percent":"0.003192751657189708","is_locked":0},{"address":"0xccb14685183f872bd195cf1bb7d470751262923e","tag":"","is_contract":0,"balance":"1736971582.61885905788866577","percent":"0.003158130150216107","is_locked":0},{"address":"0x4504dfa3861ec902226278c9cb7a777a01118574","tag":"","is_contract":0,"balance":"1566540658.223846297266728181","percent":"0.002848255742225175","is_locked":0},{"address":"0x91364516d3cad16e1666261dbdbb39c881dbe9ee","tag":"","is_contract":0,"balance":"1000000000.000000001804261618","percent":"0.001818181818181818","is_locked":0},{"address":"0x408630f7f8dd26f5e64b279b199e10dbafd6236b","tag":"","is_contract":0,"balance":"1000000000","percent":"0.001818181818181818","is_locked":0},{"address":"0x3bd06b64b9ed183bac3fc40ac3333e4fa79b3b53","tag":"","is_contract":0,"balance":"903264825.62042486922022709","percent":"0.001642299682946227","is_locked":0},{"address":"0xfd634a19b73e2fbfb7942706df656ae709c4d24c","tag":"","is_contract":0,"balance":"885741672.19559258675287","percent":"0.001610439403991986","is_locked":0}],"honeypot_with_same_creator":"0","is_anti_whale":"0","is_blacklisted":"1","is_honeypot":"0","is_in_dex":"1","is_mintable":"0","is_open_source":"1","is_proxy":"0","is_whitelisted":"0","lp_holder_count":"3","lp_holders":[{"address":"0x09ac925c7520ccc5f1b6b508d104bee95a3f2c21","tag":"","value":"0.00","is_contract":0,"balance":"393.592448063982620999","percent":"0.546124974907843277","NFT_list":[{"value":"0.00","NFT_id":"518296","amount":"393.592448063982620999","in_effect":"0","NFT_percentage":"0.546124974907843277"}],"is_locked":0},{"address":"0x3ef95809372faad5a9ba905c574300eb37f503be","tag":"","value":"0.00","is_contract":0,"balance":"326.908691290489747057","percent":"0.453598644248255919","NFT_list":[{"value":"0.00","NFT_id":"526789","amount":"326.908691290489747057","in_effect":"0","NFT_percentage":"0.453598644248255919"}],"is_locked":0},{"address":"0x292cbb3e5133c8fabf50e981554813aa2b8c40c3","tag":"","value":"2.4374882019172289820","is_contract":0,"balance":"0.199187764608757016","percent":"0.000276380843900804","NFT_list":[{"value":"2.4374882019172289820","NFT_id":"514315","amount":"0.199187764608757016","in_effect":"0","NFT_percentage":"0.000276380843900804"}],"is_locked":0}],"lp_total_supply":"720.700327119081125072","owner_address":"","owner_balance":"0","owner_change_balance":"0","owner_percent":"0","personal_slippage_modifiable":"0","selfdestruct":"0","sell_tax":"0","slippage_modifiable":"0","token_name":"Loyalty Labs","token_symbol":"LOYALTY","total_supply":"550000000000","trading_cooldown":"0","transfer_pausable":"0"}}}}